lang_column,'Graphviz (DOT)',PHP,Lua,Dart,QML,LiveScript,GDScript,Smali,GDB,'OpenEdge ABL',Coq,Haxe,Clojure,JSONiq,Elm,Perl,Rouge,Max,Thrift,Rust,ASP,PLSQL,'DIGITAL Command Language',ColdFusion,Vue,Java,Go,Lex,ApacheConf,Vala,KiCad,D,Cucumber,CSS,'Pure Data',PureBasic,Myghty,SaltStack,Nu,HTML,Clarion,'Game Maker Language',C++,Alloy,Awk,PicoLisp,QMake,Eagle,Batchfile,Roff,Groff,DTrace,Terra,'GCC Machine Description',Brainfuck,SystemVerilog,Clean,'Jupyter Notebook',Fortran,Cirru,Scala,Verilog,Liquid,'Standard ML',GLSL,PostScript,HLSL,LSL,GAP,PowerShell,'Module Management System',M4,Harbour,TeX,Processing,CMake,Idris,Mako,VHDL,Lean,RenderScript,Racket,Kotlin,FreeMarker,XC,Parrot,Haskell,R,IDL,Smalltalk,Slash,Mask,nesC,Genshi,Perl6,ABAP,NetLogo,'Component Pascal',SuperCollider,MAXScript,SQLPL,Python,Ruby,SourcePawn,AspectJ,Makefile,Swift,SAS,'Vim script',OpenSCAD,ANTLR,JavaScript,Forth,F#,'Inno Setup',Bison,Gnuplot,Elixir,'Emacs Lisp',Smarty,Hy,Groovy,LLVM,Mercury,OCaml,Scheme,Objective-C++,PLpgSQL,NewLisp,MoonScript,Befunge,Nemerle,UnrealScript,AppleScript,Xtend,Fancy,C#,TypeScript,Nginx,Objective-C,Io,FLUX,NSIS,Tcl,Arduino,Rebol,UrWeb,Nix,Scilab,XQuery,PureScript,Stan,Agda,Stata,Assembly,'Protocol Buffer',Matlab,Shell,Erlang,HCL,ActionScript,COBOL,'POV-Ray SDL',Jasmin,'AGS Script',Self,PigLatin,XSLT,CLIPS,Yacc,Brightscript,C,Pascal,M,Ada,Prolog,E,XS,Logos,Bro,Nim,AutoHotkey,'Common Lisp',Julia,XML,Hack,'Visual Basic',Handlebars,'Gettext Catalog',Cuda,'Ragel in Ruby Host',Mathematica,Crystal,Cycript,CoffeeScript,Puppet,EmberScript,VimL,Eiffel,cluster
'Graphviz (DOT)',2,0,0,0,0,0,0,0,0,0,0,0,0,0,0,0,0,0,0,0,0,0,0,0,0,0,0,0,0,0,0,0,0,0,0,0,0,0,0,0,0,0,0,0,0,0,0,0,0,0,0,0,0,0,0,0,0,0,0,0,0,0,0,0,0,0,0,0,0,0,0,0,0,0,0,0,0,0,0,0,0,0,0,0,0,0,0,1,0,0,0,0,0,0,0,0,0,0,0,0,0,1,0,0,0,0,0,0,0,0,0,0,0,0,0,0,0,0,0,0,0,0,0,0,0,0,0,0,0,0,0,0,0,0,0,0,0,0,0,0,0,0,0,0,0,0,0,0,0,0,0,0,0,0,0,0,0,0,0,0,0,0,0,0,0,0,0,0,0,0,0,0,0,0,0,0,0,0,0,0,0,0,0,0,0,0,0,0,0,0,0,0,0,0,0,0,0,0,0,cluster3
PHP,0,744,9,5,0,4,0,0,1,0,0,5,7,4,4,41,0,0,1,6,7,4,2,6,2,46,18,3,55,4,1,5,5,209,0,0,0,1,1,146,3,0,42,0,1,0,1,0,33,1,12,0,0,0,1,0,0,2,2,4,12,4,4,1,4,1,1,4,1,10,1,2,0,8,1,7,0,0,4,3,0,1,1,4,0,1,10,9,0,1,0,4,0,0,4,4,0,0,0,0,1,65,42,4,0,36,7,0,0,4,0,212,4,3,1,1,1,6,6,8,1,5,1,0,8,6,3,0,1,0,0,1,0,1,1,0,22,5,6,18,4,0,2,7,0,2,0,5,0,5,0,0,0,1,15,6,6,107,9,0,11,4,1,0,0,0,1,9,0,2,0,41,7,2,4,4,0,1,1,0,0,4,7,6,0,2,9,1,0,1,1,2,0,0,13,1,0,4,4,cluster1
Lua,0,9,100,5,0,5,0,0,1,1,0,6,7,4,4,12,0,0,0,6,0,0,1,4,0,20,10,0,2,4,0,5,4,18,0,0,0,0,0,18,0,0,27,1,0,0,0,0,11,1,3,0,0,1,1,0,0,4,3,4,7,4,4,0,5,1,1,4,0,7,1,2,0,10,2,6,0,1,4,3,0,1,1,2,0,0,8,8,0,1,0,4,0,0,1,4,0,0,0,0,0,31,11,2,0,21,5,1,1,4,0,21,4,1,0,0,0,5,2,0,0,5,1,0,6,5,5,0,0,1,0,0,0,0,0,0,12,5,0,14,4,0,2,5,1,0,0,4,0,4,0,0,0,0,7,5,7,32,8,0,4,4,0,0,0,0,0,1,1,1,0,20,5,0,5,2,0,0,0,0,0,4,6,6,0,0,5,1,0,0,0,1,0,0,7,1,1,5,4,cluster2
Dart,0,5,5,20,0,4,0,0,0,0,0,5,4,4,4,4,0,0,0,6,0,0,0,4,0,6,6,0,0,4,0,4,4,8,0,0,0,0,0,8,0,0,6,0,0,0,0,0,4,0,0,0,0,0,0,0,0,0,1,4,6,4,4,0,4,0,0,4,0,4,0,0,0,4,1,0,0,0,4,3,0,0,1,2,0,0,5,4,0,0,0,4,0,0,0,4,0,0,0,0,0,6,4,0,0,6,3,0,0,4,0,7,4,0,0,0,0,4,1,0,0,4,0,0,4,4,1,0,1,0,0,0,0,0,0,0,6,6,0,5,4,0,1,4,0,0,0,4,0,4,0,0,0,0,4,5,4,7,5,0,4,4,0,0,0,0,0,0,0,0,0,1,4,0,4,0,0,0,0,0,0,4,5,4,0,0,4,1,0,0,0,0,0,0,5,0,0,0,4,cluster2
QML,0,0,0,0,4,0,0,0,0,0,0,0,0,0,0,0,0,0,0,0,0,0,0,0,0,1,0,0,0,0,0,0,0,1,0,0,0,0,0,1,0,0,2,0,0,0,1,0,1,0,0,0,0,0,0,0,0,0,0,0,0,0,0,0,0,0,0,0,0,0,0,0,0,0,0,0,0,0,0,0,0,0,0,0,0,0,0,0,0,0,0,0,0,0,0,0,0,0,0,0,0,0,0,0,0,2,0,0,0,0,0,2,0,0,0,0,0,0,0,0,0,0,0,0,0,0,0,0,0,0,0,0,0,0,0,0,1,0,0,1,0,0,0,0,0,0,0,0,0,0,0,0,0,0,0,0,0,0,0,0,0,0,0,0,0,0,0,0,0,0,0,0,0,0,0,0,0,0,0,0,0,0,0,0,0,0,0,0,0,0,0,0,0,0,0,0,0,0,0,cluster3
LiveScript,0,4,5,4,0,24,0,0,0,0,0,4,7,4,4,4,0,0,0,4,0,0,0,4,0,7,4,0,0,4,0,4,5,10,0,0,0,0,0,9,0,0,4,2,0,0,0,0,4,0,0,0,0,0,0,0,0,1,1,4,4,4,4,0,4,0,0,4,0,4,0,0,0,6,1,0,0,0,4,3,0,0,1,2,0,0,6,4,0,0,0,4,0,0,0,4,0,0,0,0,0,7,7,0,0,8,2,0,0,4,0,11,4,0,0,0,0,4,0,0,0,4,0,0,4,4,0,0,0,0,0,0,0,0,0,0,4,5,0,4,4,0,1,4,0,0,0,4,0,4,0,0,0,0,4,4,4,10,7,0,4,4,0,0,0,0,0,0,0,0,0,0,4,0,4,0,0,0,0,0,0,4,5,7,1,0,4,1,0,0,0,0,0,0,8,0,0,0,4,cluster2
GDScript,0,0,0,0,0,0,2,0,1,0,0,0,0,0,0,1,0,0,0,0,0,0,1,0,0,0,0,1,0,0,0,1,0,0,1,0,0,0,0,1,0,0,1,0,1,1,0,0,0,0,1,1,1,0,0,0,0,0,0,0,1,0,0,0,0,0,0,0,1,0,0,1,0,1,0,0,0,0,0,0,0,0,0,0,0,0,0,1,0,0,0,0,0,0,1,0,0,0,1,0,0,1,0,0,0,1,0,0,0,0,0,0,0,0,0,0,0,1,1,0,0,0,0,0,0,1,0,0,0,0,0,0,0,0,0,0,0,0,0,1,0,0,0,0,0,1,0,0,0,0,0,0,0,0,1,0,1,1,0,0,0,0,0,0,0,0,0,0,0,1,0,1,0,0,0,0,1,0,0,0,0,0,1,0,0,0,0,0,0,0,0,1,0,0,0,0,0,0,0,cluster3
Smali,0,0,0,0,0,0,0,8,0,0,0,0,0,0,0,0,0,0,0,0,0,0,0,0,0,2,0,0,0,0,0,0,0,1,0,0,0,0,0,1,0,0,2,0,0,0,0,0,2,0,0,0,0,0,0,0,0,0,0,0,0,0,0,0,0,0,0,0,0,0,0,0,0,0,0,0,0,0,0,0,0,0,0,0,0,0,0,0,0,0,0,0,0,0,0,0,0,0,0,0,0,4,0,0,0,0,0,0,0,0,0,0,0,0,0,0,0,0,0,0,0,0,0,0,0,0,0,0,0,0,0,0,0,0,0,0,0,0,0,0,0,0,0,0,0,0,0,0,0,0,0,0,0,0,0,0,0,2,0,0,0,0,0,0,0,0,0,0,0,0,0,2,0,0,0,0,0,0,0,0,0,0,0,0,0,0,0,0,0,0,0,0,0,0,0,0,0,0,0,cluster3
GDB,0,1,1,0,0,0,1,0,10,0,0,0,0,0,0,3,0,0,0,0,0,0,1,0,0,0,0,1,0,0,0,1,0,3,1,0,0,0,0,2,0,0,2,0,1,1,0,0,0,0,1,1,1,0,0,0,0,0,0,0,1,0,0,0,0,0,0,0,1,0,0,1,0,2,0,1,0,0,0,0,0,0,0,0,0,0,0,1,0,0,0,0,0,0,1,0,0,0,1,0,0,3,0,1,0,2,0,0,1,0,0,3,0,0,0,0,0,1,1,0,0,0,0,0,0,1,0,0,0,0,0,0,0,0,0,0,0,0,0,1,0,0,0,0,0,1,0,0,0,0,0,0,0,0,2,0,1,5,0,0,0,0,0,0,0,0,0,0,0,1,0,2,0,0,0,0,1,0,0,0,0,0,1,0,0,0,0,0,0,0,0,1,0,0,0,0,0,2,0,cluster3
'OpenEdge ABL',0,0,1,0,0,0,0,0,0,10,0,0,0,0,0,1,0,0,0,0,0,0,0,0,0,0,0,0,0,0,0,0,0,2,0,0,0,0,0,2,0,0,2,0,0,0,1,0,1,0,2,0,0,0,0,0,0,1,0,0,0,0,0,0,0,0,0,0,0,0,0,0,0,1,1,1,0,0,0,0,0,0,0,0,0,0,0,0,0,0,0,0,0,0,0,0,0,0,0,0,0,4,0,1,0,3,0,0,0,0,0,0,0,0,0,0,0,0,0,0,0,0,0,0,0,0,1,0,0,0,0,0,0,0,0,0,1,1,0,2,0,0,1,0,0,0,0,0,0,0,0,0,0,0,1,0,1,3,0,0,0,0,0,0,0,0,0,0,0,0,0,2,0,0,0,0,0,0,0,0,0,0,0,0,0,0,0,0,0,0,0,0,0,0,0,0,1,0,0,cluster3
Coq,0,0,0,0,0,0,0,0,0,0,2,0,0,0,0,1,0,0,0,0,0,0,0,0,0,0,0,0,0,0,0,0,0,0,0,0,0,0,0,1,0,0,0,0,0,0,0,0,0,0,1,0,0,0,0,0,0,0,0,0,0,0,0,0,0,0,0,0,0,0,0,0,0,0,0,0,0,0,0,0,0,0,0,0,0,0,0,0,0,0,0,0,0,0,0,0,0,0,0,0,0,0,0,0,0,0,0,0,0,0,0,0,1,0,0,0,0,0,0,0,0,0,0,0,0,0,0,0,0,0,0,0,0,0,0,0,0,0,0,0,0,0,0,0,0,0,0,0,0,0,0,0,0,0,0,0,0,1,0,0,0,0,0,0,1,1,0,0,0,0,0,1,0,0,0,0,0,0,0,0,0,0,0,0,0,0,1,0,0,0,1,0,0,0,0,0,0,0,0,cluster3
Haxe,0,5,6,5,0,4,0,0,0,0,0,18,4,4,4,6,0,0,0,5,0,0,0,4,0,7,7,0,0,4,0,4,4,6,0,0,0,0,0,8,0,1,8,0,0,0,0,0,5,0,1,1,1,0,0,0,0,0,1,4,5,4,4,0,5,1,0,4,0,4,0,1,0,5,1,0,0,0,4,3,0,0,1,2,0,0,6,4,0,0,0,4,0,0,1,4,0,0,0,0,0,9,5,0,0,7,3,0,0,4,0,7,4,1,0,0,1,5,1,0,1,4,0,0,4,4,1,0,0,0,0,0,0,0,0,0,5,5,0,5,4,0,1,4,0,0,0,4,0,4,0,0,0,0,5,4,4,9,5,0,5,4,0,0,0,0,0,0,0,1,0,3,5,0,4,0,0,0,1,0,0,4,4,5,0,0,4,1,0,0,0,0,0,0,5,0,0,0,4,cluster2
Clojure,0,7,7,4,0,7,0,0,0,0,0,4,108,4,4,8,1,0,0,5,2,0,0,4,0,14,5,1,0,4,0,6,4,16,0,0,0,0,0,15,0,0,10,2,2,0,1,0,5,0,3,0,0,0,1,0,0,3,2,4,10,4,4,1,5,0,0,4,2,4,0,1,0,7,1,1,0,0,4,3,0,4,1,2,0,0,7,5,0,0,0,4,0,0,1,4,0,0,0,0,0,15,13,1,0,14,3,1,0,4,0,16,4,1,0,1,0,4,2,0,2,5,0,0,6,6,1,0,0,0,0,0,2,0,0,0,7,5,0,6,5,0,2,5,0,0,0,4,2,5,0,1,0,0,8,4,5,21,9,0,4,4,1,0,0,0,0,1,0,1,0,6,5,0,4,3,0,1,0,0,0,4,7,7,1,0,5,1,0,0,1,0,0,0,6,0,0,1,4,cluster2
JSONiq,0,4,4,4,0,4,0,0,0,0,0,4,4,8,4,4,0,0,0,4,0,0,0,4,0,4,4,0,0,4,0,4,4,4,0,0,0,0,0,4,0,0,4,0,0,0,0,0,4,0,0,0,0,0,0,0,0,0,1,4,4,4,4,0,4,0,0,4,0,4,0,0,0,4,1,0,0,0,4,3,0,0,1,2,0,0,4,4,0,0,0,4,0,0,0,4,0,0,0,0,0,4,4,0,0,4,2,0,0,4,0,4,4,0,0,0,0,4,0,0,0,4,0,0,4,4,0,0,0,0,0,0,0,0,0,0,4,4,0,4,4,0,1,4,0,0,0,4,0,4,0,0,0,0,4,4,4,4,4,0,4,4,0,0,0,0,0,0,0,0,0,0,4,0,4,0,0,0,0,0,0,4,4,4,0,0,4,1,0,0,0,0,0,0,4,0,0,0,4,cluster2
Elm,0,4,4,4,0,4,0,0,0,0,0,4,4,4,8,4,0,0,0,4,0,0,0,4,0,4,4,0,0,4,0,4,4,4,0,0,0,0,0,4,0,0,4,0,0,0,0,0,4,0,0,0,0,0,0,0,0,0,1,4,4,4,4,0,4,0,0,4,0,4,0,0,0,4,1,0,0,0,4,3,0,0,1,2,0,0,4,4,0,0,0,4,0,0,0,4,0,0,0,0,0,4,4,0,0,4,2,0,0,4,0,4,4,0,0,0,0,4,0,0,0,4,0,0,4,4,0,0,0,0,0,0,0,0,0,0,4,4,0,4,4,0,1,4,0,0,0,4,0,4,0,0,0,0,4,4,4,4,4,0,4,4,0,0,0,0,0,0,0,0,0,0,4,0,4,0,0,0,0,0,0,4,4,4,0,0,4,1,0,0,0,0,0,0,4,0,0,0,4,cluster2
Perl,0,41,12,4,0,4,1,0,3,1,1,6,8,4,4,366,0,0,2,5,4,3,4,6,0,53,18,7,4,4,1,6,5,70,1,0,1,1,0,67,0,1,76,0,10,1,1,2,40,1,28,2,2,0,1,0,0,2,5,4,20,6,4,1,5,2,1,4,4,8,3,7,0,25,2,16,1,1,4,3,1,3,1,5,0,0,12,23,0,1,0,4,0,1,14,4,0,0,1,0,0,102,50,5,0,71,5,2,1,4,2,79,5,3,1,2,3,6,12,2,1,12,2,1,8,10,5,0,0,1,0,0,3,2,0,0,17,6,1,40,5,1,8,7,1,3,0,5,3,6,0,0,0,0,37,16,11,130,9,0,6,4,1,0,2,1,2,15,1,9,0,78,9,5,5,7,1,2,3,0,0,4,7,5,0,0,11,1,0,2,2,4,0,0,8,1,1,10,4,cluster1
Rouge,0,0,0,0,0,0,0,0,0,0,0,0,1,0,0,0,2,0,0,0,0,0,0,0,0,1,0,0,0,0,0,1,0,1,0,0,0,0,0,0,0,0,0,0,0,0,0,0,0,0,0,0,0,0,0,0,0,0,0,0,1,0,0,0,0,0,0,0,1,0,0,0,0,0,0,0,0,0,0,0,0,0,0,0,0,0,0,0,0,0,0,0,0,0,0,0,0,0,0,0,0,0,1,0,0,1,0,0,0,0,0,1,0,0,0,0,0,0,0,0,0,0,0,0,0,0,0,0,0,0,0,0,0,0,0,0,0,0,0,0,0,0,0,0,0,0,0,0,0,0,0,0,0,0,0,0,0,1,0,0,0,0,0,0,0,0,0,0,0,0,0,1,0,0,0,0,0,0,0,0,0,0,0,0,0,0,0,0,0,0,0,0,0,0,0,0,0,0,0,cluster3
Max,0,0,0,0,0,0,0,0,0,0,0,0,0,0,0,0,0,2,0,0,0,0,0,0,0,0,0,0,0,0,0,0,0,0,0,0,0,0,0,0,0,0,0,0,0,0,0,0,0,0,0,0,0,0,0,0,0,0,0,0,0,0,0,0,0,0,0,0,0,0,0,0,0,0,0,0,0,0,0,0,0,0,0,0,0,0,0,0,0,0,0,0,0,0,0,0,0,0,0,0,0,0,1,0,0,0,0,0,0,0,0,0,0,0,0,0,0,0,0,0,0,0,0,0,0,0,0,0,0,0,0,0,0,0,0,0,0,0,0,0,0,0,0,0,0,0,0,0,0,0,0,0,0,0,0,0,0,0,0,0,0,0,0,0,0,0,0,0,0,0,0,0,0,0,0,0,0,0,0,0,0,0,0,0,0,0,0,0,0,0,0,0,0,0,0,0,0,0,0,cluster3
Thrift,0,1,0,0,0,0,0,0,0,0,0,0,0,0,0,2,0,0,20,0,0,1,0,0,0,10,0,0,0,0,0,0,0,6,0,0,1,0,0,3,0,0,2,0,1,0,0,0,4,0,5,0,0,0,0,0,0,0,0,0,8,0,0,0,0,0,0,0,1,0,0,0,0,1,0,0,0,1,0,0,0,0,0,0,0,0,0,4,0,0,0,0,0,1,0,0,0,0,0,0,0,9,2,0,0,5,0,0,0,0,1,5,0,0,0,0,0,0,1,1,0,0,0,0,0,0,0,0,0,0,0,0,0,0,0,0,0,0,0,0,0,0,0,0,0,0,0,0,0,0,0,0,0,0,0,1,0,10,0,0,0,0,0,0,0,0,3,4,0,0,0,5,0,1,0,0,0,0,0,0,0,0,0,0,0,0,0,0,0,0,0,0,0,0,0,0,0,0,0,cluster3
Rust,0,6,6,6,0,4,0,0,0,0,0,5,5,4,4,5,0,0,0,62,0,1,0,4,0,8,7,0,0,4,0,5,4,6,0,0,0,0,0,8,0,0,9,0,0,0,0,0,4,1,0,0,0,0,1,0,0,1,2,4,7,4,4,0,5,0,0,4,0,4,0,0,0,4,1,0,0,0,4,3,0,1,1,2,0,0,6,5,0,0,0,4,0,0,0,4,0,0,0,0,0,9,9,0,0,7,4,0,0,4,0,9,4,1,0,0,0,4,1,0,0,5,0,0,5,5,1,1,1,0,0,0,0,0,0,0,7,5,0,6,4,0,1,5,0,0,0,4,0,4,0,0,0,0,4,6,5,13,6,0,4,4,0,0,0,0,0,0,0,0,0,5,4,0,4,0,0,0,0,0,0,4,5,4,0,0,4,1,0,0,0,0,0,0,5,0,0,0,4,cluster2
ASP,0,7,0,0,0,0,0,0,0,0,0,0,2,0,0,4,0,0,0,0,56,1,0,1,0,4,0,1,3,0,0,0,1,20,0,0,0,0,0,19,1,0,5,0,2,0,1,0,8,0,4,0,0,0,0,0,0,2,0,0,1,0,0,0,1,0,0,0,1,6,0,2,0,1,0,0,0,0,0,0,0,0,0,0,0,0,1,3,0,1,0,0,0,0,1,0,0,0,0,0,0,4,0,1,0,3,0,0,0,0,0,22,0,1,0,1,0,0,0,0,0,0,0,0,1,0,1,0,0,0,0,0,2,0,0,0,22,5,0,5,0,0,1,0,0,0,0,0,2,1,0,0,0,0,3,0,1,8,0,0,0,0,1,0,0,0,0,2,0,1,0,5,2,1,0,1,0,1,0,0,0,0,0,0,0,0,2,0,0,0,0,1,0,0,0,1,0,0,0,cluster3
PLSQL,0,4,0,0,0,0,0,0,0,0,0,0,0,0,0,3,0,0,1,1,1,28,2,0,0,7,0,0,1,0,0,0,0,10,0,0,1,0,0,11,0,0,6,0,1,0,0,0,9,1,2,2,0,0,0,0,0,0,0,0,3,0,0,0,0,2,0,0,1,3,0,2,0,1,0,0,0,1,0,0,0,0,1,0,0,0,0,1,0,0,0,0,0,1,0,0,0,0,0,0,3,7,2,0,0,5,1,0,0,0,0,10,0,0,0,0,0,0,1,1,0,0,0,0,0,0,0,4,0,0,0,0,0,0,0,0,0,0,0,3,0,0,0,0,0,0,0,0,0,0,0,0,0,0,3,1,0,12,0,0,0,0,0,0,0,0,1,1,0,0,0,5,0,0,0,2,0,0,1,0,0,0,2,0,0,0,2,0,0,0,0,0,0,0,0,1,0,0,0,cluster3
'DIGITAL Command Language',0,2,1,0,0,0,1,0,1,0,0,0,0,0,0,4,0,0,0,0,0,2,12,0,0,1,1,2,0,0,0,1,1,4,1,0,0,0,0,6,0,0,5,0,1,1,0,0,5,1,4,3,1,0,0,0,0,0,0,0,1,0,0,0,0,2,0,0,1,3,2,4,0,2,0,2,0,0,0,0,0,0,0,0,0,0,0,2,0,0,0,0,0,0,1,0,0,0,1,0,0,6,2,1,0,5,1,1,0,0,0,5,0,0,1,0,1,1,3,0,0,0,2,0,0,3,2,0,0,0,0,0,0,0,0,0,1,0,0,6,0,0,1,0,0,2,0,0,0,0,0,0,0,0,6,1,1,6,0,0,1,0,0,0,0,0,0,1,1,3,0,6,1,0,1,1,1,0,0,0,0,0,3,0,0,0,2,0,0,0,0,1,0,0,0,0,0,2,0,cluster3
ColdFusion,0,6,4,4,0,4,0,0,0,0,0,4,4,4,4,6,0,0,0,4,1,0,0,12,0,4,4,0,0,4,0,4,4,4,0,0,0,0,0,4,0,0,4,0,0,0,0,0,4,0,0,0,0,0,0,0,0,0,1,4,4,4,4,0,4,0,0,4,0,4,0,0,0,4,1,0,0,0,4,3,0,0,1,2,0,0,4,4,0,0,0,4,0,0,0,4,0,0,0,0,0,4,4,0,0,4,2,0,0,4,0,4,4,0,0,0,0,4,0,0,0,4,0,0,4,4,0,0,0,0,0,0,0,0,0,0,5,4,0,4,4,0,1,4,0,0,0,4,0,4,0,0,0,0,4,4,4,4,4,0,4,4,0,0,0,0,0,0,0,0,0,0,4,0,4,0,0,0,0,0,0,4,4,4,0,0,6,1,0,0,0,0,0,0,4,0,0,0,4,cluster2
Vue,0,2,0,0,0,0,0,0,0,0,0,0,0,0,0,0,0,0,0,0,0,0,0,0,16,0,0,0,2,0,0,0,0,3,0,0,0,0,0,8,0,0,0,0,0,0,0,0,0,0,0,0,0,0,0,0,0,0,0,0,0,0,0,0,0,0,0,0,0,0,0,0,0,0,0,0,0,0,0,0,0,0,0,0,0,0,0,0,0,0,0,0,0,0,0,0,0,0,0,0,0,2,0,0,0,1,0,0,0,0,0,8,0,0,0,0,0,0,0,0,0,0,0,0,0,0,0,0,0,0,0,0,0,0,0,0,0,0,1,0,0,0,0,0,0,0,0,0,0,0,0,0,0,0,0,0,0,3,0,0,0,0,0,0,0,0,0,0,0,0,0,0,0,0,0,0,0,0,0,0,0,0,0,0,0,0,0,0,0,0,0,0,0,0,0,0,0,0,0,cluster3
Java,0,46,20,6,1,7,0,2,0,0,0,7,14,4,4,53,1,0,10,8,4,7,1,4,0,1510,20,2,7,4,1,6,7,162,0,0,1,0,0,168,2,0,116,2,5,0,0,0,77,1,19,0,0,0,3,1,0,9,2,4,69,5,5,2,12,1,1,4,11,13,2,2,0,16,3,18,1,1,4,3,1,2,4,14,0,0,14,23,6,5,2,4,0,1,5,4,0,0,1,0,2,148,68,2,1,104,11,2,0,4,4,177,6,3,3,0,1,6,9,4,2,40,1,0,9,5,13,3,2,0,1,0,0,1,1,1,39,9,1,63,5,1,6,6,0,2,1,5,0,5,0,0,0,1,27,22,7,214,13,0,8,4,1,1,0,0,4,26,1,1,0,104,7,2,5,9,0,0,1,0,0,4,8,9,1,0,11,1,0,2,1,4,0,1,10,0,0,3,4,cluster1
Go,0,18,10,6,0,4,0,0,0,0,0,7,5,4,4,18,0,0,0,7,0,0,1,4,0,20,278,1,0,4,1,5,4,34,0,0,0,0,0,37,0,0,26,0,2,0,0,0,14,1,6,0,0,0,1,0,0,2,2,4,9,4,4,1,4,0,0,4,0,7,1,1,0,4,1,5,0,0,4,3,0,1,1,2,0,0,10,6,0,0,0,4,0,0,1,4,0,0,0,0,0,36,19,1,0,35,8,1,0,4,0,38,4,3,0,0,0,6,5,9,1,9,1,0,5,6,4,1,1,0,0,0,0,0,0,0,13,9,1,13,4,0,5,8,0,1,0,4,1,4,0,0,0,0,13,13,6,65,8,1,4,4,0,0,0,0,0,0,1,3,0,27,6,0,5,0,0,0,2,0,0,4,5,6,0,0,5,1,0,0,0,0,0,0,8,0,0,4,4,cluster2
Lex,0,3,0,0,0,0,1,0,1,0,0,0,1,0,0,7,0,0,0,0,1,0,2,0,0,2,1,24,0,0,1,1,0,4,1,0,0,0,0,5,0,0,9,0,3,1,1,0,4,0,6,1,1,0,0,0,0,0,0,0,2,0,0,2,2,0,0,0,2,0,1,2,0,3,0,4,0,0,0,0,0,0,0,0,0,0,0,2,0,0,0,0,0,0,3,0,0,0,1,0,0,9,2,3,0,9,0,0,0,0,0,5,0,1,1,0,1,1,2,0,0,0,1,0,1,2,2,0,0,0,0,0,2,0,0,0,2,1,0,4,0,0,1,0,0,3,0,0,1,1,0,0,0,0,5,1,1,9,0,0,0,0,1,0,0,0,0,2,0,10,0,11,0,0,0,1,1,2,1,1,0,0,2,0,0,0,1,0,0,0,0,1,0,0,0,0,0,1,0,cluster3
ApacheConf,0,55,2,0,0,0,0,0,0,0,0,0,0,0,0,4,0,0,0,0,3,1,0,0,2,7,0,0,184,0,0,0,1,69,0,0,0,0,0,75,1,0,6,0,0,0,0,0,12,0,3,0,0,1,0,0,0,0,0,0,1,0,0,0,1,0,0,0,0,2,0,1,0,2,0,0,0,1,0,0,0,0,0,0,0,0,0,2,0,1,0,0,0,0,0,0,0,0,0,0,0,12,5,1,0,9,1,0,0,0,0,68,0,0,0,0,0,0,0,3,0,2,0,0,0,0,1,0,0,0,0,0,0,0,0,0,2,1,2,2,0,0,0,0,0,0,0,0,0,0,0,0,0,0,3,0,0,33,0,0,4,0,1,0,0,0,0,6,0,0,0,4,2,0,0,0,0,0,0,0,0,0,0,0,0,0,1,0,0,0,0,0,0,0,3,1,0,1,0,cluster3
Vala,0,4,4,4,0,4,0,0,0,0,0,4,4,4,4,4,0,0,0,4,0,0,0,4,0,4,4,0,0,10,0,4,4,5,0,0,0,0,0,4,0,0,4,0,0,0,0,0,4,0,0,0,0,0,0,0,0,0,1,4,4,4,4,0,4,0,0,4,0,4,0,0,0,4,1,0,0,0,4,3,0,0,1,2,0,0,4,4,0,0,0,4,0,0,0,4,0,0,0,0,0,4,4,0,0,4,2,0,0,4,0,4,4,0,0,0,0,4,0,0,0,4,0,0,4,4,0,0,0,0,0,0,0,0,0,0,4,4,0,4,4,0,1,4,0,0,0,4,0,4,0,0,0,0,4,4,4,5,4,0,4,4,0,0,0,0,0,0,0,0,0,0,4,0,4,0,0,0,0,0,0,4,4,4,0,0,4,1,0,0,0,0,0,0,4,0,0,0,4,cluster2
KiCad,0,1,0,0,0,0,0,0,0,0,0,0,0,0,0,1,0,0,0,0,0,0,0,0,0,1,1,1,0,0,2,0,0,1,0,0,0,0,0,1,0,0,1,0,0,0,0,0,1,0,1,0,0,0,0,0,0,0,0,0,0,0,0,1,0,0,0,0,0,0,0,0,0,0,0,1,0,0,0,0,0,0,0,0,0,0,0,0,0,0,0,0,0,0,0,0,0,0,0,0,0,1,0,0,0,1,0,0,0,0,0,1,0,1,0,0,0,0,0,0,0,0,0,0,0,0,0,0,0,0,0,0,0,0,0,0,1,0,0,0,0,0,0,0,0,1,0,0,0,0,0,0,0,0,1,0,0,1,0,0,0,0,0,0,0,0,0,0,0,0,0,1,0,0,0,0,0,0,1,0,0,0,0,0,0,0,0,0,0,0,0,0,0,0,0,0,0,0,0,cluster3
D,0,5,5,4,0,4,1,0,1,0,0,4,6,4,4,6,1,0,0,5,0,0,1,4,0,6,5,1,0,4,0,24,4,5,1,0,0,0,0,5,0,0,10,0,1,1,0,0,5,0,2,3,1,0,1,0,0,1,2,4,7,4,4,0,4,0,0,4,2,4,0,1,0,5,1,0,0,0,4,3,0,1,1,2,0,0,5,7,0,0,0,4,0,0,1,4,0,0,1,0,0,9,8,0,0,9,3,0,0,4,0,9,4,1,0,0,0,5,1,0,0,5,0,0,5,5,0,0,0,0,0,0,0,0,0,0,5,4,0,6,4,0,1,5,0,1,0,4,0,4,0,0,0,0,5,4,6,9,5,0,4,4,0,0,0,0,0,0,0,1,0,6,4,0,4,0,1,0,0,0,0,4,5,4,0,0,4,1,0,0,0,1,0,0,4,0,0,0,4,cluster2
Cucumber,0,5,4,4,0,5,0,0,0,0,0,4,4,4,4,5,0,0,0,4,1,0,1,4,0,7,4,0,1,4,0,4,48,21,0,0,0,0,0,24,0,0,4,0,0,0,0,0,6,0,0,0,0,0,0,0,0,0,1,4,4,4,4,0,4,0,0,4,0,5,0,0,0,4,1,0,0,0,4,3,0,0,1,2,0,0,4,4,0,0,0,4,0,0,0,4,0,0,0,0,0,9,16,0,0,4,2,0,0,4,0,22,4,0,0,0,0,5,0,0,0,6,0,0,4,4,0,0,0,0,0,0,0,0,0,0,5,5,0,5,4,0,1,4,0,0,0,4,0,4,0,0,0,0,5,4,4,15,4,0,5,4,0,0,0,0,0,1,0,0,0,1,4,0,4,0,0,0,0,0,0,4,4,4,0,0,4,1,0,0,0,0,0,0,9,0,0,0,4,cluster2
CSS,0,209,18,8,1,10,0,1,3,2,0,6,16,4,4,70,1,0,6,6,20,10,4,4,3,162,34,4,69,5,1,5,21,3246,0,0,1,1,0,1167,3,1,99,2,8,0,2,0,108,2,36,3,1,4,2,1,2,36,3,4,41,5,5,2,9,10,1,4,9,21,3,8,1,61,4,13,1,9,4,3,0,1,3,11,0,0,15,105,4,6,1,4,1,1,7,4,0,1,0,1,3,350,272,6,1,194,8,2,2,4,1,1314,6,2,4,0,5,6,18,23,1,16,2,1,6,9,13,6,2,0,0,1,1,2,1,1,39,35,7,51,6,0,9,7,4,3,1,5,1,7,1,0,0,1,33,19,14,400,11,1,14,4,2,0,0,0,5,39,1,7,1,105,10,4,5,9,0,1,3,1,0,4,11,8,2,2,16,9,0,3,4,4,1,1,143,4,1,8,4,cluster1
'Pure Data',0,0,0,0,0,0,1,0,1,0,0,0,0,0,0,1,0,0,0,0,0,0,1,0,0,0,0,1,0,0,0,1,0,0,2,0,0,0,0,1,0,0,1,0,1,1,0,0,0,0,1,1,1,0,0,0,0,0,0,0,1,0,0,0,0,0,0,0,1,0,0,1,0,1,0,0,0,0,0,0,0,0,0,0,0,0,0,1,0,0,0,0,0,0,1,0,0,0,1,0,0,1,0,0,0,1,0,0,0,0,0,0,0,0,0,0,0,1,1,0,0,0,0,0,0,1,0,0,0,0,0,0,0,0,0,0,0,0,0,1,0,0,0,0,0,1,0,0,0,0,0,0,0,0,1,0,1,1,0,0,0,0,0,0,0,0,0,0,0,1,0,1,0,0,0,0,1,0,0,0,0,0,1,0,0,0,0,0,0,0,0,1,0,0,0,0,0,0,0,cluster3
PureBasic,0,0,0,0,0,0,0,0,0,0,0,0,0,0,0,0,0,0,0,0,0,0,0,0,0,0,0,0,0,0,0,0,0,0,0,2,0,0,0,0,0,0,1,0,0,0,0,0,0,0,0,0,0,0,0,0,0,0,0,0,0,0,0,0,0,0,0,0,0,0,0,0,0,0,0,1,0,0,0,0,0,0,0,0,0,0,0,0,0,0,0,0,0,0,0,0,0,0,0,0,0,1,0,0,0,0,0,0,0,0,0,0,0,0,0,0,0,0,0,0,0,0,0,0,0,0,0,0,0,0,0,0,0,0,0,0,1,0,0,1,0,0,0,0,0,0,0,0,0,0,0,0,0,0,1,0,0,0,0,0,0,0,0,0,0,0,0,0,0,0,0,1,1,0,0,0,0,0,0,0,0,0,0,0,0,0,0,0,0,0,0,0,0,0,0,0,0,0,0,cluster3
Myghty,0,0,0,0,0,0,0,0,0,0,0,0,0,0,0,1,0,0,1,0,0,1,0,0,0,1,0,0,0,0,0,0,0,1,0,0,2,0,0,1,0,0,1,0,0,0,0,0,1,0,1,0,0,0,0,0,0,0,0,0,1,0,0,0,0,0,0,0,0,0,0,0,0,1,0,0,0,1,0,0,0,0,0,0,0,0,0,0,0,0,0,0,0,1,0,0,0,0,0,0,0,1,0,0,0,1,0,0,0,0,0,1,0,0,0,0,0,0,1,1,0,0,0,0,0,0,0,0,0,0,0,0,0,0,0,0,0,0,0,0,0,0,0,0,0,0,0,0,0,0,0,0,0,0,0,0,0,1,0,0,0,0,0,0,0,0,1,1,0,0,0,1,0,0,0,0,0,0,0,0,0,0,0,0,0,0,0,0,0,0,0,0,0,0,0,0,0,0,0,cluster3
SaltStack,0,1,0,0,0,0,0,0,0,0,0,0,0,0,0,1,0,0,0,0,0,0,0,0,0,0,0,0,0,0,0,0,0,1,0,0,0,4,0,2,0,0,0,0,0,0,0,0,1,0,0,0,0,0,0,0,0,0,0,0,0,0,0,0,0,0,0,0,0,0,0,0,0,0,0,0,0,0,0,0,0,0,0,0,0,0,0,0,0,0,0,0,0,0,0,0,0,0,0,0,0,2,0,0,0,0,0,0,0,0,0,1,0,0,0,0,0,0,0,0,0,0,0,0,0,0,0,0,0,0,0,0,0,0,0,0,0,0,1,0,0,0,0,0,0,0,0,0,0,0,0,0,0,0,0,0,0,2,0,0,0,0,0,0,0,0,0,0,0,0,0,1,0,0,0,0,0,0,0,0,0,0,0,0,0,0,0,0,0,0,0,0,0,0,0,0,0,0,0,cluster3
Nu,0,1,0,0,0,0,0,0,0,0,0,0,0,0,0,0,0,0,0,0,0,0,0,0,0,0,0,0,0,0,0,0,0,0,0,0,0,0,2,0,0,0,0,0,0,0,0,0,0,0,0,0,0,0,0,0,0,0,0,0,0,0,0,0,0,0,0,0,0,0,0,0,0,0,0,0,0,0,0,0,0,0,0,0,0,1,0,0,0,0,0,0,0,0,0,0,0,0,0,0,0,1,0,0,0,0,0,0,0,0,0,1,0,0,0,0,0,0,0,0,0,0,0,0,0,0,0,0,0,0,0,0,0,0,0,0,0,0,0,0,0,0,0,0,0,0,0,0,0,0,0,0,0,0,0,0,0,0,0,0,0,0,0,0,0,0,0,0,0,0,0,1,0,0,0,1,0,0,0,0,0,0,0,0,0,0,0,0,0,0,0,0,0,0,0,0,0,0,0,cluster3
HTML,0,146,18,8,1,9,1,1,2,2,1,8,15,4,4,67,0,0,3,8,19,11,6,4,8,168,37,5,75,4,1,5,24,1167,1,0,1,2,0,3310,3,2,115,2,6,1,2,1,127,3,39,4,2,5,2,1,1,41,5,4,28,5,5,2,10,11,1,4,9,26,3,12,1,60,5,20,0,9,4,3,1,2,3,10,0,0,16,119,4,6,2,4,1,1,8,4,0,0,1,1,3,371,245,5,0,208,12,2,1,4,3,1187,7,3,6,1,7,8,17,24,2,20,2,0,6,10,17,8,2,1,0,1,1,2,0,1,48,46,9,64,6,0,10,8,5,4,1,5,1,6,1,0,0,1,38,22,12,402,12,1,15,4,2,1,1,1,2,30,1,8,1,122,12,3,5,8,1,1,3,1,1,4,11,8,2,1,17,8,1,4,4,5,0,1,109,4,1,8,4,cluster1
Clarion,0,3,0,0,0,0,0,0,0,0,0,0,0,0,0,0,0,0,0,0,1,0,0,0,0,2,0,0,1,0,0,0,0,3,0,0,0,0,0,3,6,0,3,0,0,0,0,0,1,0,0,0,0,0,0,0,0,0,0,0,0,0,0,0,0,0,0,0,0,0,0,1,0,0,0,0,0,0,0,0,0,0,0,0,0,0,0,0,0,0,0,0,0,0,0,0,0,0,0,0,0,0,0,0,0,3,0,0,0,0,0,3,0,0,0,0,0,0,0,0,0,0,0,0,0,0,0,0,0,0,0,0,0,0,0,0,2,0,0,1,0,0,0,0,0,0,0,0,0,0,0,0,0,0,1,0,0,1,0,0,0,0,0,0,0,0,0,0,0,0,0,3,1,0,0,0,0,0,0,0,0,0,0,0,0,0,0,0,0,0,0,0,0,0,0,0,0,0,0,cluster3
'Game Maker Language',0,0,0,0,0,0,0,0,0,0,0,1,0,0,0,1,0,0,0,0,0,0,0,0,0,0,0,0,0,0,0,0,0,1,0,0,0,0,0,2,0,4,2,0,0,0,0,0,1,0,1,1,1,0,0,0,0,0,0,0,0,0,0,0,0,1,0,0,0,1,0,1,0,1,0,0,0,0,0,0,0,0,0,0,0,0,2,0,0,0,0,0,0,0,1,0,0,0,0,0,0,2,0,0,0,1,0,0,0,0,0,1,0,0,0,0,2,0,1,0,0,0,0,0,0,0,1,0,0,0,0,0,0,0,0,0,0,0,0,1,0,0,0,0,0,0,0,0,0,0,0,0,0,0,1,0,0,2,0,0,0,0,0,0,0,0,0,0,0,1,0,2,1,0,0,0,0,0,1,0,0,0,0,0,0,0,0,0,0,0,0,0,0,0,0,0,0,0,0,cluster3
C++,0,42,27,6,2,4,1,2,2,2,0,8,10,4,4,76,0,0,2,9,5,6,5,4,0,116,26,9,6,4,1,10,4,99,1,1,1,0,0,115,3,2,1184,0,11,1,8,1,80,2,39,6,2,1,3,0,2,5,7,4,22,6,4,3,12,7,1,4,6,22,3,21,1,38,2,74,1,1,4,3,1,2,1,4,1,0,18,56,7,6,0,4,1,1,8,4,0,0,1,1,1,231,72,7,0,245,14,3,1,4,0,112,6,3,8,3,8,7,11,3,1,10,3,0,10,12,38,3,1,0,0,0,3,1,0,0,53,13,0,159,5,1,9,10,4,3,0,6,5,5,0,0,0,0,71,25,23,262,11,1,4,4,2,0,1,0,2,10,1,15,0,408,12,10,5,17,1,3,5,1,0,5,9,7,0,1,14,1,0,27,3,6,0,0,7,0,1,9,4,cluster1
Alloy,0,0,1,0,0,2,0,0,0,0,0,0,2,0,0,0,0,0,0,0,0,0,0,0,0,2,0,0,0,0,0,0,0,2,0,0,0,0,0,2,0,0,0,4,0,0,0,0,0,0,0,0,0,0,0,0,0,1,0,0,0,0,0,0,0,0,0,0,0,0,0,0,0,2,0,0,0,0,0,0,0,0,0,0,0,0,1,0,0,0,0,0,0,0,0,0,0,0,0,0,0,2,2,0,0,2,0,0,0,0,0,2,0,0,0,0,0,0,0,0,0,0,0,0,0,0,0,0,0,0,0,0,0,0,0,0,0,0,0,0,0,0,0,0,0,0,0,0,0,0,0,0,0,0,0,0,0,2,2,0,0,0,0,0,0,0,0,0,0,0,0,0,0,0,0,0,0,0,0,0,0,0,1,2,0,0,0,0,0,0,0,0,0,0,2,0,0,0,0,cluster3
Awk,0,1,0,0,0,0,1,0,1,0,0,0,2,0,0,10,0,0,1,0,2,1,1,0,0,5,2,3,0,0,0,1,0,8,1,0,0,0,0,6,0,0,11,0,38,1,1,0,4,0,6,1,1,0,0,0,0,0,0,0,1,0,0,0,1,0,0,0,2,0,1,2,0,4,0,1,0,0,0,0,0,0,0,0,0,0,0,5,1,1,0,0,0,0,2,0,0,0,1,0,1,14,7,2,0,11,0,1,0,0,0,6,0,0,0,2,0,1,1,1,0,0,0,0,0,1,2,0,0,0,0,0,3,0,0,0,2,2,0,9,0,0,1,1,0,1,0,0,2,1,0,0,0,0,10,2,1,19,1,1,0,0,1,0,0,0,1,5,0,5,0,12,0,0,0,2,1,1,1,0,0,0,1,0,0,0,1,0,0,0,0,1,0,0,1,0,0,2,0,cluster3
PicoLisp,0,0,0,0,0,0,1,0,1,0,0,0,0,0,0,1,0,0,0,0,0,0,1,0,0,0,0,1,0,0,0,1,0,0,1,0,0,0,0,1,0,0,1,0,1,2,0,0,0,0,1,1,1,0,0,0,0,0,0,0,1,0,0,0,0,0,0,0,1,0,0,1,0,1,0,0,0,0,0,0,0,0,0,0,0,0,0,1,0,0,0,0,0,0,1,0,0,0,1,0,0,1,0,0,0,1,0,0,0,0,0,0,0,0,0,0,0,1,1,0,0,0,0,0,0,1,0,0,0,0,0,0,0,0,0,0,0,0,0,1,0,0,0,0,0,1,0,0,0,0,0,0,0,0,1,0,1,1,0,0,0,0,0,0,0,0,0,0,0,1,0,1,0,0,0,0,1,0,0,0,0,0,1,0,0,0,0,0,0,0,0,1,0,0,0,0,0,0,0,cluster3
QMake,0,1,0,0,1,0,0,0,0,1,0,0,1,0,0,1,0,0,0,0,1,0,0,0,0,0,0,1,0,0,0,0,0,2,0,0,0,0,0,2,0,0,8,0,1,0,16,0,1,0,2,0,0,0,0,0,0,0,0,0,0,0,0,0,1,0,0,0,1,0,0,1,0,0,0,1,0,0,0,0,0,0,0,0,0,0,0,0,0,0,0,0,0,0,1,0,0,0,0,0,0,3,0,1,0,4,0,0,0,0,0,2,0,0,1,0,0,0,0,0,0,0,0,0,0,0,2,0,0,0,0,0,1,0,0,0,1,3,0,2,0,0,2,0,0,0,0,0,1,1,0,0,0,0,2,0,0,3,0,0,0,0,1,0,0,0,0,1,0,1,0,5,0,0,0,2,0,1,0,0,0,0,0,0,0,0,1,0,0,0,0,0,0,0,0,0,0,0,0,cluster3
Eagle,0,0,0,0,0,0,0,0,0,0,0,0,0,0,0,2,0,0,0,0,0,0,0,0,0,0,0,0,0,0,0,0,0,0,0,0,0,0,0,1,0,0,1,0,0,0,0,6,0,0,0,0,0,0,0,0,0,0,0,0,0,0,0,0,0,0,0,0,0,0,0,0,0,0,0,0,0,0,0,0,0,0,0,0,0,0,0,0,0,0,0,0,0,0,0,0,0,0,0,0,0,1,0,0,0,2,0,0,0,0,0,0,0,0,0,0,0,0,0,0,0,0,0,0,0,0,0,0,0,0,0,0,0,0,0,0,0,0,0,1,0,0,0,1,0,0,0,0,0,0,0,0,0,0,1,0,0,2,0,0,0,0,0,0,0,0,0,0,0,0,0,1,0,0,0,0,0,0,0,0,0,0,0,0,0,0,0,0,0,0,0,0,0,0,0,0,0,0,0,cluster3
Batchfile,0,33,11,4,1,4,0,2,0,1,0,5,5,4,4,40,0,0,4,4,8,9,5,4,0,77,14,4,12,4,1,5,6,108,0,0,1,1,0,127,1,1,80,0,4,0,1,0,434,2,22,4,1,1,2,0,0,6,1,4,20,4,4,2,8,4,1,4,6,25,3,11,0,18,3,19,0,3,4,3,0,1,1,8,0,0,8,21,3,3,1,4,0,1,6,4,0,0,0,1,3,111,32,4,0,91,4,2,0,4,4,114,6,3,6,0,2,5,11,3,0,16,2,0,5,7,12,4,0,0,0,1,1,1,0,0,33,16,3,41,4,1,9,6,0,3,0,4,2,6,0,0,0,0,25,14,6,154,5,0,11,4,2,0,0,0,2,12,1,5,1,81,8,1,5,7,0,1,3,0,0,4,7,4,0,0,16,1,0,4,0,3,0,0,14,2,1,3,4,cluster1
Roff,0,1,1,0,0,0,0,0,0,0,0,0,0,0,0,1,0,0,0,1,0,1,1,0,0,1,1,0,0,0,0,0,0,2,0,0,0,0,0,3,0,0,2,0,0,0,0,0,2,10,0,1,0,0,0,0,0,0,0,0,0,0,0,0,0,1,1,0,0,1,0,2,0,0,0,1,0,0,0,0,0,0,0,0,0,0,0,0,0,0,0,0,0,0,1,0,0,0,0,0,0,4,1,0,0,4,0,0,0,0,0,2,0,0,0,0,0,0,1,0,0,0,0,0,0,0,0,0,0,0,0,0,0,0,0,0,0,0,0,2,0,0,0,0,0,0,0,0,0,0,0,0,0,0,1,0,0,2,0,0,0,0,0,0,0,0,0,0,0,0,0,3,0,0,0,1,0,0,0,0,0,0,1,0,0,0,1,0,0,0,0,1,0,0,0,0,0,0,0,cluster3
Groff,0,12,3,0,0,0,1,0,1,2,1,1,3,0,0,28,0,0,5,0,4,2,4,0,0,19,6,6,3,0,1,2,0,36,1,0,1,0,0,39,0,1,39,0,6,1,2,0,22,0,144,4,2,0,0,0,1,2,2,0,8,2,0,2,2,3,0,0,2,2,3,7,0,11,0,8,0,1,0,0,1,1,0,0,1,0,5,8,0,1,0,0,0,1,5,0,0,0,1,0,0,48,13,2,0,47,2,2,0,0,1,32,1,2,2,3,2,1,8,3,0,2,2,0,2,5,9,0,0,0,0,1,2,1,0,0,9,3,0,29,1,0,5,1,0,3,0,1,2,2,0,0,0,0,21,4,3,56,1,0,2,0,1,0,1,1,2,11,1,7,0,48,5,1,1,4,1,3,3,1,0,0,2,0,0,0,3,0,0,0,2,2,0,0,3,1,0,4,0,cluster1
DTrace,0,0,0,0,0,0,1,0,1,0,0,1,0,0,0,2,0,0,0,0,0,2,3,0,0,0,0,1,0,0,0,3,0,3,1,0,0,0,0,4,0,1,6,0,1,1,0,0,4,1,4,12,2,0,0,0,0,0,0,0,1,0,0,0,0,3,0,0,1,2,0,4,0,2,0,0,0,0,0,0,0,0,0,0,0,0,1,2,0,0,0,0,0,0,2,0,0,0,1,0,0,6,1,0,0,6,0,0,0,0,0,4,0,0,0,0,1,1,2,0,0,0,0,0,0,1,1,0,0,0,0,0,0,0,0,0,0,0,0,5,0,0,0,0,0,1,0,0,0,0,0,0,0,0,4,0,1,5,0,0,0,0,0,0,0,0,0,0,0,2,0,6,1,0,0,1,1,0,1,0,0,0,3,0,0,0,2,0,0,0,0,1,0,0,0,0,0,0,0,cluster3
Terra,0,0,0,0,0,0,1,0,1,0,0,1,0,0,0,2,0,0,0,0,0,0,1,0,0,0,0,1,0,0,0,1,0,1,1,0,0,0,0,2,0,1,2,0,1,1,0,0,1,0,2,2,4,0,0,0,0,0,0,0,1,0,0,0,0,1,0,0,1,0,0,2,0,2,0,0,0,0,0,0,0,0,0,0,0,0,1,1,0,0,0,0,0,0,2,0,0,0,1,0,0,2,0,0,0,2,0,0,0,0,0,0,0,0,0,0,1,1,2,0,0,0,0,0,0,1,1,0,0,0,0,0,0,0,0,0,0,0,0,2,0,0,0,0,0,1,0,0,0,0,0,0,0,0,2,0,1,2,0,0,0,0,0,0,0,0,0,0,0,2,0,2,1,0,0,0,1,0,1,0,0,0,1,0,0,0,0,0,0,0,0,1,0,0,0,0,0,0,0,cluster3
'GCC Machine Description',0,0,1,0,0,0,0,0,0,0,0,0,0,0,0,0,0,0,0,0,0,0,0,0,0,0,0,0,1,0,0,0,0,4,0,0,0,0,0,5,0,0,1,0,0,0,0,0,1,0,0,0,0,12,0,0,0,1,0,0,0,0,0,0,0,0,0,0,0,1,0,0,0,2,0,0,0,0,0,0,0,0,0,0,0,0,0,2,0,0,0,0,0,0,0,0,0,0,0,0,0,2,1,0,0,2,0,0,0,0,0,4,0,0,0,0,0,0,0,0,0,0,0,0,0,0,0,0,0,0,0,0,0,0,0,0,0,0,0,0,0,0,0,0,0,0,0,0,0,0,0,0,0,0,0,0,0,2,0,0,0,0,0,0,0,0,0,0,0,0,0,1,0,0,0,0,0,0,0,0,0,0,0,0,0,0,0,0,0,0,0,0,0,0,0,0,0,0,0,cluster3
Brainfuck,0,1,1,0,0,0,0,0,0,0,0,0,1,0,0,1,0,0,0,1,0,0,0,0,0,3,1,0,0,0,0,1,0,2,0,0,0,0,0,2,0,0,3,0,0,0,0,0,2,0,0,0,0,0,8,0,0,1,1,0,1,0,0,0,0,0,0,0,2,0,0,0,0,0,0,2,0,0,0,0,0,1,0,0,0,0,1,0,0,0,0,0,0,0,0,0,0,0,0,0,0,1,1,0,0,2,1,0,0,0,0,3,2,1,2,0,0,0,0,0,0,1,0,0,1,0,0,0,0,0,0,0,0,0,0,0,1,0,0,2,0,0,0,1,0,0,0,0,0,0,0,0,0,0,0,0,1,3,1,0,0,0,0,0,0,0,0,0,0,0,0,3,0,0,0,0,0,0,0,0,0,0,0,0,0,0,2,0,0,0,0,0,0,0,0,0,0,0,0,cluster3
SystemVerilog,0,0,0,0,0,0,0,0,0,0,0,0,0,0,0,0,0,0,0,0,0,0,0,0,0,1,0,0,0,0,0,0,0,1,0,0,0,0,0,1,0,0,0,0,0,0,0,0,0,0,0,0,0,0,0,2,0,0,0,0,1,0,0,0,1,1,0,0,1,0,0,0,0,0,0,0,0,0,0,0,0,0,0,0,0,0,0,0,0,1,1,0,0,0,1,0,0,0,0,0,0,1,1,0,0,1,0,0,0,0,0,1,0,0,0,0,0,0,1,0,1,0,0,0,1,0,0,0,1,0,0,0,0,0,0,1,0,0,0,0,1,0,0,0,0,0,1,0,0,0,0,0,0,0,0,0,0,1,1,0,1,0,0,0,0,0,0,0,0,0,0,0,0,0,0,0,0,0,0,0,0,0,0,0,0,0,0,0,0,0,0,1,0,1,0,0,0,0,0,cluster3
Clean,0,0,0,0,0,0,0,0,0,0,0,0,0,0,0,0,0,0,0,0,0,0,0,0,0,0,0,0,0,0,0,0,0,2,0,0,0,0,0,1,0,0,2,0,0,0,0,0,0,0,1,0,0,0,0,0,4,0,0,0,0,0,0,0,0,0,0,0,0,0,0,0,0,2,0,0,0,0,0,0,0,0,0,0,0,0,0,0,0,0,0,0,0,0,0,0,0,0,0,0,0,2,0,0,0,2,0,0,0,0,0,0,0,0,0,0,0,0,0,0,0,0,0,0,0,0,0,0,0,0,0,0,0,0,0,0,0,0,0,2,0,0,0,0,0,0,0,0,0,0,0,0,0,0,0,0,2,2,0,0,0,0,0,0,0,0,0,0,0,0,0,2,0,1,0,0,0,0,0,0,0,0,0,0,0,0,0,0,0,0,0,0,0,0,0,0,0,0,0,cluster3
'Jupyter Notebook',0,2,4,0,0,1,0,0,0,1,0,0,3,0,0,2,0,0,0,1,2,0,0,0,0,9,2,0,0,0,0,1,0,36,0,0,0,0,0,41,0,0,5,1,0,0,0,0,6,0,2,0,0,1,1,0,0,298,1,0,6,0,0,0,0,0,0,0,0,1,0,0,0,13,1,2,0,0,0,0,0,1,0,0,0,0,4,14,0,0,0,0,0,0,0,0,0,0,0,0,0,97,7,0,0,17,1,0,0,0,0,33,0,1,0,0,0,0,2,0,0,1,0,0,2,0,1,0,0,0,0,0,0,0,0,0,3,2,0,2,0,0,0,1,0,1,0,0,0,0,0,0,0,0,0,1,4,31,2,0,0,0,0,0,0,0,0,0,0,0,0,4,0,1,0,0,0,0,0,0,0,0,1,1,0,0,0,0,0,1,0,1,0,0,3,0,0,0,0,cluster3
Fortran,0,2,3,1,0,1,0,0,0,0,0,1,2,1,1,5,0,0,0,2,0,0,0,1,0,2,2,0,0,1,0,2,1,3,0,0,0,0,0,5,0,0,7,0,0,0,0,0,1,0,2,0,0,0,1,0,0,1,30,1,2,1,1,0,1,3,0,1,0,1,0,2,1,4,0,1,0,0,1,0,0,1,1,1,1,0,3,5,0,1,0,1,1,0,0,1,0,0,0,0,0,9,3,0,0,4,2,0,0,1,0,4,1,1,0,0,3,1,1,2,0,2,0,0,2,2,1,0,0,1,0,0,0,0,0,0,2,1,0,3,1,0,1,2,0,0,0,1,1,1,0,0,0,0,3,1,4,11,2,0,1,1,0,0,0,0,0,3,0,0,0,8,1,2,1,2,0,1,1,0,0,1,1,1,0,0,1,0,0,0,0,1,0,0,1,0,0,0,1,cluster1
Cirru,0,4,4,4,0,4,0,0,0,0,0,4,4,4,4,4,0,0,0,4,0,0,0,4,0,4,4,0,0,4,0,4,4,4,0,0,0,0,0,4,0,0,4,0,0,0,0,0,4,0,0,0,0,0,0,0,0,0,1,8,4,4,4,0,4,0,0,4,0,4,0,0,0,4,1,0,0,0,4,3,0,0,1,2,0,0,4,4,0,0,0,4,0,0,0,4,0,0,0,0,0,4,4,0,0,4,2,0,0,4,0,4,4,0,0,0,0,4,0,0,0,4,0,0,4,4,0,0,0,0,0,0,0,0,0,0,4,4,0,4,4,0,1,4,0,0,0,4,0,4,0,0,0,0,4,4,4,4,4,0,4,4,0,0,0,0,0,0,0,0,0,0,4,0,4,0,0,0,0,0,0,4,4,4,0,0,4,1,0,0,0,0,0,0,4,0,0,0,4,cluster2
Scala,0,12,7,6,0,4,1,0,1,0,0,5,10,4,4,20,1,0,8,7,1,3,1,4,0,69,9,2,1,4,0,7,4,41,1,0,1,0,0,28,0,0,22,0,1,1,0,0,20,0,8,1,1,0,1,1,0,6,2,4,222,4,4,0,5,1,0,4,3,4,0,1,0,11,1,4,0,1,4,3,0,2,2,4,0,0,10,17,0,1,1,4,0,1,4,4,0,0,1,0,0,56,20,1,0,28,6,0,0,4,1,39,4,1,0,0,0,6,5,1,1,5,0,0,7,6,1,0,2,0,0,0,0,0,0,1,12,6,0,8,6,0,1,5,0,2,1,4,0,4,0,0,0,0,7,12,7,61,9,0,5,4,0,0,0,0,1,6,0,2,0,16,5,1,4,3,1,0,0,0,0,4,6,5,0,0,6,1,0,2,1,3,0,1,10,0,0,0,4,cluster2
Verilog,0,4,4,4,0,4,0,0,0,0,0,4,4,4,4,6,0,0,0,4,0,0,0,4,0,5,4,0,0,4,0,4,4,5,0,0,0,0,0,5,0,0,6,0,0,0,0,0,4,0,2,0,0,0,0,0,0,0,1,4,4,14,4,0,4,0,0,4,0,4,0,0,0,4,1,0,0,0,4,3,0,0,1,2,0,0,4,4,0,0,0,4,0,0,0,4,0,0,0,0,0,4,4,0,0,6,2,0,0,4,0,5,4,0,0,0,0,4,0,0,0,4,0,0,4,4,0,0,0,0,0,0,0,0,0,0,4,4,0,6,4,0,1,4,0,0,0,4,0,4,0,0,0,0,6,4,4,7,4,0,4,4,0,0,0,0,0,0,0,0,0,2,4,0,4,0,0,0,0,0,0,4,4,4,0,0,4,1,0,0,0,0,0,0,4,0,0,0,4,cluster2
Liquid,0,4,4,4,0,4,0,0,0,0,0,4,4,4,4,4,0,0,0,4,0,0,0,4,0,5,4,0,0,4,0,4,4,5,0,0,0,0,0,5,0,0,4,0,0,0,0,0,4,0,0,0,0,0,0,0,0,0,1,4,4,4,10,0,4,0,0,4,0,4,0,0,0,4,1,0,0,0,4,3,0,0,1,2,0,0,4,4,0,0,0,4,0,0,0,4,0,0,0,0,0,4,5,0,0,5,2,0,0,4,0,5,4,0,0,0,0,4,0,0,0,4,0,0,4,4,0,0,0,0,0,0,0,0,0,0,4,4,0,4,4,0,1,4,0,0,0,4,0,4,0,0,0,0,4,4,4,5,4,0,4,4,0,0,0,0,0,0,0,0,0,1,4,0,4,0,0,0,0,0,0,4,4,4,0,0,4,1,0,0,1,0,0,0,5,0,0,0,4,cluster2
'Standard ML',0,1,0,0,0,0,0,0,0,0,0,0,1,0,0,1,0,0,0,0,0,0,0,0,0,2,1,2,0,0,1,0,0,2,0,0,0,0,0,2,0,0,3,0,0,0,0,0,2,0,2,0,0,0,0,0,0,0,0,0,0,0,0,10,1,0,0,0,0,1,0,0,0,1,0,2,0,0,0,0,0,1,0,0,0,0,0,0,1,0,0,0,0,0,0,0,0,0,0,0,0,3,3,0,0,4,0,0,0,0,0,2,0,1,0,0,0,0,1,0,1,0,0,0,2,1,0,0,0,0,0,0,0,0,0,0,1,0,0,0,0,0,0,0,0,1,0,0,0,0,0,0,0,0,1,0,0,4,0,0,0,0,0,0,0,0,0,0,0,1,0,3,0,0,0,1,0,0,1,1,0,0,1,0,0,0,0,0,0,0,0,0,0,0,0,0,0,0,0,cluster3
GLSL,0,4,5,4,0,4,0,0,0,0,0,5,5,4,4,5,0,0,0,5,1,0,0,4,0,12,4,2,1,4,0,4,4,9,0,0,0,0,0,10,0,0,12,0,1,0,1,0,8,0,2,0,0,0,0,1,0,0,1,4,5,4,4,1,50,1,0,4,2,6,0,1,0,5,1,4,0,0,4,3,0,0,1,2,0,0,4,4,0,1,1,4,0,0,2,4,0,0,0,0,0,13,5,1,0,13,2,0,0,4,0,15,4,0,0,0,0,4,1,0,1,4,0,0,5,4,4,0,1,0,0,0,1,0,0,1,12,5,0,9,5,0,2,4,0,0,1,4,1,5,0,0,0,0,5,4,4,14,5,0,6,4,1,0,0,0,0,1,0,2,0,8,4,0,4,1,0,1,0,1,0,4,4,4,0,0,5,1,0,0,0,1,0,1,4,0,0,0,4,cluster2
PostScript,0,1,1,0,0,0,0,0,0,0,0,1,0,0,0,2,0,0,0,0,0,2,2,0,0,1,0,0,0,0,0,0,0,10,0,0,0,0,0,11,0,1,7,0,0,0,0,0,4,1,3,3,1,0,0,1,0,0,3,0,1,0,0,0,1,32,0,0,1,3,0,3,0,5,0,1,0,0,0,0,0,0,0,0,0,0,1,2,0,1,1,0,0,0,2,0,0,0,0,0,0,9,3,0,0,9,0,0,0,0,0,9,0,0,0,0,2,0,2,2,1,0,0,0,1,0,2,0,1,0,0,0,0,0,0,1,1,0,0,4,1,0,0,0,0,0,1,0,0,0,0,0,0,0,3,0,0,13,1,0,1,0,0,0,0,0,0,2,0,1,0,9,1,0,0,3,0,0,1,0,0,0,2,0,0,0,2,0,0,1,0,1,0,1,0,0,0,0,0,cluster3
HLSL,0,1,1,0,0,0,0,0,0,0,0,0,0,0,0,1,0,0,0,0,0,0,0,0,0,1,0,0,0,0,0,0,0,1,0,0,0,0,0,1,0,0,1,0,0,0,0,0,1,1,0,0,0,0,0,0,0,0,0,0,0,0,0,0,0,0,2,0,0,0,0,1,0,0,0,1,0,0,0,0,0,0,0,0,0,0,0,0,0,0,0,0,0,0,1,0,0,0,0,0,0,1,1,0,0,1,0,0,0,0,0,1,0,0,0,0,0,0,0,0,0,0,0,0,0,0,0,0,0,0,0,0,0,0,0,0,0,0,0,1,0,0,0,0,0,0,0,0,0,0,0,0,0,0,0,0,0,1,0,0,0,0,0,0,0,0,0,0,0,0,0,1,0,0,0,1,0,0,0,0,0,0,0,0,0,0,0,0,0,0,0,1,0,0,0,0,0,0,0,cluster3
LSL,0,4,4,4,0,4,0,0,0,0,0,4,4,4,4,4,0,0,0,4,0,0,0,4,0,4,4,0,0,4,0,4,4,4,0,0,0,0,0,4,0,0,4,0,0,0,0,0,4,0,0,0,0,0,0,0,0,0,1,4,4,4,4,0,4,0,0,8,0,4,0,0,0,4,1,0,0,0,4,3,0,0,1,2,0,0,4,4,0,0,0,4,0,0,0,4,0,0,0,0,0,4,4,0,0,4,2,0,0,4,0,4,4,0,0,0,0,4,0,0,0,4,0,0,4,4,0,0,0,0,0,0,0,0,0,0,4,4,0,4,4,0,1,4,0,0,0,4,0,4,0,0,0,0,4,4,4,4,4,0,4,4,0,0,0,0,0,0,0,0,0,0,4,0,4,0,0,0,0,0,0,4,4,4,0,0,4,1,0,0,0,0,0,0,4,0,0,0,4,cluster2
GAP,0,1,0,0,0,0,1,0,1,0,0,0,2,0,0,4,1,0,1,0,1,1,1,0,0,11,0,2,0,0,0,2,0,9,1,0,0,0,0,9,0,0,6,0,2,1,1,0,6,0,2,1,1,0,2,1,0,0,0,0,3,0,0,0,2,1,0,0,28,1,0,2,0,1,0,2,0,0,0,0,0,0,0,0,0,0,0,1,0,1,1,0,0,0,3,0,0,0,1,0,1,6,4,1,0,7,0,0,0,0,1,9,2,0,2,0,0,1,2,0,1,1,0,0,1,1,1,2,1,0,0,0,1,0,0,1,3,1,0,4,1,0,1,0,0,1,1,0,1,1,0,0,0,0,2,0,1,11,1,0,1,0,1,0,0,0,1,3,0,2,0,9,0,1,0,1,1,1,0,0,0,0,1,0,0,0,3,0,0,0,0,2,0,1,0,0,0,0,0,cluster3
PowerShell,0,10,7,4,0,4,0,0,0,0,0,4,4,4,4,8,0,0,0,4,6,3,3,4,0,13,7,0,2,4,0,4,5,21,0,0,0,0,0,26,0,1,22,0,0,0,0,0,25,1,2,2,0,1,0,0,0,1,1,4,4,4,4,1,6,3,0,4,1,108,0,2,0,5,1,4,0,0,4,3,0,0,1,2,0,0,5,9,1,2,0,5,0,0,0,4,0,0,0,0,1,30,12,0,0,20,2,0,0,4,1,26,4,1,0,0,1,4,1,0,0,4,0,0,5,4,4,1,0,0,0,0,0,0,0,0,23,6,0,13,4,0,2,5,0,0,0,4,0,4,0,0,0,0,10,4,4,38,5,0,7,4,0,0,0,0,0,2,0,0,0,23,5,0,4,2,0,0,0,0,0,4,6,4,0,0,7,1,0,2,0,0,0,0,5,1,0,2,4,cluster2
'Module Management System',0,1,1,0,0,0,0,0,0,0,0,0,0,0,0,3,0,0,0,0,0,0,2,0,0,2,1,1,0,0,0,0,0,3,0,0,0,0,0,3,0,0,3,0,1,0,0,0,3,0,3,0,0,0,0,0,0,0,0,0,0,0,0,0,0,0,0,0,0,0,6,1,0,1,0,2,0,0,0,0,0,0,0,0,0,0,0,1,0,1,0,0,0,0,0,0,0,0,0,0,0,3,1,1,0,3,1,2,0,0,0,2,0,0,1,0,1,0,2,0,0,0,2,0,0,2,2,0,0,0,0,0,0,0,0,0,2,0,0,3,0,0,1,0,0,1,0,0,0,0,0,0,0,0,3,1,0,3,0,0,0,0,0,0,0,0,0,2,1,2,0,3,1,0,1,0,0,0,0,0,0,0,0,0,0,0,0,0,0,0,0,0,0,0,0,0,0,2,0,cluster3
M4,0,2,2,0,0,0,1,0,1,0,0,1,1,0,0,7,0,0,0,0,2,2,4,0,0,2,1,2,1,0,0,1,0,8,1,0,0,0,0,12,1,1,21,0,2,1,1,0,11,2,7,4,2,0,0,0,0,0,2,0,1,0,0,0,1,3,1,0,2,2,1,46,0,5,0,8,0,0,0,0,0,0,0,0,1,0,2,2,0,0,0,0,1,0,5,0,0,0,1,0,0,18,2,1,0,20,1,1,0,0,0,9,0,0,0,0,2,2,4,0,0,0,1,0,0,2,3,0,0,0,0,0,1,0,0,0,2,1,0,12,0,0,3,0,0,1,0,0,1,1,0,0,0,0,10,1,1,20,1,0,0,0,1,0,0,0,0,1,1,4,0,20,3,0,1,4,1,2,2,0,0,0,3,0,0,0,3,0,0,1,0,2,0,0,0,0,0,2,0,cluster3
Harbour,0,0,0,0,0,0,0,0,0,0,0,0,0,0,0,0,0,0,0,0,0,0,0,0,0,0,0,0,0,0,0,0,0,1,0,0,0,0,0,1,0,0,1,0,0,0,0,0,0,0,0,0,0,0,0,0,0,0,1,0,0,0,0,0,0,0,0,0,0,0,0,0,2,0,0,0,0,0,0,0,0,0,0,0,0,0,0,0,0,1,0,0,0,0,0,0,0,0,0,0,0,0,0,0,0,0,0,0,0,0,0,0,0,0,0,0,1,0,0,0,0,0,0,0,0,0,1,0,0,0,0,0,0,0,0,0,0,0,0,0,0,0,0,0,0,0,0,0,0,0,0,0,0,0,0,0,1,1,0,0,0,0,0,0,0,0,0,0,0,0,0,1,0,1,0,0,0,0,0,0,0,0,0,0,0,0,0,0,0,0,0,1,0,0,0,0,0,0,0,cluster3
TeX,0,8,10,4,0,6,1,0,2,1,0,5,7,4,4,25,0,0,1,4,1,1,2,4,0,16,4,3,2,4,0,5,4,61,1,0,1,0,0,60,0,1,38,2,4,1,0,0,18,0,11,2,2,2,0,0,2,13,4,4,11,4,4,1,5,5,0,4,1,5,1,5,0,394,1,7,0,1,4,3,0,1,1,2,0,0,10,75,0,0,0,4,1,1,3,4,0,0,1,1,0,61,26,2,0,81,2,4,0,4,0,47,4,0,1,0,5,5,11,3,1,4,1,1,6,8,2,0,0,0,0,0,0,1,0,0,6,4,0,13,4,0,1,4,0,3,0,4,0,4,0,1,0,5,14,4,12,69,7,0,4,4,0,1,0,0,1,3,0,5,0,31,6,4,4,3,1,0,1,1,0,4,6,6,0,0,5,1,0,1,0,2,0,0,7,0,0,2,4,cluster2
Processing,0,1,2,1,0,1,0,0,0,1,0,1,1,1,1,2,0,0,0,1,0,0,0,1,0,3,1,0,0,1,0,1,1,4,0,0,0,0,0,5,0,0,2,0,0,0,0,0,3,0,0,0,0,0,0,0,0,1,0,1,1,1,1,0,1,0,0,1,0,1,0,0,0,1,22,1,0,0,1,1,0,0,0,1,0,0,1,2,0,0,0,1,0,0,0,1,0,0,1,0,0,5,1,1,0,2,0,0,0,1,0,5,1,0,0,0,0,1,0,0,0,1,0,0,1,1,0,0,0,0,0,0,0,0,0,0,2,1,0,2,1,0,0,1,1,0,0,1,0,1,0,0,0,0,1,1,3,3,1,0,1,1,0,0,0,0,0,0,0,0,0,2,1,0,1,0,0,0,0,0,0,1,1,1,0,0,1,0,0,0,0,0,0,0,1,0,1,0,1,cluster1
CMake,0,7,6,0,0,0,0,0,1,1,0,0,1,0,0,16,0,0,0,0,0,0,2,0,0,18,5,4,0,0,1,0,0,13,0,1,0,0,0,20,0,0,74,0,1,0,1,0,19,1,8,0,0,0,2,0,0,2,1,0,4,0,0,2,4,1,1,0,2,4,2,8,0,7,1,156,0,0,0,0,0,1,0,1,0,0,4,6,0,1,0,0,1,0,1,0,0,0,0,0,0,55,9,3,0,48,1,1,0,0,0,14,2,1,3,2,3,0,3,0,0,0,3,1,1,3,10,1,0,0,0,0,0,0,0,0,10,2,0,22,1,1,2,2,1,2,0,1,1,0,0,0,0,0,9,7,9,51,1,0,0,0,0,0,0,0,0,1,1,5,0,63,3,5,1,4,0,0,1,1,0,0,0,0,0,0,2,0,0,10,1,2,0,0,0,0,1,3,0,cluster1
Idris,0,0,0,0,0,0,0,0,0,0,0,0,0,0,0,1,0,0,0,0,0,0,0,0,0,1,0,0,0,0,0,0,0,1,0,0,0,0,0,0,0,0,1,0,0,0,0,0,0,0,0,0,0,0,0,0,0,0,0,0,0,0,0,0,0,0,0,0,0,0,0,0,0,0,0,0,2,0,0,0,0,0,0,0,0,0,1,0,0,0,0,0,0,0,0,0,0,0,0,0,0,0,0,0,0,1,0,0,0,0,0,1,0,0,0,0,0,0,0,0,0,0,0,0,0,0,0,0,0,0,0,0,0,0,0,0,0,0,0,0,0,0,0,0,0,0,0,1,0,0,0,0,0,0,0,0,0,1,0,0,0,0,0,0,0,0,0,0,0,0,0,1,0,0,0,0,0,0,0,0,0,0,0,0,0,0,0,0,0,0,0,0,0,0,0,0,0,0,0,cluster3
Mako,0,0,1,0,0,0,0,0,0,0,0,0,0,0,0,1,0,0,1,0,0,1,0,0,0,1,0,0,1,0,0,0,0,9,0,0,1,0,0,9,0,0,1,0,0,0,0,0,3,0,1,0,0,0,0,0,0,0,0,0,1,0,0,0,0,0,0,0,0,0,0,0,0,1,0,0,0,20,0,0,0,0,0,0,0,0,0,1,0,0,0,0,0,1,0,0,0,0,0,0,0,10,0,0,0,6,0,0,0,0,0,8,0,0,0,0,0,0,1,1,0,0,0,0,0,0,0,0,0,0,0,0,0,0,0,0,0,0,0,0,0,0,0,0,0,0,0,0,0,0,0,0,0,0,0,0,0,10,0,0,0,0,0,0,0,0,1,2,0,0,0,4,0,0,0,0,0,0,0,0,0,0,0,0,0,0,3,0,0,0,0,0,0,0,0,1,0,0,0,cluster3
VHDL,0,4,4,4,0,4,0,0,0,0,0,4,4,4,4,4,0,0,0,4,0,0,0,4,0,4,4,0,0,4,0,4,4,4,0,0,0,0,0,4,0,0,4,0,0,0,0,0,4,0,0,0,0,0,0,0,0,0,1,4,4,4,4,0,4,0,0,4,0,4,0,0,0,4,1,0,0,0,8,3,0,0,1,2,0,0,4,4,0,0,0,4,0,0,0,4,0,0,0,0,0,4,4,0,0,4,2,0,0,4,0,4,4,0,0,0,0,4,0,0,0,4,0,0,4,4,0,0,0,0,0,0,0,0,0,0,4,4,0,4,4,0,1,4,0,0,0,4,0,4,0,0,0,0,4,4,4,4,4,0,4,4,0,0,0,0,0,0,0,0,0,0,4,0,4,0,0,0,0,0,0,4,4,4,0,0,4,1,0,0,0,0,0,0,4,0,0,0,4,cluster2
Lean,0,3,3,3,0,3,0,0,0,0,0,3,3,3,3,3,0,0,0,3,0,0,0,3,0,3,3,0,0,3,0,3,3,3,0,0,0,0,0,3,0,0,3,0,0,0,0,0,3,0,0,0,0,0,0,0,0,0,0,3,3,3,3,0,3,0,0,3,0,3,0,0,0,3,1,0,0,0,3,6,0,0,0,1,0,0,3,3,0,0,0,3,0,0,0,3,0,0,0,0,0,3,3,0,0,3,1,0,0,3,0,3,3,0,0,0,0,3,0,0,0,3,0,0,3,3,0,0,0,0,0,0,0,0,0,0,3,3,0,3,3,0,0,3,0,0,0,3,0,3,0,0,0,0,3,3,3,3,3,0,3,3,0,0,0,0,0,0,0,0,0,0,3,0,3,0,0,0,0,0,0,3,3,3,0,0,3,1,0,0,0,0,0,0,3,0,0,0,3,cluster2
RenderScript,0,0,0,0,0,0,0,0,0,0,0,0,0,0,0,1,0,0,0,0,0,0,0,0,0,1,0,0,0,0,0,0,0,0,0,0,0,0,0,1,0,0,1,0,0,0,0,0,0,0,1,0,0,0,0,0,0,0,0,0,0,0,0,0,0,0,0,0,0,0,0,0,0,0,0,0,0,0,0,0,2,0,0,0,0,0,0,0,0,0,0,0,0,0,0,0,0,0,0,0,0,1,0,0,0,1,0,0,0,0,0,0,0,0,0,0,0,0,0,0,0,0,0,0,0,0,0,0,0,0,0,0,0,0,0,0,0,0,0,0,0,0,0,0,0,0,0,0,0,0,0,0,0,0,1,0,0,1,0,0,0,0,0,0,0,0,0,0,0,0,0,1,0,0,0,0,0,0,0,0,0,0,0,0,0,0,0,0,0,0,0,0,0,0,0,0,0,0,0,cluster3
Racket,0,1,1,0,0,0,0,0,0,0,0,0,4,0,0,3,0,0,0,1,0,0,0,0,0,2,1,0,0,0,0,1,0,1,0,0,0,0,0,2,0,0,2,0,0,0,0,0,1,0,1,0,0,0,1,0,0,1,1,0,2,0,0,1,0,0,0,0,0,0,0,0,0,1,0,1,0,0,0,0,0,14,0,0,0,0,2,1,0,0,0,0,0,0,0,0,0,0,0,0,0,4,4,0,0,2,1,1,0,0,0,3,0,1,0,0,0,0,2,0,2,1,0,0,2,3,0,0,0,0,0,0,0,0,0,0,1,0,0,0,1,0,0,1,0,0,0,0,0,0,0,1,0,0,1,0,1,4,2,0,0,0,0,0,0,0,0,0,0,0,0,2,1,0,0,1,0,0,0,0,0,0,1,0,0,0,0,0,0,0,1,0,0,0,0,0,0,1,0,cluster3
Kotlin,0,1,1,1,0,1,0,0,0,0,0,1,1,1,1,1,0,0,0,1,0,1,0,1,0,4,1,0,0,1,0,1,1,3,0,0,0,0,0,3,0,0,1,0,0,0,0,0,1,0,0,0,0,0,0,0,0,0,1,1,2,1,1,0,1,0,0,1,0,1,0,0,0,1,0,0,0,0,1,0,0,0,12,1,0,0,1,1,0,0,0,1,0,0,0,1,0,0,0,0,0,1,4,0,0,1,2,0,0,1,0,3,1,0,0,0,0,1,0,0,0,1,0,0,1,1,0,0,0,0,0,0,0,0,0,0,1,1,0,2,1,0,1,1,0,0,0,1,0,1,0,0,0,0,1,2,1,3,1,0,1,1,0,0,0,0,0,1,0,0,0,0,1,0,1,0,0,0,0,0,0,1,1,1,0,0,1,0,0,0,0,0,0,0,1,0,0,0,1,cluster1
FreeMarker,0,4,2,2,0,2,0,0,0,0,0,2,2,2,2,5,0,0,0,2,0,0,0,2,0,14,2,0,0,2,0,2,2,11,0,0,0,0,0,10,0,0,4,0,0,0,0,0,8,0,0,0,0,0,0,0,0,0,1,2,4,2,2,0,2,0,0,2,0,2,0,0,0,2,1,1,0,0,2,1,0,0,1,28,0,0,2,2,0,0,0,2,0,0,0,2,0,0,0,0,1,8,5,0,0,4,1,0,0,2,2,10,2,0,0,0,0,2,2,2,0,5,0,0,2,2,0,0,0,0,0,0,0,0,0,0,2,3,0,2,2,0,1,2,0,0,0,2,0,2,0,0,0,0,2,2,2,12,2,0,2,2,0,0,0,0,0,1,0,0,0,2,2,0,2,0,0,0,0,0,0,2,2,2,0,0,2,0,0,0,0,0,0,0,2,0,0,0,2,cluster1
XC,0,0,0,0,0,0,0,0,0,0,0,0,0,0,0,0,0,0,0,0,0,0,0,0,0,0,0,0,0,0,0,0,0,0,0,0,0,0,0,0,0,0,1,0,0,0,0,0,0,0,1,0,0,0,0,0,0,0,1,0,0,0,0,0,0,0,0,0,0,0,0,1,0,0,0,0,0,0,0,0,0,0,0,0,2,0,0,0,0,0,0,0,0,0,0,0,0,0,0,0,0,1,0,0,0,0,0,0,0,0,0,0,0,0,0,0,0,0,0,0,0,0,0,0,0,0,0,0,0,0,0,0,0,0,0,0,0,0,0,1,0,0,0,0,0,0,0,0,0,0,0,0,0,0,0,0,0,1,0,0,0,0,0,0,0,0,0,0,0,0,0,1,0,0,0,0,0,1,1,0,0,0,0,0,0,0,0,0,0,0,0,0,0,0,0,0,0,0,0,cluster3
Parrot,0,1,0,0,0,0,0,0,0,0,0,0,0,0,0,0,0,0,0,0,0,0,0,0,0,0,0,0,0,0,0,0,0,0,0,0,0,0,1,0,0,0,0,0,0,0,0,0,0,0,0,0,0,0,0,0,0,0,0,0,0,0,0,0,0,0,0,0,0,0,0,0,0,0,0,0,0,0,0,0,0,0,0,0,0,2,0,0,0,0,0,0,0,0,0,0,0,0,0,0,0,1,0,0,0,0,0,0,0,0,0,1,0,0,0,0,0,0,0,0,0,0,0,0,0,0,0,0,0,0,0,0,0,0,0,0,0,0,0,0,0,0,0,0,0,0,0,0,0,0,0,0,0,0,0,0,0,0,0,0,0,0,0,0,0,0,0,0,0,0,0,1,0,0,0,1,0,0,0,0,0,0,0,0,0,0,0,0,0,0,0,0,0,0,0,0,0,0,0,cluster3
Haskell,0,10,8,5,0,6,0,0,0,0,0,6,7,4,4,12,0,0,0,6,1,0,0,4,0,14,10,0,0,4,0,5,4,15,0,0,0,0,0,16,0,2,18,1,0,0,0,0,8,0,5,1,1,0,1,0,0,4,3,4,10,4,4,0,4,1,0,4,0,5,0,2,0,10,1,4,1,0,4,3,0,2,1,2,0,0,122,5,0,1,0,4,1,0,1,4,0,0,0,0,0,20,12,1,0,16,7,0,0,4,0,18,4,2,0,0,3,6,6,0,1,5,0,0,6,6,2,0,1,0,0,0,0,1,0,0,9,4,0,7,5,0,1,5,0,0,0,5,0,4,1,0,1,0,7,5,6,26,10,0,4,4,0,0,0,0,0,0,0,2,0,16,6,1,4,1,0,0,2,0,0,4,6,7,1,0,5,1,0,0,1,1,0,0,6,0,0,1,4,cluster2
R,1,9,8,4,0,4,1,0,1,0,0,4,5,4,4,23,0,0,4,5,3,1,2,4,0,23,6,2,2,4,0,7,4,105,1,0,0,0,0,119,0,0,56,0,5,1,0,0,21,0,8,2,1,2,0,0,0,14,5,4,17,4,4,0,4,2,0,4,1,9,1,2,0,75,2,6,0,1,4,3,0,1,1,2,0,0,5,1364,0,0,0,4,0,0,1,4,0,0,1,0,2,73,31,1,0,63,2,3,0,4,1,99,4,0,1,0,2,5,6,0,1,4,1,1,5,6,1,1,0,1,0,0,0,0,0,0,8,4,1,10,4,0,2,4,0,11,0,4,0,4,0,1,0,5,7,7,9,90,4,0,4,4,0,0,0,0,1,4,0,2,0,35,4,1,4,0,1,0,0,0,0,4,5,5,0,0,4,1,0,1,0,2,0,0,11,1,0,2,4,cluster2
IDL,0,0,0,0,0,0,0,0,0,0,0,0,0,0,0,0,0,0,0,0,0,0,0,0,0,6,0,0,0,0,0,0,0,4,0,0,0,0,0,4,0,0,7,0,1,0,0,0,3,0,0,0,0,0,0,0,0,0,0,0,0,0,0,1,0,0,0,0,0,1,0,0,0,0,0,0,0,0,0,0,0,0,0,0,0,0,0,0,18,0,0,0,0,0,0,0,0,0,0,0,0,2,3,0,0,5,0,0,0,0,0,1,0,0,0,0,0,0,0,0,0,0,0,0,0,0,1,0,0,0,0,0,0,0,0,0,0,0,0,1,0,0,0,0,0,0,0,0,0,0,0,0,0,0,1,0,0,4,0,0,0,0,0,0,0,0,0,0,0,0,0,6,0,0,0,4,0,0,0,0,0,0,0,0,0,0,0,0,0,0,0,0,0,0,0,0,0,0,0,cluster3
Smalltalk,0,1,1,0,0,0,0,0,0,0,0,0,0,0,0,1,0,0,0,0,1,0,0,0,0,5,0,0,1,0,0,0,0,6,0,0,0,0,0,6,0,0,6,0,1,0,0,0,3,0,1,0,0,0,0,1,0,0,1,0,1,0,0,0,1,1,0,0,1,2,1,0,1,0,0,1,0,0,0,0,0,0,0,0,0,0,1,0,0,24,1,0,0,0,1,0,0,0,0,0,0,4,2,1,0,4,0,1,0,0,0,4,0,0,0,0,2,0,1,0,1,0,0,0,2,0,1,0,1,0,0,0,0,0,0,1,7,0,0,3,1,0,0,1,0,0,1,0,0,0,0,0,0,0,3,0,1,8,1,0,1,0,1,0,0,0,0,1,0,0,0,5,1,1,0,0,0,0,0,0,0,0,0,0,0,0,1,0,0,0,0,2,0,1,0,0,0,0,0,cluster3
Slash,0,0,0,0,0,0,0,0,0,0,0,0,0,0,0,0,0,0,0,0,0,0,0,0,0,2,0,0,0,0,0,0,0,1,0,0,0,0,0,2,0,0,0,0,0,0,0,0,1,0,0,0,0,0,0,1,0,0,0,0,1,0,0,0,1,1,0,0,1,0,0,0,0,0,0,0,0,0,0,0,0,0,0,0,0,0,0,0,0,1,4,0,0,0,1,0,0,0,0,0,0,1,1,0,0,1,0,0,0,0,0,1,0,0,0,0,0,0,1,0,1,0,0,0,1,0,0,0,1,0,0,0,0,0,0,1,0,0,0,0,1,0,0,0,0,0,1,0,0,0,0,0,0,0,0,0,0,2,1,0,1,0,0,0,0,0,0,0,0,0,0,0,0,0,0,0,0,0,0,0,0,0,0,0,0,0,0,0,0,0,0,1,0,1,0,0,0,0,0,cluster3
Mask,0,4,4,4,0,4,0,0,0,0,0,4,4,4,4,4,0,0,0,4,0,0,0,4,0,4,4,0,0,4,0,4,4,4,0,0,0,0,0,4,0,0,4,0,0,0,0,0,4,0,0,0,0,0,0,0,0,0,1,4,4,4,4,0,4,0,0,4,0,5,0,0,0,4,1,0,0,0,4,3,0,0,1,2,0,0,4,4,0,0,0,10,0,0,0,4,0,0,0,0,0,5,4,0,0,4,2,0,0,4,0,4,4,0,0,0,0,4,0,0,0,4,0,0,4,4,0,0,0,0,0,0,0,0,0,0,5,4,0,4,4,0,2,4,0,0,0,4,0,4,0,0,0,0,4,4,4,4,4,0,4,4,0,0,0,0,0,0,0,0,0,0,4,0,4,0,0,0,0,0,0,4,4,4,0,0,4,1,0,0,0,0,0,0,4,0,0,0,4,cluster2
nesC,0,0,0,0,0,0,0,0,0,0,0,0,0,0,0,0,0,0,0,0,0,0,0,0,0,0,0,0,0,0,0,0,0,1,0,0,0,0,0,1,0,0,1,0,0,0,0,0,0,0,0,0,0,0,0,0,0,0,1,0,0,0,0,0,0,0,0,0,0,0,0,1,0,1,0,1,0,0,0,0,0,0,0,0,0,0,1,0,0,0,0,0,2,0,0,0,0,0,0,0,0,1,0,0,0,1,0,0,0,0,0,1,0,0,0,0,1,0,1,0,0,0,0,0,0,0,0,0,0,0,0,0,0,0,0,0,0,0,0,0,0,0,0,0,0,0,0,0,0,0,0,0,0,0,1,0,0,1,0,0,0,0,0,0,0,0,0,0,0,0,0,1,0,0,0,0,0,0,0,0,0,0,0,0,0,0,0,0,0,0,0,0,0,0,0,0,0,0,0,cluster3
Genshi,0,0,0,0,0,0,0,0,0,0,0,0,0,0,0,1,0,0,1,0,0,1,0,0,0,1,0,0,0,0,0,0,0,1,0,0,1,0,0,1,0,0,1,0,0,0,0,0,1,0,1,0,0,0,0,0,0,0,0,0,1,0,0,0,0,0,0,0,0,0,0,0,0,1,0,0,0,1,0,0,0,0,0,0,0,0,0,0,0,0,0,0,0,2,0,0,0,0,0,0,0,1,0,0,0,1,0,0,0,0,0,1,0,0,0,0,0,0,1,1,0,0,0,0,0,0,0,0,0,0,0,0,0,0,0,0,0,0,0,0,0,0,0,0,0,0,0,0,0,0,0,0,0,0,0,0,0,1,0,0,0,0,0,0,0,0,1,1,0,0,0,1,0,0,0,0,0,0,0,0,0,0,0,0,0,0,0,0,0,0,0,0,0,0,0,0,0,0,0,cluster3
Perl6,0,4,1,0,0,0,1,0,1,0,0,1,1,0,0,14,0,0,0,0,1,0,1,0,0,5,1,3,0,0,0,1,0,7,1,0,0,0,0,8,0,1,8,0,2,1,1,0,6,1,5,2,2,0,0,1,0,0,0,0,4,0,0,0,2,2,1,0,3,0,0,5,0,3,0,1,0,0,0,0,0,0,0,0,0,0,1,1,0,1,1,0,0,0,32,0,0,0,1,0,0,9,5,1,0,11,0,0,0,0,0,7,0,0,0,0,1,1,4,0,1,1,0,0,2,1,2,0,1,0,0,0,1,0,0,1,1,1,0,7,1,0,1,1,0,1,1,0,1,1,0,0,0,0,6,0,1,13,1,0,1,0,1,0,0,0,0,3,0,5,0,8,1,0,0,3,1,2,1,0,0,0,1,0,0,0,1,0,0,0,0,3,0,1,0,0,0,0,0,cluster3
ABAP,0,4,4,4,0,4,0,0,0,0,0,4,4,4,4,4,0,0,0,4,0,0,0,4,0,4,4,0,0,4,0,4,4,4,0,0,0,0,0,4,0,0,4,0,0,0,0,0,4,0,0,0,0,0,0,0,0,0,1,4,4,4,4,0,4,0,0,4,0,4,0,0,0,4,1,0,0,0,4,3,0,0,1,2,0,0,4,4,0,0,0,4,0,0,0,10,0,0,0,0,0,4,4,0,0,4,2,0,0,4,0,4,4,0,0,0,0,4,0,0,0,4,0,0,4,4,0,0,0,0,0,0,0,0,0,0,4,4,0,4,4,0,1,4,0,0,0,4,0,4,0,0,0,0,4,4,4,4,4,0,4,4,0,0,0,0,0,0,0,0,0,0,4,0,4,0,0,0,0,0,0,4,4,4,0,0,4,1,0,0,0,0,0,0,4,0,0,0,4,cluster2
NetLogo,0,0,0,0,0,0,0,0,0,0,0,0,0,0,0,0,0,0,0,0,0,0,0,0,0,0,0,0,0,0,0,0,0,0,0,0,0,0,0,0,0,0,0,0,0,0,0,0,0,0,0,0,0,0,0,0,0,0,0,0,0,0,0,0,0,0,0,0,0,0,0,0,0,0,0,0,0,0,0,0,0,0,0,0,0,0,0,0,0,0,0,0,0,0,0,0,2,0,0,0,0,0,0,0,0,0,0,0,0,0,0,0,0,0,0,0,0,0,0,0,0,0,0,0,0,0,0,0,0,0,0,0,0,0,0,0,0,0,0,0,0,0,0,0,0,0,0,0,0,0,0,0,0,0,0,0,0,0,0,0,0,0,0,0,0,0,0,0,0,0,0,0,0,0,0,0,0,0,0,0,0,0,0,0,0,0,0,0,0,0,0,0,0,0,0,0,0,0,0,cluster3
'Component Pascal',0,0,0,0,0,0,0,0,0,0,0,0,0,0,0,0,0,0,0,0,0,0,0,0,0,0,0,0,0,0,0,0,0,1,0,0,0,0,0,0,0,0,0,0,0,0,0,0,0,0,0,0,0,0,0,0,0,0,0,0,0,0,0,0,0,0,0,0,0,0,0,0,0,0,0,0,0,0,0,0,0,0,0,0,0,0,0,0,0,0,0,0,0,0,0,0,0,2,0,0,0,1,1,0,0,0,0,0,0,0,0,1,0,0,0,0,0,0,1,0,0,0,0,0,0,0,0,0,0,0,0,0,0,0,0,0,0,0,0,0,0,0,0,0,0,0,0,0,0,0,0,0,0,0,0,0,0,1,0,0,0,0,0,0,0,0,0,0,0,0,0,0,0,0,0,0,0,0,0,0,0,0,0,0,0,0,0,0,0,0,0,0,0,0,0,0,0,0,0,cluster3
SuperCollider,0,0,0,0,0,0,1,0,1,0,0,0,0,0,0,1,0,0,0,0,0,0,1,0,0,1,0,1,0,0,0,1,0,0,1,0,0,0,0,1,0,0,1,0,1,1,0,0,0,0,1,1,1,0,0,0,0,0,0,0,1,0,0,0,0,0,0,0,1,0,0,1,0,1,1,0,0,0,0,0,0,0,0,0,0,0,0,1,0,0,0,0,0,0,1,0,0,0,4,0,0,2,0,0,0,1,0,0,0,0,0,0,0,0,0,0,0,1,1,0,0,0,0,0,0,1,0,0,0,0,0,0,0,0,0,0,0,0,0,1,0,0,0,0,0,1,0,0,0,0,0,0,0,0,1,0,1,1,0,0,0,0,0,0,0,0,0,0,0,1,0,1,0,0,0,0,1,0,0,0,0,0,1,0,0,0,0,0,0,0,0,1,0,0,0,0,0,0,0,cluster3
MAXScript,0,0,0,0,0,0,0,0,0,0,0,0,0,0,0,0,0,0,0,0,0,0,0,0,0,0,0,0,0,0,0,0,0,1,0,0,0,0,0,1,0,0,1,0,0,0,0,0,1,0,0,0,0,0,0,0,0,0,0,0,0,0,0,0,0,0,0,0,0,0,0,0,0,1,0,0,0,0,0,0,0,0,0,0,0,0,0,0,0,0,0,0,0,0,0,0,0,0,0,2,0,0,0,0,0,1,0,0,0,0,0,0,0,0,0,0,0,0,0,0,0,0,0,0,0,1,0,0,0,0,0,0,0,0,0,0,0,0,0,0,0,0,0,0,0,0,0,0,0,0,0,0,0,0,0,0,0,1,0,0,0,0,0,0,0,0,0,0,0,0,0,1,0,0,0,0,0,0,0,0,0,0,0,0,0,0,0,0,0,0,0,0,0,0,0,0,0,0,0,cluster3
SQLPL,0,1,0,0,0,0,0,0,0,0,0,0,0,0,0,0,0,0,0,0,0,3,0,0,0,2,0,0,0,0,0,0,0,3,0,0,0,0,0,3,0,0,1,0,1,0,0,0,3,0,0,0,0,0,0,0,0,0,0,0,0,0,0,0,0,0,0,0,1,1,0,0,0,0,0,0,0,0,0,0,0,0,0,1,0,0,0,2,0,0,0,0,0,0,0,0,0,0,0,0,12,3,1,0,0,0,0,0,0,0,0,2,0,0,0,0,0,0,0,1,0,1,0,0,0,0,0,2,0,0,0,0,0,0,0,0,0,0,0,0,0,0,0,0,0,0,0,0,0,0,0,0,0,0,0,0,0,5,0,0,0,0,0,0,0,0,0,1,0,0,0,0,0,0,0,0,0,0,0,0,0,0,0,0,0,0,0,0,0,0,0,0,0,0,0,0,0,0,0,cluster3
Python,1,65,31,6,0,7,1,4,3,4,0,9,15,4,4,102,0,0,9,9,4,7,6,4,2,148,36,9,12,4,1,9,9,350,1,1,1,2,1,371,0,2,231,2,14,1,3,1,111,4,48,6,2,2,1,1,2,97,9,4,56,4,4,3,13,9,1,4,6,30,3,18,0,61,5,55,0,10,4,3,1,4,1,8,1,1,20,73,2,4,1,5,1,1,9,4,0,1,2,0,3,2914,111,6,0,322,11,2,3,4,4,363,4,4,4,2,8,9,27,12,3,11,3,1,12,16,25,3,2,0,0,1,3,2,1,1,47,13,7,81,6,1,11,11,4,4,1,4,4,6,0,0,0,0,53,27,29,556,17,0,9,4,1,1,1,0,5,20,1,11,1,239,11,10,5,12,1,3,5,2,0,4,13,10,2,2,19,2,1,19,2,5,0,1,31,3,1,15,4,cluster1
Ruby,0,42,11,4,0,7,0,0,0,0,0,5,13,4,4,50,1,1,2,9,0,2,2,4,0,68,19,2,5,4,0,8,16,272,0,0,0,0,0,245,0,0,72,2,7,0,0,0,32,1,13,1,0,1,1,1,0,7,3,4,20,4,5,3,5,3,1,4,4,12,1,2,0,26,1,9,0,0,4,3,0,4,4,5,0,0,12,31,3,2,1,4,0,0,5,4,0,1,0,0,1,111,1256,1,0,68,55,1,2,4,0,298,4,2,0,0,0,6,7,6,3,11,1,0,10,8,6,1,1,1,0,0,0,2,1,1,15,6,1,108,6,0,6,7,0,1,1,4,0,5,1,0,0,0,20,12,6,214,14,1,10,4,0,0,0,0,2,11,1,5,1,78,7,1,5,9,0,1,0,0,0,4,8,10,1,0,7,1,0,2,3,2,1,1,92,3,0,7,4,cluster1
SourcePawn,0,4,2,0,0,0,0,0,1,1,0,0,1,0,0,5,0,0,0,0,1,0,1,0,0,2,1,3,1,0,0,0,0,6,0,0,0,0,0,5,0,0,7,0,2,0,1,0,4,0,2,0,0,0,0,0,0,0,0,0,1,0,0,0,1,0,0,0,1,0,1,1,0,2,1,3,0,0,0,0,0,0,0,0,0,0,1,1,0,1,0,0,0,0,1,0,0,0,0,0,0,6,1,14,0,5,1,0,0,0,0,3,0,0,1,0,1,1,1,0,0,0,1,0,0,1,2,0,0,0,0,0,2,0,0,0,4,1,0,4,0,0,1,0,0,1,0,0,1,1,0,0,0,0,5,0,1,6,1,0,0,0,2,0,0,0,0,2,0,3,0,6,1,0,0,1,0,1,0,0,0,0,0,1,0,0,3,0,0,0,0,0,0,0,1,0,1,1,0,cluster3
AspectJ,0,0,0,0,0,0,0,0,0,0,0,0,0,0,0,0,0,0,0,0,0,0,0,0,0,1,0,0,0,0,0,0,0,1,0,0,0,0,0,0,0,0,0,0,0,0,0,0,0,0,0,0,0,0,0,0,0,0,0,0,0,0,0,0,0,0,0,0,0,0,0,0,0,0,0,0,0,0,0,0,0,0,0,0,0,0,0,0,0,0,0,0,0,0,0,0,0,0,0,0,0,0,0,0,2,0,0,0,0,0,0,1,0,0,0,0,0,0,0,0,0,1,0,0,0,0,0,0,0,0,0,0,0,0,0,0,0,0,0,0,0,0,0,0,0,0,0,0,0,0,0,0,0,0,0,0,0,0,0,0,0,0,0,0,0,0,1,0,0,0,0,0,0,0,0,0,0,0,0,0,0,0,0,0,0,0,0,0,0,0,0,0,0,0,0,0,0,0,0,cluster3
Makefile,0,36,21,6,2,8,1,0,2,3,0,7,14,4,4,71,1,0,5,7,3,5,5,4,1,104,35,9,9,4,1,9,4,194,1,0,1,0,0,208,3,1,245,2,11,1,4,2,91,4,47,6,2,2,2,1,2,17,4,4,28,6,5,4,13,9,1,4,7,20,3,20,0,81,2,48,1,6,4,3,1,2,1,4,0,0,16,63,5,4,1,4,1,1,11,4,0,0,1,1,0,322,68,5,0,1250,4,3,0,4,1,207,6,1,7,2,8,6,15,12,1,7,3,1,15,12,20,4,1,0,0,1,3,1,0,1,29,11,5,76,6,1,9,11,3,4,1,5,3,5,0,0,0,2,58,23,17,350,11,1,6,4,1,1,1,0,4,10,1,14,1,258,10,8,5,14,1,2,4,1,0,4,9,9,2,1,15,1,0,24,3,4,0,1,19,2,1,10,4,cluster1
Swift,0,7,5,3,0,2,0,0,0,0,0,3,3,2,2,5,0,0,0,4,0,1,1,2,0,11,8,0,1,2,0,3,2,8,0,0,0,0,0,12,0,0,14,0,0,0,0,0,4,0,2,0,0,0,1,0,0,1,2,2,6,2,2,0,2,0,0,2,0,2,1,1,0,2,0,1,0,0,2,1,0,1,2,1,0,0,7,2,0,0,0,2,0,0,0,2,0,0,0,0,0,11,55,1,0,4,232,1,0,2,0,13,2,2,0,0,0,4,2,0,1,3,1,0,3,3,5,0,1,0,0,0,0,0,0,0,8,2,0,51,2,0,2,3,0,0,0,2,0,2,0,0,0,0,4,5,3,30,6,0,2,2,0,0,0,0,0,0,1,1,0,14,3,0,3,0,0,0,0,0,0,2,3,4,0,0,3,1,0,0,0,0,0,0,3,0,0,1,2,cluster2
SAS,0,0,1,0,0,0,0,0,0,0,0,0,1,0,0,2,0,0,0,0,0,0,1,0,0,2,1,0,0,0,0,0,0,2,0,0,0,0,0,2,0,0,3,0,1,0,0,0,2,0,2,0,0,0,0,0,0,0,0,0,0,0,0,0,0,0,0,0,0,0,2,1,0,4,0,1,0,0,0,0,0,1,0,0,0,0,0,3,0,1,0,0,0,0,0,0,0,0,0,0,0,2,1,0,0,3,1,12,0,0,0,1,0,0,0,0,0,0,2,0,1,0,1,0,0,1,1,0,0,0,0,0,0,0,0,0,2,0,0,2,0,0,1,0,0,0,0,0,0,0,0,1,0,0,2,1,0,3,0,0,0,0,0,0,0,0,0,1,1,1,0,2,1,0,1,0,0,0,0,0,0,0,0,0,0,0,0,0,0,0,0,0,0,0,0,0,0,1,0,cluster3
'Vim script',0,0,1,0,0,0,0,0,1,0,0,0,0,0,0,1,0,0,0,0,0,0,0,0,0,0,0,0,0,0,0,0,0,2,0,0,0,0,0,1,0,0,1,0,0,0,0,0,0,0,0,0,0,0,0,0,0,0,0,0,0,0,0,0,0,0,0,0,0,0,0,0,0,0,0,0,0,0,0,0,0,0,0,0,0,0,0,0,0,0,0,0,0,0,0,0,0,0,0,0,0,3,2,0,0,0,0,0,18,0,0,2,0,0,0,0,0,0,1,0,0,0,0,0,0,0,0,0,0,0,0,0,0,0,0,0,1,0,1,0,0,0,0,0,0,0,0,0,0,0,0,0,0,0,0,0,0,7,0,0,0,0,0,0,0,0,0,1,0,0,0,1,0,0,0,0,0,0,0,0,0,0,0,0,0,0,0,0,0,0,0,0,0,0,0,0,0,0,0,cluster3
OpenSCAD,0,4,4,4,0,4,0,0,0,0,0,4,4,4,4,4,0,0,0,4,0,0,0,4,0,4,4,0,0,4,0,4,4,4,0,0,0,0,0,4,0,0,4,0,0,0,0,0,4,0,0,0,0,0,0,0,0,0,1,4,4,4,4,0,4,0,0,4,0,4,0,0,0,4,1,0,0,0,4,3,0,0,1,2,0,0,4,4,0,0,0,4,0,0,0,4,0,0,0,0,0,4,4,0,0,4,2,0,0,8,0,4,4,0,0,0,0,4,0,0,0,4,0,0,4,4,0,0,0,0,0,0,0,0,0,0,4,4,0,4,4,0,1,4,0,0,0,4,0,4,0,0,0,0,4,4,4,4,4,0,4,4,0,0,0,0,0,0,0,0,0,0,4,0,4,0,0,0,0,0,0,4,4,4,0,0,4,1,0,0,0,0,0,0,4,0,0,0,4,cluster2
ANTLR,0,0,0,0,0,0,0,0,0,0,0,0,0,0,0,2,0,0,1,0,0,0,0,0,0,4,0,0,0,0,0,0,0,1,0,0,0,0,0,3,0,0,0,0,0,0,0,0,4,0,1,0,0,0,0,0,0,0,0,0,1,0,0,0,0,0,0,0,1,1,0,0,0,0,0,0,0,0,0,0,0,0,0,2,0,0,0,1,0,0,0,0,0,0,0,0,0,0,0,0,0,4,0,0,0,1,0,0,0,0,8,2,0,0,0,0,0,0,2,0,0,2,0,0,0,0,0,0,0,0,0,0,0,0,0,0,1,0,0,0,0,0,0,0,0,0,0,0,0,0,0,0,0,0,0,0,0,3,0,0,0,0,0,0,0,0,0,0,0,0,0,2,0,0,0,0,0,0,0,0,0,0,0,0,0,0,0,0,0,0,0,0,0,0,0,0,0,0,0,cluster3
JavaScript,0,212,21,7,2,11,0,0,3,0,0,7,16,4,4,79,1,0,5,9,22,10,5,4,8,177,38,5,68,4,1,9,22,1314,0,0,1,1,1,1187,3,1,112,2,6,0,2,0,114,2,32,4,0,4,3,1,0,33,4,4,39,5,5,2,15,9,1,4,9,26,2,9,0,47,5,14,1,8,4,3,0,3,3,10,0,1,18,99,1,4,1,4,1,1,7,4,0,1,0,0,2,363,298,3,1,207,13,1,2,4,2,4236,6,4,6,0,4,7,16,25,2,17,2,1,7,8,17,7,2,1,0,1,1,2,0,1,50,51,8,72,5,0,7,9,5,3,1,5,1,7,1,0,0,1,29,20,11,447,12,1,15,4,1,1,0,0,4,34,1,8,1,131,8,1,5,7,0,1,2,1,0,4,12,9,2,1,18,7,0,2,3,3,1,1,161,4,0,13,4,cluster1
Forth,0,4,4,4,0,4,0,0,0,0,1,4,4,4,4,5,0,0,0,4,0,0,0,4,0,6,4,0,0,4,0,4,4,6,0,0,0,0,0,7,0,0,6,0,0,0,0,0,6,0,1,0,0,0,2,0,0,0,1,4,4,4,4,0,4,0,0,4,2,4,0,0,0,4,1,2,0,0,4,3,0,0,1,2,0,0,4,4,0,0,0,4,0,0,0,4,0,0,0,0,0,4,4,0,0,6,2,0,0,4,0,6,14,0,2,0,0,4,0,0,0,4,0,0,4,4,0,0,0,0,0,0,0,0,0,0,4,4,0,6,4,0,1,4,0,0,0,4,0,4,0,0,0,0,4,4,4,7,4,0,4,4,0,0,1,1,0,0,0,0,0,3,4,0,4,0,0,0,0,0,0,4,4,4,0,0,7,1,0,0,1,0,0,0,4,0,0,0,4,cluster2
F#,0,3,1,0,0,0,0,0,0,0,0,1,1,0,0,3,0,0,0,1,1,0,0,0,0,3,3,1,0,0,1,1,0,2,0,0,0,0,0,3,0,0,3,0,0,0,0,0,3,0,2,0,0,0,1,0,0,1,1,0,1,0,0,1,0,0,0,0,0,1,0,0,0,0,0,1,0,0,0,0,0,1,0,0,0,0,2,0,0,0,0,0,0,0,0,0,0,0,0,0,0,4,2,0,0,1,2,0,0,0,0,4,0,20,0,0,0,1,0,0,1,1,0,0,1,0,0,0,0,0,0,0,0,0,0,0,6,0,0,0,0,0,0,1,0,1,0,0,0,0,0,0,0,0,1,0,1,6,2,0,0,0,0,0,0,0,0,1,0,0,0,3,1,0,0,0,0,0,1,0,0,0,0,1,0,0,1,0,0,0,0,0,0,0,0,1,0,0,0,cluster3
'Inno Setup',0,1,0,0,0,0,0,0,0,0,0,0,0,0,0,1,0,0,0,0,0,0,1,0,0,3,0,1,0,0,0,0,0,4,0,0,0,0,0,6,0,0,8,0,0,0,1,0,6,0,2,0,0,0,2,0,0,0,0,0,0,0,0,0,0,0,0,0,2,0,1,0,0,1,0,3,0,0,0,0,0,0,0,0,0,0,0,1,0,0,0,0,0,0,0,0,0,0,0,0,0,4,0,1,0,7,0,0,0,0,0,6,2,0,20,0,1,0,1,0,0,0,1,0,0,1,2,0,0,0,0,0,0,0,0,0,1,1,0,7,0,0,0,1,0,1,0,0,0,0,0,0,0,0,1,1,0,7,0,0,0,0,0,0,0,0,0,1,0,1,0,7,0,0,0,1,0,0,0,0,0,0,0,0,0,0,3,0,0,0,0,0,0,0,0,0,0,1,0,cluster3
Bison,0,1,0,0,0,0,0,0,0,0,0,0,1,0,0,2,0,0,0,0,1,0,0,0,0,0,0,0,0,0,0,0,0,0,0,0,0,0,0,1,0,0,3,0,2,0,0,0,0,0,3,0,0,0,0,0,0,0,0,0,0,0,0,0,0,0,0,0,0,0,0,0,0,0,0,2,0,0,0,0,0,0,0,0,0,0,0,0,0,0,0,0,0,0,0,0,0,0,0,0,0,2,0,0,0,2,0,0,0,0,0,0,0,0,0,8,0,0,0,0,0,0,0,0,0,0,0,0,0,0,0,0,1,0,0,0,0,0,0,2,0,0,0,0,0,0,0,1,1,0,0,0,0,0,2,0,0,3,0,0,0,0,0,0,0,0,0,0,0,0,0,3,0,0,0,0,0,0,0,0,0,0,0,0,0,0,0,0,0,0,0,0,0,0,0,0,0,0,0,cluster3
Gnuplot,0,1,0,0,0,0,0,0,0,0,0,1,0,0,0,3,0,0,0,0,0,0,1,0,0,1,0,1,0,0,0,0,0,5,0,0,0,0,0,7,0,2,8,0,0,0,0,0,2,0,2,1,1,0,0,0,0,0,3,0,0,0,0,0,0,2,0,0,0,1,1,2,1,5,0,3,0,0,0,0,0,0,0,0,0,0,3,2,0,2,0,0,1,0,1,0,0,0,0,0,0,8,0,1,0,8,0,0,0,0,0,4,0,0,1,0,22,0,3,0,0,0,1,0,0,1,3,0,0,0,0,0,0,0,0,0,1,0,0,2,0,0,0,0,1,1,0,0,0,0,0,0,0,0,3,0,1,8,0,0,0,0,0,0,0,0,0,1,0,2,0,9,1,1,0,1,0,0,1,0,0,0,0,0,0,0,0,0,0,0,0,1,0,0,0,0,0,1,0,cluster3
Elixir,0,6,5,4,0,4,1,0,1,0,0,5,4,4,4,6,0,0,0,4,0,0,1,4,0,6,6,1,0,4,0,5,5,6,1,0,0,0,0,8,0,0,7,0,1,1,0,0,5,0,1,1,1,0,0,0,0,0,1,4,6,4,4,0,4,0,0,4,1,4,0,2,0,5,1,0,0,0,4,3,0,0,1,2,0,0,6,5,0,0,0,4,0,0,1,4,0,0,1,0,0,9,6,1,0,6,4,0,0,4,0,7,4,1,0,0,0,30,1,0,1,4,0,0,4,5,0,0,0,0,0,0,0,0,0,0,5,4,0,5,4,0,2,4,0,1,0,4,0,4,0,0,0,0,5,4,5,11,9,0,4,4,0,0,0,0,0,0,0,1,0,3,4,0,4,0,1,0,0,0,0,4,5,6,0,0,5,1,0,0,0,1,0,0,5,0,0,0,4,cluster2
'Emacs Lisp',0,6,2,1,0,0,1,0,1,0,0,1,2,0,0,12,0,0,1,1,0,1,3,0,0,9,5,2,0,0,0,1,0,18,1,0,1,0,0,17,0,1,11,0,1,1,0,0,11,1,8,2,2,0,0,1,0,2,1,0,5,0,0,1,1,2,0,0,2,1,2,4,0,11,0,3,0,1,0,0,0,2,0,2,0,0,6,6,0,1,1,0,1,1,4,0,0,1,1,0,0,27,7,1,0,15,2,2,1,0,2,16,0,0,1,0,3,1,108,1,3,3,2,0,3,5,4,0,2,0,0,1,0,1,0,1,2,0,0,7,1,0,2,1,0,3,1,0,0,0,0,1,0,0,8,2,1,30,3,0,1,0,0,0,0,0,1,3,1,4,0,12,2,0,1,0,1,0,1,0,0,0,3,0,0,0,0,0,0,0,0,2,0,1,1,0,0,6,0,cluster3
Smarty,0,8,0,0,0,0,0,0,0,0,0,0,0,0,0,2,0,0,1,0,0,1,0,0,0,4,9,0,3,0,0,0,0,23,0,0,1,0,0,24,0,0,3,0,1,0,0,0,3,0,3,0,0,0,0,0,0,0,2,0,1,0,0,0,0,2,0,0,0,0,0,0,0,3,0,0,0,1,0,0,0,0,0,2,0,0,0,0,0,0,0,0,0,1,0,0,0,0,0,0,1,12,6,0,0,12,0,0,0,0,0,25,0,0,0,0,0,0,1,72,0,1,0,0,0,0,0,0,0,0,0,0,0,0,0,0,0,1,0,0,0,0,0,1,0,0,0,0,0,0,0,0,0,0,0,1,0,18,0,1,0,0,0,0,0,0,1,4,0,1,1,5,0,0,0,2,0,0,0,0,0,0,0,0,0,0,0,0,0,0,0,0,0,0,1,1,0,1,0,cluster3
Hy,0,1,0,0,0,0,0,0,0,0,0,1,2,0,0,1,0,0,0,0,0,0,0,0,0,2,1,0,0,0,0,0,0,1,0,0,0,0,0,2,0,0,1,0,0,0,0,0,0,0,0,0,0,0,0,1,0,0,0,0,1,0,0,1,1,1,0,0,1,0,0,0,0,1,0,0,0,0,0,0,0,2,0,0,0,0,1,1,0,1,1,0,0,0,1,0,0,0,0,0,0,3,3,0,0,1,1,1,0,0,0,2,0,1,0,0,0,1,3,0,8,0,0,0,2,1,0,0,1,0,0,0,0,0,0,1,0,0,0,0,1,0,0,0,0,0,1,0,0,0,0,1,0,0,0,0,0,4,2,0,1,0,0,0,0,0,0,0,0,0,0,1,0,0,0,0,0,0,0,0,0,0,1,1,0,0,0,0,0,0,0,1,0,1,0,0,0,0,0,cluster3
Groovy,0,5,5,4,0,4,0,0,0,0,0,4,5,4,4,12,0,0,0,5,0,0,0,4,0,40,9,0,2,4,0,5,6,16,0,0,0,0,0,20,0,0,10,0,0,0,0,0,16,0,2,0,0,0,1,0,0,1,2,4,5,4,4,0,4,0,0,4,1,4,0,0,0,4,1,0,0,0,4,3,0,1,1,5,0,0,5,4,0,0,0,4,0,0,1,4,0,0,0,0,1,11,11,0,1,7,3,0,0,4,2,17,4,1,0,0,0,4,3,1,0,84,0,0,5,4,0,0,0,0,0,0,0,0,0,0,5,4,0,9,4,0,4,5,0,0,0,4,0,4,0,0,0,0,9,6,5,26,5,0,4,4,0,0,0,0,1,4,0,0,0,7,4,0,4,0,0,0,0,0,0,4,4,4,0,0,4,1,0,0,0,0,0,0,4,0,0,0,4,cluster2
LLVM,0,1,1,0,0,0,0,0,0,0,0,0,0,0,0,2,0,0,0,0,0,0,2,0,0,1,1,1,0,0,0,0,0,2,0,0,0,0,0,2,0,0,3,0,0,0,0,0,2,0,2,0,0,0,0,0,0,0,0,0,0,0,0,0,0,0,0,0,0,0,2,1,0,1,0,3,0,0,0,0,0,0,0,0,0,0,0,1,0,0,0,0,0,0,0,0,0,0,0,0,0,3,1,1,0,3,1,1,0,0,0,2,0,0,1,0,1,0,2,0,0,0,6,0,0,2,2,1,0,0,0,0,0,0,0,0,2,0,0,2,0,0,1,1,0,1,0,0,0,0,0,0,0,0,2,1,0,3,0,0,0,0,0,0,0,0,0,1,1,3,0,3,1,0,1,0,0,0,0,0,0,0,0,0,0,0,0,0,0,0,0,0,0,0,0,0,0,2,0,cluster3
Mercury,0,0,0,0,0,0,0,0,0,0,0,0,0,0,0,1,0,0,0,0,0,0,0,0,0,0,0,0,0,0,0,0,0,1,0,0,0,0,0,0,0,0,0,0,0,0,0,0,0,0,0,0,0,0,0,0,0,0,0,0,0,0,0,0,0,0,0,0,0,0,0,0,0,1,0,1,0,0,0,0,0,0,0,0,0,0,0,1,0,0,0,0,0,0,0,0,0,0,0,0,0,1,0,0,0,1,0,0,0,0,0,1,0,0,0,0,0,0,0,0,0,0,0,4,0,0,0,0,0,0,0,0,0,0,0,0,0,0,0,1,0,0,0,0,0,0,0,0,0,0,0,0,0,0,0,0,2,1,0,0,0,0,0,0,0,0,0,0,0,0,0,1,0,0,0,0,0,0,0,0,0,0,0,0,0,0,0,0,0,0,0,0,0,0,0,0,0,0,0,cluster3
OCaml,0,8,6,4,0,4,0,0,0,0,0,4,6,4,4,8,0,0,0,5,1,0,0,4,0,9,5,1,0,4,0,5,4,6,0,0,0,0,0,6,0,0,10,0,0,0,0,0,5,0,2,0,0,0,1,1,0,2,2,4,7,4,4,2,5,1,0,4,1,5,0,0,0,6,1,1,0,0,4,3,0,2,1,2,0,0,6,5,0,2,1,4,0,0,2,4,0,0,0,0,0,12,10,0,0,15,3,0,0,4,0,7,4,1,0,0,0,4,3,0,2,5,0,0,40,5,0,0,1,0,0,0,0,0,0,1,7,4,0,6,5,0,1,6,0,0,1,4,0,4,0,0,0,0,5,4,6,11,7,0,5,4,0,0,0,0,0,0,0,1,0,6,4,1,4,0,0,1,0,0,0,4,5,4,0,0,4,1,0,0,0,2,0,1,4,0,0,1,4,cluster2
Scheme,0,6,5,4,0,4,1,0,1,0,0,4,6,4,4,10,0,0,0,5,0,0,3,4,0,5,6,2,0,4,0,5,4,9,1,0,0,0,0,10,0,0,12,0,1,1,0,0,7,0,5,1,1,0,0,0,0,0,2,4,6,4,4,1,4,0,0,4,1,4,2,2,0,8,1,3,0,0,4,3,0,3,1,2,0,0,6,6,0,0,0,4,0,0,1,4,0,0,1,1,0,16,8,1,0,12,3,1,0,4,0,8,4,0,1,0,1,5,5,0,1,4,2,0,5,42,2,0,0,0,0,0,0,0,0,0,6,4,0,8,5,0,2,4,0,2,0,4,1,4,0,0,0,0,10,6,6,16,5,0,4,4,0,0,0,0,0,2,1,3,0,9,6,1,5,1,1,0,0,0,0,4,6,4,0,0,4,1,0,0,1,1,0,0,4,0,0,3,4,cluster2
Objective-C++,0,3,5,1,0,0,0,0,0,1,0,1,1,0,0,5,0,0,0,1,1,0,2,0,0,13,4,2,1,0,0,0,0,13,0,0,0,0,0,17,0,1,38,0,2,0,2,0,12,0,9,1,1,0,0,0,0,1,1,0,1,0,0,0,4,2,0,0,1,4,2,3,1,2,0,10,0,0,0,0,0,0,0,0,0,0,2,1,1,1,0,0,0,0,2,0,0,0,0,0,0,25,6,2,0,20,5,1,0,0,0,17,0,0,2,0,3,0,4,0,0,0,2,0,0,2,80,0,1,0,0,0,1,1,0,0,10,4,0,34,0,0,3,0,0,1,0,0,2,1,0,0,0,0,8,3,1,31,1,0,0,0,1,0,0,0,0,2,1,4,0,36,2,1,1,2,0,1,1,0,0,0,1,0,0,0,1,0,0,0,0,1,0,0,1,0,0,2,0,cluster1
PLpgSQL,0,0,0,0,0,0,0,0,0,0,0,0,0,0,0,0,0,0,0,1,0,4,0,0,0,3,1,0,0,0,0,0,0,6,0,0,0,0,0,8,0,0,3,0,0,0,0,0,4,0,0,0,0,0,0,0,0,0,0,0,0,0,0,0,0,0,0,0,2,1,0,0,0,0,0,1,0,0,0,0,0,0,0,0,0,0,0,1,0,0,0,0,0,0,0,0,0,0,0,0,2,3,1,0,0,4,0,0,0,0,0,7,0,0,0,0,0,0,0,0,0,0,1,0,0,0,0,20,0,0,0,0,0,0,0,0,1,0,0,0,0,0,0,1,0,0,0,0,0,0,0,0,0,0,0,0,0,8,0,0,0,0,0,0,0,0,0,0,0,1,0,2,0,0,0,0,0,0,0,0,0,0,0,0,0,0,0,0,0,0,0,0,0,0,0,1,0,0,0,cluster3
NewLisp,0,1,0,1,0,0,0,0,0,0,0,0,0,0,0,0,0,0,0,1,0,0,0,0,0,2,1,0,0,0,0,0,0,2,0,0,0,0,0,2,0,0,1,0,0,0,0,0,0,0,0,0,0,0,0,1,0,0,0,0,2,0,0,0,1,1,0,0,1,0,0,0,0,0,0,0,0,0,0,0,0,0,0,0,0,0,1,0,0,1,1,0,0,0,1,0,0,0,0,0,0,2,1,0,0,1,1,0,0,0,0,2,0,0,0,0,0,0,2,0,1,0,0,0,1,0,1,0,4,0,0,0,0,0,0,1,1,0,0,1,1,0,0,0,0,0,1,0,0,0,0,0,0,0,0,1,0,2,2,0,1,0,0,0,0,0,0,0,0,0,0,1,0,0,0,0,0,0,0,0,0,0,1,0,0,0,0,0,0,0,0,1,0,1,0,0,0,0,0,cluster3
MoonScript,0,0,1,0,0,0,0,0,0,0,0,0,0,0,0,1,0,0,0,0,0,0,0,0,0,0,0,0,0,0,0,0,0,0,0,0,0,0,0,1,0,0,0,0,0,0,0,0,0,0,0,0,0,0,0,0,0,0,1,0,0,0,0,0,0,0,0,0,0,0,0,0,0,0,0,0,0,0,0,0,0,0,0,0,0,0,0,1,0,0,0,0,0,0,0,0,0,0,0,0,0,0,1,0,0,0,0,0,0,0,0,1,0,0,0,0,0,0,0,0,0,0,0,0,0,0,0,0,0,2,0,0,0,0,0,0,0,0,0,0,0,0,0,0,0,0,0,0,0,0,0,0,0,0,0,0,0,0,0,0,0,0,0,0,0,0,0,0,0,0,0,0,0,0,0,0,0,0,0,0,0,0,0,0,0,0,0,0,0,0,0,0,0,0,0,0,0,0,0,cluster3
Befunge,0,0,0,0,0,0,0,0,0,0,0,0,0,0,0,0,0,0,0,0,0,0,0,0,0,1,0,0,0,0,0,0,0,0,0,0,0,0,0,0,0,0,0,0,0,0,0,0,0,0,0,0,0,0,0,0,0,0,0,0,0,0,0,0,0,0,0,0,0,0,0,0,0,0,0,0,0,0,0,0,0,0,0,0,0,0,0,0,0,0,0,0,0,0,0,0,0,0,0,0,0,0,0,0,0,0,0,0,0,0,0,0,0,0,0,0,0,0,0,0,0,0,0,0,0,0,0,0,0,0,2,0,0,0,0,0,0,0,0,0,0,0,0,0,0,0,0,0,0,0,0,0,0,0,0,0,0,0,0,0,0,0,0,0,0,0,0,0,0,0,0,0,0,0,0,0,0,0,0,0,0,0,0,0,0,0,0,0,0,0,0,0,0,0,0,0,0,0,0,cluster3
Nemerle,0,1,0,0,0,0,0,0,0,0,0,0,0,0,0,0,0,0,0,0,0,0,0,0,0,0,0,0,0,0,0,0,0,1,0,0,0,0,0,1,0,0,0,0,0,0,0,0,1,0,1,0,0,0,0,0,0,0,0,0,0,0,0,0,0,0,0,0,0,0,0,0,0,0,0,0,0,0,0,0,0,0,0,0,0,0,0,0,0,0,0,0,0,0,0,0,0,0,0,0,0,1,0,0,0,1,0,0,0,0,0,1,0,0,0,0,0,0,1,0,0,0,0,0,0,0,0,0,0,0,0,2,0,0,0,0,0,0,0,0,0,0,0,0,0,0,0,0,0,0,0,0,0,0,0,0,0,1,0,0,0,0,0,0,0,0,0,0,0,0,0,0,0,0,0,0,0,0,0,0,0,0,0,0,0,0,0,0,0,0,0,0,0,0,0,0,0,0,0,cluster3
UnrealScript,0,0,0,0,0,0,0,0,0,0,0,0,2,0,0,3,0,0,0,0,2,0,0,0,0,0,0,2,0,0,0,0,0,1,0,0,0,0,0,1,0,0,3,0,3,0,1,0,1,0,2,0,0,0,0,0,0,0,0,0,0,0,0,0,1,0,0,0,1,0,0,1,0,0,0,0,0,0,0,0,0,0,0,0,0,0,0,0,0,0,0,0,0,0,1,0,0,0,0,0,0,3,0,2,0,3,0,0,0,0,0,1,0,0,0,1,0,0,0,0,0,0,0,0,0,0,1,0,0,0,0,0,6,0,0,0,1,1,0,3,0,0,1,0,0,0,0,0,2,1,0,0,0,0,3,0,0,3,0,0,0,0,1,0,0,0,0,1,0,2,0,3,0,0,0,1,0,1,0,0,0,0,0,0,0,0,1,0,0,0,0,0,0,0,0,0,0,0,0,cluster3
AppleScript,0,1,0,0,0,0,0,0,0,0,0,0,0,0,0,2,0,0,0,0,0,0,0,0,0,1,0,0,0,0,0,0,0,2,0,0,0,0,0,2,0,0,1,0,0,0,0,0,1,0,1,0,0,0,0,0,0,0,0,0,0,0,0,0,0,0,0,0,0,0,0,0,0,1,0,0,0,0,0,0,0,0,0,0,0,0,1,0,0,0,0,0,0,0,0,0,0,0,0,0,0,2,2,0,0,1,0,0,0,0,0,2,0,0,0,0,0,0,1,0,0,0,0,0,0,0,1,0,0,0,0,0,0,8,0,0,1,0,0,2,0,0,0,0,0,0,0,0,0,0,0,0,0,0,0,0,0,3,0,0,0,0,0,0,0,0,0,0,0,0,0,1,0,0,0,0,0,0,0,0,0,0,0,0,0,0,0,0,0,0,0,0,0,0,0,0,0,0,0,cluster3
Xtend,0,1,0,0,0,0,0,0,0,0,0,0,0,0,0,0,0,0,0,0,0,0,0,0,0,1,0,0,0,0,0,0,0,1,0,0,0,0,0,0,0,0,0,0,0,0,0,0,0,0,0,0,0,0,0,0,0,0,0,0,0,0,0,0,0,0,0,0,0,0,0,0,0,0,0,0,0,0,0,0,0,0,0,0,0,0,0,0,0,0,0,0,0,0,0,0,0,0,0,0,0,1,1,0,0,0,0,0,0,0,0,0,0,0,0,0,0,0,0,0,0,0,0,0,0,0,0,0,0,0,0,0,0,0,2,0,0,0,0,0,0,0,0,0,0,0,0,0,0,0,0,0,0,0,0,0,0,1,0,0,0,0,0,0,0,0,0,1,0,0,0,0,0,0,0,0,0,0,0,0,0,0,0,0,0,0,0,0,0,0,0,0,0,0,0,0,0,0,0,cluster3
Fancy,0,0,0,0,0,0,0,0,0,0,0,0,0,0,0,0,0,0,0,0,0,0,0,0,0,1,0,0,0,0,0,0,0,1,0,0,0,0,0,1,0,0,0,0,0,0,0,0,0,0,0,0,0,0,0,1,0,0,0,0,1,0,0,0,1,1,0,0,1,0,0,0,0,0,0,0,0,0,0,0,0,0,0,0,0,0,0,0,0,1,1,0,0,0,1,0,0,0,0,0,0,1,1,0,0,1,0,0,0,0,0,1,0,0,0,0,0,0,1,0,1,0,0,0,1,0,0,0,1,0,0,0,0,0,0,2,0,0,0,0,1,0,0,0,0,0,1,0,0,0,0,0,0,0,0,0,0,1,1,0,1,0,0,0,0,0,0,0,0,0,0,0,0,0,0,0,0,0,0,0,0,0,0,0,0,0,0,0,0,0,0,1,0,1,0,0,0,0,0,cluster3
C#,0,22,12,6,1,4,0,0,0,1,0,5,7,4,4,17,0,0,0,7,22,0,1,5,0,39,13,2,2,4,1,5,5,39,0,1,0,0,0,48,2,0,53,0,2,0,1,0,33,0,9,0,0,0,1,0,0,3,2,4,12,4,4,1,12,1,0,4,3,23,2,2,0,6,2,10,0,0,4,3,0,1,1,2,0,0,9,8,0,7,0,5,0,0,1,4,0,0,0,0,0,47,15,4,0,29,8,2,1,4,1,50,4,6,1,0,1,5,2,0,0,5,2,0,7,6,10,1,1,0,0,0,1,1,0,0,314,11,0,28,4,0,6,7,0,1,0,4,2,5,0,0,0,0,16,7,7,53,7,0,4,4,2,0,0,0,0,5,1,3,0,43,8,1,5,2,0,1,1,0,0,4,6,5,0,0,11,1,0,2,0,1,0,0,7,1,1,1,4,cluster2
TypeScript,0,5,5,6,0,5,0,0,0,1,0,5,5,4,4,6,0,0,0,5,5,0,0,4,0,9,9,1,1,4,0,4,5,35,0,0,0,0,0,46,0,0,13,0,2,0,3,0,16,0,3,0,0,0,0,0,0,2,1,4,6,4,4,0,5,0,0,4,1,6,0,1,0,4,1,2,0,0,4,3,0,0,1,3,0,0,4,4,0,0,0,4,0,0,1,4,0,0,0,0,0,13,6,1,0,11,2,0,0,4,0,51,4,0,1,0,0,4,0,1,0,4,0,0,4,4,4,0,0,0,0,0,1,0,0,0,11,120,0,10,4,0,3,5,0,0,0,4,1,5,0,0,0,0,6,8,4,23,4,1,5,4,1,0,0,0,0,2,0,2,0,7,4,0,4,2,0,1,0,0,0,4,4,4,0,0,5,1,0,0,0,0,0,0,11,0,0,1,4,cluster2
Nginx,0,6,0,0,0,0,0,0,0,0,0,0,0,0,0,1,0,0,0,0,0,0,0,0,1,1,1,0,2,0,0,0,0,7,0,0,0,1,0,9,0,0,0,0,0,0,0,0,3,0,0,0,0,0,0,0,0,0,0,0,0,0,0,0,0,0,0,0,0,0,0,0,0,0,0,0,0,0,0,0,0,0,0,0,0,0,0,1,0,0,0,0,0,0,0,0,0,0,0,0,0,7,1,0,0,5,0,0,1,0,0,8,0,0,0,0,0,0,0,0,0,0,0,0,0,0,0,0,0,0,0,0,0,0,0,0,0,0,38,0,0,0,0,0,0,0,0,0,0,0,0,0,0,0,0,0,0,15,0,0,0,0,0,0,0,0,0,0,0,0,0,2,0,0,0,0,0,0,0,0,0,0,0,0,0,1,0,1,0,0,0,0,0,0,1,0,0,0,0,cluster3
Objective-C,0,18,14,5,1,4,1,0,1,2,0,5,6,4,4,40,0,0,0,6,5,3,6,4,0,63,13,4,2,4,0,6,5,51,1,1,0,0,0,64,1,1,159,0,9,1,2,1,41,2,29,5,2,0,2,0,2,2,3,4,8,6,4,0,9,4,1,4,4,13,3,12,0,13,2,22,0,0,4,3,0,0,2,2,1,0,7,10,1,3,0,4,0,0,7,4,0,0,1,0,0,81,108,4,0,76,51,2,0,4,0,72,6,0,7,2,2,5,7,0,0,9,2,1,6,8,34,0,1,0,0,0,3,2,0,0,28,10,0,754,4,1,7,7,1,2,0,4,3,5,0,0,0,0,45,14,12,136,5,0,5,4,1,0,0,0,0,7,1,7,0,168,8,3,5,6,1,2,2,0,0,5,8,4,0,0,11,1,0,0,0,4,0,0,5,0,1,3,4,cluster1
Io,0,4,4,4,0,4,0,0,0,0,0,4,5,4,4,5,0,0,0,4,0,0,0,4,0,5,4,0,0,4,0,4,4,6,0,0,0,0,0,6,0,0,5,0,0,0,0,0,4,0,1,0,0,0,0,1,0,0,1,4,6,4,4,0,5,1,0,4,1,4,0,0,0,4,1,1,0,0,4,3,0,1,1,2,0,0,5,4,0,1,1,4,0,0,1,4,0,0,0,0,0,6,6,0,0,6,2,0,0,4,0,5,4,0,0,0,0,4,1,0,1,4,0,0,5,5,0,0,1,0,0,0,0,0,0,1,4,4,0,4,12,0,1,4,0,0,1,4,0,4,0,0,0,0,5,4,4,5,6,0,5,4,0,0,0,0,0,0,0,0,0,1,5,0,4,1,0,0,0,0,0,4,4,4,0,0,4,1,0,0,1,1,0,1,4,0,0,0,4,cluster2
FLUX,0,0,0,0,0,0,0,0,0,0,0,0,0,0,0,1,0,0,0,0,0,0,0,0,0,1,0,0,0,0,0,0,0,0,0,0,0,0,0,0,0,0,1,0,0,0,0,0,1,0,0,0,0,0,0,0,0,0,0,0,0,0,0,0,0,0,0,0,0,0,0,0,0,0,0,1,0,0,0,0,0,0,0,0,0,0,0,0,0,0,0,0,0,0,0,0,0,0,0,0,0,1,0,0,0,1,0,0,0,0,0,0,0,0,0,0,0,0,0,0,0,0,0,0,0,0,0,0,0,0,0,0,0,0,0,0,0,0,0,1,0,2,0,0,0,0,0,0,0,0,0,0,0,0,0,0,0,1,0,0,0,0,0,0,0,0,0,0,0,0,0,1,0,0,0,1,0,0,0,0,0,0,0,0,0,0,0,0,0,0,0,1,0,0,0,0,0,0,0,cluster3
NSIS,0,2,2,1,0,1,0,0,0,1,0,1,2,1,1,8,0,0,0,1,1,0,1,1,0,6,5,1,0,1,0,1,1,9,0,0,0,0,0,10,0,0,9,0,1,0,2,0,9,0,5,0,0,0,0,0,0,0,1,1,1,1,1,0,2,0,0,1,1,2,1,3,0,1,0,2,0,0,1,0,0,0,1,1,0,0,1,2,0,0,0,2,0,0,1,1,0,0,0,0,0,11,6,1,0,9,2,1,0,1,0,7,1,0,0,0,0,2,2,0,0,4,1,0,1,2,3,0,0,0,0,0,1,0,0,0,6,3,0,7,1,0,28,1,0,0,0,1,1,2,0,0,0,0,7,4,1,10,2,0,1,1,1,0,0,0,0,1,1,2,0,8,2,0,2,1,0,1,0,0,0,1,1,1,0,0,2,0,0,0,0,0,0,0,1,0,0,1,1,cluster1
Tcl,0,7,5,4,0,4,0,0,0,0,0,4,5,4,4,7,0,0,0,5,0,0,0,4,0,6,8,0,0,4,0,5,4,7,0,0,0,0,0,8,0,0,10,0,1,0,0,1,6,0,1,0,0,0,1,0,0,1,2,4,5,4,4,0,4,0,0,4,0,5,0,0,0,4,1,2,0,0,4,3,0,1,1,2,0,0,5,4,0,1,0,4,0,0,1,4,0,0,0,0,0,11,7,0,0,11,3,0,0,4,0,9,4,1,1,0,0,4,1,1,0,5,1,0,6,4,0,1,0,0,0,0,0,0,0,0,7,5,0,7,4,0,1,30,0,0,0,4,0,4,0,0,0,0,6,5,5,13,5,1,4,4,0,0,0,0,0,0,0,2,0,6,4,0,4,0,0,0,0,0,0,4,4,4,0,0,4,1,0,0,0,0,0,0,4,0,0,1,4,cluster2
Arduino,0,0,1,0,0,0,0,0,0,0,0,0,0,0,0,1,0,0,0,0,0,0,0,0,0,0,0,0,0,0,0,0,0,4,0,0,0,0,0,5,0,0,4,0,0,0,0,0,0,0,0,0,0,0,0,0,0,0,0,0,0,0,0,0,0,0,0,0,0,0,0,0,0,0,1,1,0,0,0,0,0,0,0,0,0,0,0,0,0,0,0,0,0,0,0,0,0,0,0,0,0,4,0,0,0,3,0,0,0,0,0,5,0,0,0,0,1,0,0,0,0,0,0,0,0,0,0,0,0,0,0,0,0,0,0,0,0,0,0,1,0,0,0,0,28,0,0,0,0,0,0,0,0,0,0,0,1,0,0,0,0,0,0,0,0,0,0,0,0,0,0,2,0,0,0,0,0,0,0,0,0,0,0,0,0,0,0,0,0,0,0,0,0,0,0,0,0,0,0,cluster3
Rebol,0,2,0,0,0,0,1,0,1,0,0,0,0,0,0,3,0,0,0,0,0,0,2,0,0,2,1,3,0,0,1,1,0,3,1,0,0,0,0,4,0,0,3,0,1,1,0,0,3,0,3,1,1,0,0,0,0,1,0,0,2,0,0,1,0,0,0,0,1,0,1,1,0,3,0,2,0,0,0,0,0,0,0,0,0,0,0,11,0,0,0,0,0,0,1,0,0,0,1,0,0,4,1,1,0,4,0,0,0,0,0,3,0,1,1,0,1,1,3,0,0,0,1,0,0,2,1,0,0,0,0,0,0,0,0,0,1,0,0,2,0,0,0,0,0,26,0,0,0,0,0,0,0,0,4,0,1,5,0,0,0,0,0,0,0,0,0,1,0,2,0,3,0,0,0,0,1,0,1,0,0,0,1,0,0,0,0,0,0,0,0,1,0,0,1,0,0,1,0,cluster3
UrWeb,0,0,0,0,0,0,0,0,0,0,0,0,0,0,0,0,0,0,0,0,0,0,0,0,0,1,0,0,0,0,0,0,0,1,0,0,0,0,0,1,0,0,0,0,0,0,0,0,0,0,0,0,0,0,0,1,0,0,0,0,1,0,0,0,1,1,0,0,1,0,0,0,0,0,0,0,0,0,0,0,0,0,0,0,0,0,0,0,0,1,1,0,0,0,1,0,0,0,0,0,0,1,1,0,0,1,0,0,0,0,0,1,0,0,0,0,0,0,1,0,1,0,0,0,1,0,0,0,1,0,0,0,0,0,0,1,0,0,0,0,1,0,0,0,0,0,2,0,0,0,0,0,0,0,0,0,0,1,1,0,1,0,0,0,0,0,0,0,0,0,0,0,0,0,0,0,0,0,0,0,0,0,0,0,0,0,0,0,0,0,0,1,0,1,0,0,0,0,0,cluster3
Nix,0,5,4,4,0,4,0,0,0,0,0,4,4,4,4,5,0,0,0,4,0,0,0,4,0,5,4,0,0,4,0,4,4,5,0,0,0,0,0,5,0,0,6,0,0,0,0,0,4,0,1,0,0,0,0,0,0,0,1,4,4,4,4,0,4,0,0,4,0,4,0,0,0,4,1,1,1,0,4,3,0,0,1,2,0,0,5,4,0,0,0,4,0,0,0,4,0,0,0,0,0,4,4,0,0,5,2,0,0,4,0,5,4,0,0,1,0,4,0,0,0,4,0,0,4,4,0,0,0,0,0,0,0,0,0,0,4,4,0,4,4,0,1,4,0,0,0,12,0,4,0,0,0,0,4,4,4,6,4,0,4,4,0,0,0,0,0,0,0,0,0,2,4,0,4,0,0,0,0,0,0,4,4,4,0,0,4,1,0,0,0,0,0,0,4,0,0,0,4,cluster2
Scilab,0,0,0,0,0,0,0,0,0,0,0,0,2,0,0,3,0,0,0,0,2,0,0,0,0,0,1,1,0,0,0,0,0,1,0,0,0,0,0,1,0,0,5,0,2,0,1,0,2,0,2,0,0,0,0,0,0,0,1,0,0,0,0,0,1,0,0,0,1,0,0,1,0,0,0,1,0,0,0,0,0,0,0,0,0,0,0,0,0,0,0,0,0,0,1,0,0,0,0,0,0,4,0,1,0,3,0,0,0,0,0,1,0,0,0,1,0,0,0,0,0,0,0,0,0,1,2,0,0,0,0,0,2,0,0,0,2,1,0,3,0,0,1,0,0,0,0,0,12,1,0,0,0,0,3,0,2,5,0,0,0,0,1,0,0,0,0,3,0,1,0,5,0,2,0,1,0,1,0,0,0,0,0,0,0,0,1,0,0,0,0,0,0,0,0,0,0,0,0,cluster3
XQuery,0,5,4,4,0,4,0,0,0,0,0,4,5,4,4,6,0,0,0,4,1,0,0,4,0,5,4,1,0,4,0,4,4,7,0,0,0,0,0,6,0,0,5,0,1,0,1,0,6,0,2,0,0,0,0,0,0,0,1,4,4,4,4,0,5,0,0,4,1,4,0,1,0,4,1,0,0,0,4,3,0,0,1,2,0,0,4,4,0,0,0,4,0,0,1,4,0,0,0,0,0,6,5,1,0,5,2,0,0,4,0,7,4,0,0,0,0,4,0,0,0,4,0,0,4,4,1,0,0,0,0,0,1,0,0,0,5,5,0,5,4,0,2,4,0,0,0,4,1,14,0,0,0,0,5,4,4,6,4,0,5,4,1,0,0,0,0,2,0,1,0,1,4,0,4,1,0,1,0,0,0,4,4,4,0,0,5,1,0,0,0,0,0,0,4,0,0,0,4,cluster2
PureScript,0,0,0,0,0,0,0,0,0,0,0,0,0,0,0,0,0,0,0,0,0,0,0,0,0,0,0,0,0,0,0,0,0,1,0,0,0,0,0,1,0,0,0,0,0,0,0,0,0,0,0,0,0,0,0,0,0,0,0,0,0,0,0,0,0,0,0,0,0,0,0,0,0,0,0,0,0,0,0,0,0,0,0,0,0,0,1,0,0,0,0,0,0,0,0,0,0,0,0,0,0,0,1,0,0,0,0,0,0,0,0,1,0,0,0,0,0,0,0,0,0,0,0,0,0,0,0,0,0,0,0,0,0,0,0,0,0,0,0,0,0,0,0,0,0,0,0,0,0,0,2,0,0,0,0,0,0,1,0,0,0,0,0,0,0,0,0,0,0,0,0,0,0,0,0,0,0,0,0,0,0,0,0,0,0,0,0,0,0,0,0,0,0,0,0,0,0,0,0,cluster3
Stan,0,0,0,0,0,0,0,0,0,0,0,0,1,0,0,0,0,0,0,0,0,0,0,0,0,0,0,0,0,0,0,0,0,0,0,0,0,0,0,0,0,0,0,0,0,0,0,0,0,0,0,0,0,0,0,0,0,0,0,0,0,0,0,0,0,0,0,0,0,0,0,0,0,1,0,0,0,0,0,0,0,1,0,0,0,0,0,1,0,0,0,0,0,0,0,0,0,0,0,0,0,0,0,0,0,0,0,1,0,0,0,0,0,0,0,0,0,0,1,0,1,0,0,0,0,0,0,0,0,0,0,0,0,0,0,0,0,0,0,0,0,0,0,0,0,0,0,0,0,0,0,2,0,0,0,0,0,1,0,0,0,0,0,0,0,0,0,0,0,0,0,0,0,0,0,0,0,0,0,0,0,0,0,0,0,0,0,0,0,0,0,0,0,0,0,0,0,0,0,cluster3
Agda,0,0,0,0,0,0,0,0,0,0,0,0,0,0,0,0,0,0,0,0,0,0,0,0,0,0,0,0,0,0,0,0,0,0,0,0,0,0,0,0,0,0,0,0,0,0,0,0,0,0,0,0,0,0,0,0,0,0,0,0,0,0,0,0,0,0,0,0,0,0,0,0,0,0,0,0,0,0,0,0,0,0,0,0,0,0,1,0,0,0,0,0,0,0,0,0,0,0,0,0,0,0,0,0,0,0,0,0,0,0,0,0,0,0,0,0,0,0,0,0,0,0,0,0,0,0,0,0,0,0,0,0,0,0,0,0,0,0,0,0,0,0,0,0,0,0,0,0,0,0,0,0,2,0,0,0,0,0,0,0,0,0,0,0,0,0,0,0,0,0,0,0,0,0,0,0,0,0,0,0,0,0,0,0,0,0,0,0,0,0,0,0,0,0,0,0,0,0,0,cluster3
Stata,0,1,0,0,0,0,0,0,0,0,0,0,0,0,0,0,0,0,0,0,0,0,0,0,0,1,0,0,0,0,0,0,0,1,0,0,0,0,0,1,0,0,0,0,0,0,0,0,0,0,0,0,0,0,0,0,0,0,0,0,0,0,0,0,0,0,0,0,0,0,0,0,0,5,0,0,0,0,0,0,0,0,0,0,0,0,0,5,0,0,0,0,0,0,0,0,0,0,0,0,0,0,0,0,0,2,0,0,0,0,0,1,0,0,0,0,0,0,0,0,0,0,0,0,0,0,0,0,0,0,0,0,0,0,0,0,0,0,0,0,0,0,0,0,0,0,0,0,0,0,0,0,0,22,0,0,0,0,0,0,0,0,0,0,0,0,0,0,0,0,0,0,0,0,0,0,0,0,0,0,0,0,0,0,0,0,0,0,0,0,0,0,0,0,0,0,0,0,0,cluster3
Assembly,0,15,7,4,0,4,1,0,2,1,0,5,8,4,4,37,0,0,0,4,3,3,6,4,0,27,13,5,3,4,1,5,5,33,1,1,0,0,0,38,1,1,71,0,10,1,2,1,25,1,21,4,2,0,0,0,0,0,3,4,7,6,4,1,5,3,0,4,2,10,3,10,0,14,1,9,0,0,4,3,1,1,1,2,0,0,7,7,1,3,0,4,1,0,6,4,0,0,1,0,0,53,20,5,0,58,4,2,0,4,0,29,4,1,1,2,3,5,8,0,0,9,2,0,5,10,8,0,0,0,0,0,3,0,0,0,16,6,0,45,5,0,7,6,0,4,0,4,3,5,0,0,0,0,192,8,6,62,6,0,6,4,2,1,1,0,0,6,1,8,0,75,12,1,5,5,1,1,4,0,0,5,7,4,0,0,9,1,0,0,1,1,0,0,5,0,0,4,4,cluster1
'Protocol Buffer',0,6,5,5,0,4,0,0,0,0,0,4,4,4,4,16,0,0,1,6,0,1,1,4,0,22,13,1,0,4,0,4,4,19,0,0,0,0,0,22,0,0,25,0,2,0,0,0,14,0,4,0,0,0,0,0,0,1,1,4,12,4,4,0,4,0,0,4,0,4,1,1,0,4,1,7,0,0,4,3,0,0,2,2,0,0,5,7,0,0,0,4,0,0,0,4,0,0,0,0,0,27,12,0,0,23,5,1,0,4,0,20,4,0,1,0,0,4,2,1,0,6,1,0,4,6,3,0,1,0,0,0,0,0,0,0,7,8,0,14,4,0,4,5,0,0,0,4,0,4,0,0,0,0,8,82,9,34,5,1,4,4,0,0,0,0,0,0,1,3,0,15,5,4,5,0,0,0,1,0,0,4,6,4,0,0,4,1,0,6,0,0,0,0,6,0,0,2,4,cluster2
Matlab,0,6,7,4,0,4,1,0,1,1,0,4,5,4,4,11,0,0,0,5,1,0,1,4,0,7,6,1,0,4,0,6,4,14,1,0,0,0,0,12,0,0,23,0,1,1,0,0,6,0,3,1,1,0,1,0,2,4,4,4,7,4,4,0,4,0,0,4,1,4,0,1,1,12,3,9,0,0,4,3,0,1,1,2,0,0,6,9,0,1,0,4,0,0,1,4,0,0,1,0,0,29,6,1,0,17,3,0,0,4,0,11,4,1,0,0,1,5,1,0,0,5,0,2,6,6,1,0,0,0,0,0,0,0,0,0,7,4,0,12,4,0,1,5,1,1,0,4,2,4,0,0,0,0,6,9,98,21,5,0,4,4,0,0,0,0,0,1,0,1,0,16,4,16,4,0,1,0,0,0,0,4,5,4,0,0,4,1,0,6,0,3,0,0,5,0,1,0,4,cluster2
Shell,0,107,32,7,0,10,1,2,5,3,1,9,21,4,4,130,1,0,10,13,8,12,6,4,3,214,65,9,33,5,1,9,15,400,1,0,1,2,0,402,1,2,262,2,19,1,3,2,154,2,56,5,2,2,3,1,2,31,11,4,61,7,5,4,14,13,1,4,11,38,3,20,1,69,3,51,1,10,4,3,1,4,3,12,1,0,26,90,4,8,2,4,1,1,13,4,0,1,1,1,5,556,214,6,0,350,30,3,7,4,3,447,7,6,7,3,8,11,30,18,4,26,3,1,11,16,31,8,2,0,0,1,3,3,1,1,53,23,15,136,5,1,10,13,0,5,1,6,5,6,1,1,0,0,62,34,21,2504,18,1,14,4,1,1,1,1,5,33,1,14,1,292,12,11,5,18,1,3,5,1,0,4,14,12,2,2,22,2,0,21,4,5,0,1,58,6,1,44,4,cluster1
Erlang,0,9,8,5,0,7,0,0,0,0,0,5,9,4,4,9,0,0,0,6,0,0,0,4,0,13,8,0,0,4,0,5,4,11,0,0,0,0,0,12,0,0,11,2,1,0,0,0,5,0,1,0,0,0,1,1,0,2,2,4,9,4,4,0,5,1,0,4,1,5,0,1,0,7,1,1,0,0,4,3,0,2,1,2,0,0,10,4,0,1,1,4,0,0,1,4,0,0,0,0,0,17,14,1,0,11,6,0,0,4,0,12,4,2,0,0,0,9,3,0,2,5,0,0,7,5,1,0,2,0,0,0,0,0,0,1,7,4,0,5,6,0,2,5,0,0,1,4,0,4,0,0,0,0,6,5,5,18,46,0,5,4,0,0,0,0,0,0,0,0,0,7,5,0,4,1,0,0,0,0,0,4,6,9,1,0,5,1,0,0,1,1,0,1,9,0,0,4,4,cluster2
HCL,0,0,0,0,0,0,0,0,0,0,0,0,0,0,0,0,0,0,0,0,0,0,0,0,0,0,1,0,0,0,0,0,0,1,0,0,0,0,0,1,0,0,1,0,1,0,0,0,0,0,0,0,0,0,0,0,0,0,0,0,0,0,0,0,0,0,0,0,0,0,0,0,0,0,0,0,0,0,0,0,0,0,0,0,0,0,0,0,0,0,0,0,0,0,0,0,0,0,0,0,0,0,1,0,0,1,0,0,0,0,0,1,0,0,0,0,0,0,0,1,0,0,0,0,0,0,0,0,0,0,0,0,0,0,0,0,0,1,0,0,0,0,0,1,0,0,0,0,0,0,0,0,0,0,0,1,0,1,0,2,0,0,0,0,0,0,0,0,0,1,0,1,0,0,0,0,0,0,0,0,0,0,0,0,0,0,0,0,0,0,0,0,0,0,0,0,0,1,0,cluster3
ActionScript,0,11,4,4,0,4,0,0,0,0,0,5,4,4,4,6,0,0,0,4,0,0,1,4,0,8,4,0,4,4,0,4,5,14,0,0,0,0,0,15,0,0,4,0,0,0,0,0,11,0,2,0,0,0,0,1,0,0,1,4,5,4,4,0,6,1,0,4,1,7,0,0,0,4,1,0,0,0,4,3,0,0,1,2,0,0,4,4,0,1,1,4,0,0,1,4,0,0,0,0,0,9,10,0,0,6,2,0,0,4,0,15,4,0,0,0,0,4,1,0,1,4,0,0,5,4,0,0,1,0,0,0,0,0,0,1,4,5,0,5,5,0,1,4,0,0,1,4,0,5,0,0,0,0,6,4,4,14,5,0,40,4,0,0,0,0,0,3,0,0,0,4,4,0,4,0,0,0,0,0,0,4,4,4,0,0,4,1,0,0,0,1,0,1,4,0,0,0,4,cluster2
COBOL,0,4,4,4,0,4,0,0,0,0,0,4,4,4,4,4,0,0,0,4,0,0,0,4,0,4,4,0,0,4,0,4,4,4,0,0,0,0,0,4,0,0,4,0,0,0,0,0,4,0,0,0,0,0,0,0,0,0,1,4,4,4,4,0,4,0,0,4,0,4,0,0,0,4,1,0,0,0,4,3,0,0,1,2,0,0,4,4,0,0,0,4,0,0,0,4,0,0,0,0,0,4,4,0,0,4,2,0,0,4,0,4,4,0,0,0,0,4,0,0,0,4,0,0,4,4,0,0,0,0,0,0,0,0,0,0,4,4,0,4,4,0,1,4,0,0,0,4,0,4,0,0,0,0,4,4,4,4,4,0,4,10,0,0,0,0,0,0,0,0,0,0,4,0,4,0,0,0,0,0,0,4,4,4,0,0,4,1,0,0,0,0,0,0,4,0,0,0,4,cluster2
'POV-Ray SDL',0,1,0,0,0,0,0,0,0,0,0,0,1,0,0,1,0,0,0,0,1,0,0,0,0,1,0,1,1,0,0,0,0,2,0,0,0,0,0,2,0,0,2,0,1,0,1,0,2,0,1,0,0,0,0,0,0,0,0,0,0,0,0,0,1,0,0,0,1,0,0,1,0,0,0,0,0,0,0,0,0,0,0,0,0,0,0,0,0,1,0,0,0,0,1,0,0,0,0,0,0,1,0,2,0,1,0,0,0,0,0,1,0,0,0,0,0,0,0,0,0,0,0,0,0,0,1,0,0,0,0,0,1,0,0,0,2,1,0,1,0,0,1,0,0,0,0,0,1,1,0,0,0,0,2,0,0,1,0,0,0,0,4,0,0,0,0,1,0,1,0,1,1,0,0,1,0,1,0,0,0,0,0,0,0,0,2,0,0,0,0,0,0,0,0,0,0,0,0,cluster3
Jasmin,0,0,0,0,0,0,0,0,0,0,0,0,0,0,0,0,0,0,0,0,0,0,0,0,0,1,0,0,0,0,0,0,0,0,0,0,0,0,0,1,0,0,0,0,0,0,0,0,0,0,0,0,0,0,0,0,0,0,0,0,0,0,0,0,0,0,0,0,0,0,0,0,0,1,0,0,0,0,0,0,0,0,0,0,0,0,0,0,0,0,0,0,0,0,0,0,0,0,0,0,0,1,0,0,0,1,0,0,0,0,0,1,0,0,0,0,0,0,0,0,0,0,0,0,0,0,0,0,0,0,0,0,0,0,0,0,0,0,0,0,0,0,0,0,0,0,0,0,0,0,0,0,0,0,1,0,0,1,0,0,0,0,0,2,0,0,0,0,0,0,0,1,1,0,0,0,0,0,0,0,0,0,0,0,0,0,1,0,0,0,0,0,0,0,0,0,0,0,0,cluster3
'AGS Script',0,0,0,0,0,0,0,0,0,0,1,0,0,0,0,2,0,0,0,0,0,0,0,0,0,0,0,0,0,0,0,0,0,0,0,0,0,0,0,1,0,0,1,0,0,0,0,0,0,0,1,0,0,0,0,0,0,0,0,0,0,0,0,0,0,0,0,0,0,0,0,0,0,0,0,0,0,0,0,0,0,0,0,0,0,0,0,0,0,0,0,0,0,0,0,0,0,0,0,0,0,1,0,0,0,1,0,0,0,0,0,0,1,0,0,0,0,0,0,0,0,0,0,0,0,0,0,0,0,0,0,0,0,0,0,0,0,0,0,0,0,0,0,0,0,0,0,0,0,0,0,0,0,0,1,0,0,1,0,0,0,0,0,0,6,1,0,0,0,0,0,2,1,0,0,0,0,0,0,0,0,0,0,0,0,0,1,0,0,0,1,0,0,0,0,0,0,0,0,cluster3
Self,0,0,0,0,0,0,0,0,0,0,1,0,0,0,0,1,0,0,0,0,0,0,0,0,0,0,0,0,0,0,0,0,0,0,0,0,0,0,0,1,0,0,0,0,0,0,0,0,0,0,1,0,0,0,0,0,0,0,0,0,0,0,0,0,0,0,0,0,0,0,0,0,0,0,0,0,0,0,0,0,0,0,0,0,0,0,0,0,0,0,0,0,0,0,0,0,0,0,0,0,0,0,0,0,0,0,0,0,0,0,0,0,1,0,0,0,0,0,0,0,0,0,0,0,0,0,0,0,0,0,0,0,0,0,0,0,0,0,0,0,0,0,0,0,0,0,0,0,0,0,0,0,0,0,0,0,0,1,0,0,0,0,0,0,1,2,0,0,0,0,0,1,0,0,0,0,0,0,0,0,0,0,0,0,0,0,1,0,0,0,1,0,0,0,0,0,0,0,0,cluster3
PigLatin,0,1,0,0,0,0,0,0,0,0,0,0,0,0,0,2,0,0,3,0,0,1,0,0,0,4,0,0,0,0,0,0,0,5,0,0,1,0,0,2,0,0,2,0,1,0,0,0,2,0,2,0,0,0,0,0,0,0,0,0,1,0,0,0,0,0,0,0,1,0,0,0,0,1,0,0,0,1,0,0,0,0,0,0,0,0,0,1,0,0,0,0,0,1,0,0,0,0,0,0,0,5,2,0,1,4,0,0,0,0,0,4,0,0,0,0,0,0,1,1,0,1,0,0,0,0,0,0,0,0,0,0,0,0,0,0,0,0,0,0,0,0,0,0,0,0,0,0,0,0,0,0,0,0,0,0,0,5,0,0,0,0,0,0,0,0,12,3,0,0,0,2,0,1,0,0,0,0,0,0,0,0,0,0,0,0,0,0,0,0,0,0,0,0,0,0,0,0,0,cluster3
XSLT,0,9,1,0,0,0,0,0,0,0,0,0,1,0,0,15,0,0,4,0,2,1,1,0,0,26,0,2,6,0,0,0,1,39,0,0,1,0,0,30,0,0,10,0,5,0,1,0,12,0,11,0,0,0,0,0,0,0,3,0,6,0,0,0,1,2,0,0,3,2,2,1,0,3,0,1,0,2,0,0,0,0,1,1,0,0,0,4,0,1,0,0,0,1,3,0,0,0,0,0,1,20,11,2,0,10,0,1,1,0,0,34,0,1,1,0,1,0,3,4,0,4,1,0,0,2,2,0,0,0,0,0,1,0,1,0,5,2,0,7,0,0,1,0,0,1,0,0,3,2,0,0,0,0,6,0,1,33,0,0,3,0,1,0,0,0,3,98,0,2,0,14,1,2,0,3,0,1,0,0,0,0,0,0,0,0,1,0,0,0,0,0,0,0,0,2,0,2,0,cluster3
CLIPS,0,0,1,0,0,0,0,0,0,0,0,0,0,0,0,1,0,0,0,0,0,0,1,0,0,1,1,0,0,0,0,0,0,1,0,0,0,0,0,1,0,0,1,0,0,0,0,0,1,0,1,0,0,0,0,0,0,0,0,0,0,0,0,0,0,0,0,0,0,0,1,1,0,0,0,1,0,0,0,0,0,0,0,0,0,0,0,0,0,0,0,0,0,0,0,0,0,0,0,0,0,1,1,0,0,1,1,1,0,0,0,1,0,0,0,0,0,0,1,0,0,0,1,0,0,1,1,0,0,0,0,0,0,0,0,0,1,0,0,1,0,0,1,0,0,0,0,0,0,0,0,0,0,0,1,1,0,1,0,0,0,0,0,0,0,0,0,0,2,1,0,1,1,0,1,0,0,0,0,0,0,0,0,0,0,0,0,0,0,0,0,0,0,0,0,0,0,1,0,cluster3
Yacc,0,2,1,0,0,0,1,0,1,0,0,1,1,0,0,9,0,0,0,0,1,0,3,0,0,1,3,10,0,0,0,1,0,7,1,0,0,0,0,8,0,1,15,0,5,1,1,0,5,0,7,2,2,0,0,0,0,0,0,0,2,0,0,1,2,1,0,0,2,0,2,4,0,5,0,5,0,0,0,0,0,0,0,0,0,0,2,2,0,0,0,0,0,0,5,0,0,0,1,0,0,11,5,3,0,14,1,1,0,0,0,8,0,0,1,0,2,1,4,1,0,0,3,0,1,3,4,1,0,0,0,0,2,0,0,0,3,2,0,7,0,0,2,2,0,2,0,0,1,1,0,0,0,0,8,3,1,14,0,1,0,0,1,0,0,0,0,2,1,38,0,17,2,0,1,3,1,2,3,1,0,0,1,0,0,0,1,0,0,0,0,1,0,0,0,0,0,3,0,cluster3
Brightscript,0,0,0,0,0,0,0,0,0,0,0,0,0,0,0,0,0,0,0,0,0,0,0,0,0,0,0,0,0,0,0,0,0,1,0,0,0,0,0,1,0,0,0,0,0,0,0,0,1,0,0,0,0,0,0,0,0,0,0,0,0,0,0,0,0,0,0,0,0,0,0,0,0,0,0,0,0,0,0,0,0,0,0,0,0,0,0,0,0,0,0,0,0,0,0,0,0,0,0,0,0,1,1,0,0,1,0,0,0,0,0,1,0,0,0,0,0,0,0,1,0,0,0,0,0,0,0,0,0,0,0,0,0,0,0,0,0,0,0,0,0,0,0,0,0,0,0,0,0,0,0,0,0,0,0,0,0,1,0,0,0,0,0,0,0,0,0,0,0,0,2,0,0,0,0,0,0,0,0,0,0,0,0,0,0,0,0,0,0,0,0,0,0,0,0,1,0,0,0,cluster3
C,0,41,20,1,0,0,1,2,2,2,1,3,6,0,0,78,1,0,5,5,5,5,6,0,0,104,27,11,4,0,1,6,1,105,1,1,1,1,1,122,3,2,408,0,12,1,5,1,81,3,48,6,2,1,3,0,2,4,8,0,16,2,1,3,8,9,1,0,9,23,3,20,1,31,2,63,1,4,0,0,1,2,0,2,1,1,16,35,6,5,0,0,1,1,8,0,0,0,1,1,0,239,78,6,0,258,14,2,1,0,2,131,3,3,7,3,9,3,12,5,1,7,3,1,6,9,36,2,1,0,0,0,3,1,0,0,43,7,2,168,1,1,8,6,2,3,0,2,5,1,0,0,0,0,75,15,16,292,7,1,4,0,1,1,2,1,2,14,1,17,0,1180,8,6,1,16,1,3,5,1,0,1,5,3,0,2,15,0,0,22,5,6,0,0,4,0,1,11,0,cluster1
Pascal,0,7,5,4,0,4,0,0,0,0,0,5,5,4,4,9,0,0,0,4,2,0,1,4,0,7,6,0,2,4,0,4,4,10,0,1,0,0,0,12,1,1,12,0,0,0,0,0,8,0,5,1,1,0,0,0,0,0,1,4,5,4,4,0,4,1,0,4,0,5,1,3,0,6,1,3,0,0,4,3,0,1,1,2,0,0,6,4,0,1,0,4,0,0,1,4,0,0,0,0,0,11,7,1,0,10,3,1,0,4,0,8,4,1,0,0,1,4,2,0,0,4,1,0,4,6,2,0,0,0,0,0,0,0,0,0,8,4,0,8,5,0,2,4,0,0,0,4,0,4,0,0,0,0,12,5,4,12,5,0,4,4,1,1,1,0,0,1,1,2,0,8,36,0,5,2,0,0,1,0,0,4,4,4,0,0,6,1,0,0,1,0,0,0,4,3,0,1,4,cluster2
M,0,2,0,0,0,0,0,0,0,0,0,0,0,0,0,5,0,0,1,0,1,0,0,0,0,2,0,0,0,0,0,0,0,4,0,0,0,0,0,3,0,0,10,0,0,0,0,0,1,0,1,0,0,0,0,0,1,1,2,0,1,0,0,0,0,0,0,0,1,0,0,0,1,4,0,5,0,0,0,0,0,0,0,0,0,0,1,1,0,1,0,0,0,0,0,0,0,0,0,0,0,10,1,0,0,8,0,0,0,0,0,1,0,0,0,0,1,0,0,0,0,0,0,0,1,1,1,0,0,0,0,0,0,0,0,0,1,0,0,3,0,0,0,0,0,0,0,0,2,0,0,0,0,0,1,4,16,11,0,0,0,0,0,0,0,0,1,2,0,0,0,6,0,38,0,0,0,0,0,0,0,0,0,0,0,0,0,0,0,4,0,2,0,0,0,0,0,0,0,cluster3
Ada,0,4,5,4,0,4,0,0,0,0,0,4,4,4,4,5,0,0,0,4,0,0,1,4,0,5,5,0,0,4,0,4,4,5,0,0,0,0,0,5,0,0,5,0,0,0,0,0,5,0,1,0,0,0,0,0,0,0,1,4,4,4,4,0,4,0,0,4,0,4,1,1,0,4,1,1,0,0,4,3,0,0,1,2,0,0,4,4,0,0,0,4,0,0,0,4,0,0,0,0,0,5,5,0,0,5,3,1,0,4,0,5,4,0,0,0,0,4,1,0,0,4,1,0,4,5,1,0,0,0,0,0,0,0,0,0,5,4,0,5,4,0,2,4,0,0,0,4,0,4,0,0,0,0,5,5,4,5,4,0,4,4,0,0,0,0,0,0,1,1,0,1,5,0,10,0,0,0,0,0,0,4,4,4,0,0,4,1,0,0,0,0,0,0,4,0,0,1,4,cluster2
Prolog,0,4,2,0,0,0,0,0,0,0,0,0,3,0,0,7,0,0,0,0,1,2,1,0,0,9,0,1,0,0,0,0,0,9,0,0,0,0,1,8,0,0,17,0,2,0,2,0,7,1,4,1,0,0,0,0,0,0,2,0,3,0,0,1,1,3,1,0,1,2,0,4,0,3,0,4,0,0,0,0,0,1,0,0,0,1,1,0,4,0,0,0,0,0,3,0,0,0,0,0,0,12,9,1,0,14,0,0,0,0,0,7,0,0,1,0,1,0,0,2,0,0,0,0,0,1,2,0,0,0,0,0,1,0,0,0,2,2,0,6,1,1,1,0,0,0,0,0,1,1,0,0,0,0,5,0,0,18,1,0,0,0,1,0,0,0,0,3,0,3,0,16,2,0,0,64,0,1,0,0,0,0,2,0,0,0,2,0,0,1,1,2,0,0,0,1,0,0,0,cluster3
E,0,0,0,0,0,0,1,0,1,0,0,0,0,0,0,1,0,0,0,0,0,0,1,0,0,0,0,1,0,0,0,1,0,0,1,0,0,0,0,1,0,0,1,0,1,1,0,0,0,0,1,1,1,0,0,0,0,0,0,0,1,0,0,0,0,0,0,0,1,0,0,1,0,1,0,0,0,0,0,0,0,0,0,0,0,0,0,1,0,0,0,0,0,0,1,0,0,0,1,0,0,1,0,0,0,1,0,0,0,0,0,0,0,0,0,0,0,1,1,0,0,0,0,0,0,1,0,0,0,0,0,0,0,0,0,0,0,0,0,1,0,0,0,0,0,1,0,0,0,0,0,0,0,0,1,0,1,1,0,0,0,0,0,0,0,0,0,0,0,1,0,1,0,0,0,0,2,0,0,0,0,0,1,0,0,0,0,0,0,0,0,1,0,0,0,0,0,0,0,cluster3
XS,0,1,0,0,0,0,0,0,0,0,0,0,1,0,0,2,0,0,0,0,1,0,0,0,0,0,0,2,0,0,0,0,0,1,0,0,0,0,0,1,0,0,3,0,1,0,1,0,1,0,3,0,0,0,0,0,0,0,1,0,0,0,0,0,1,0,0,0,1,0,0,2,0,0,0,0,0,0,0,0,0,0,0,0,1,0,0,0,0,0,0,0,0,0,2,0,0,0,0,0,0,3,1,1,0,2,0,0,0,0,0,1,0,0,0,0,0,0,0,0,0,0,0,0,1,0,1,0,0,0,0,0,1,0,0,0,1,1,0,2,0,0,1,0,0,0,0,0,1,1,0,0,0,0,1,0,0,3,0,0,0,0,1,0,0,0,0,1,0,2,0,3,0,0,0,1,0,6,1,0,0,0,0,0,0,0,1,0,0,0,0,0,0,0,0,0,0,0,0,cluster3
Logos,0,1,0,0,0,0,0,0,0,0,0,1,0,0,0,3,0,0,0,0,0,1,0,0,0,1,2,1,0,0,1,0,0,3,0,0,0,0,0,3,0,1,5,0,1,0,0,0,3,0,3,1,1,0,0,0,0,0,1,0,0,0,0,1,0,1,0,0,0,0,0,2,0,1,0,1,0,0,0,0,0,0,0,0,1,0,2,0,0,0,0,0,0,0,1,0,0,0,0,0,0,5,0,0,0,4,0,0,0,0,0,2,0,1,0,0,1,0,1,0,0,0,0,0,0,0,1,0,0,0,0,0,0,0,0,0,1,0,0,2,0,0,0,0,0,1,0,0,0,0,0,0,0,0,4,1,0,5,0,0,0,0,0,0,0,0,0,0,0,3,0,5,1,0,0,0,0,1,12,0,0,0,0,0,0,0,0,0,0,0,0,0,0,0,0,0,0,0,0,cluster3
Bro,0,0,0,0,0,0,0,0,0,0,0,0,0,0,0,0,0,0,0,0,0,0,0,0,0,0,0,1,0,0,0,0,0,1,0,0,0,0,0,1,0,0,1,0,0,0,0,0,0,0,1,0,0,0,0,0,0,0,0,0,0,0,0,1,1,0,0,0,0,0,0,0,0,1,0,1,0,0,0,0,0,0,0,0,0,0,0,0,0,0,0,0,0,0,0,0,0,0,0,0,0,2,0,0,0,1,0,0,0,0,0,1,0,0,0,0,0,0,0,0,0,0,0,0,0,0,0,0,0,0,0,0,0,0,0,0,0,0,0,0,0,0,0,0,0,0,0,0,0,0,0,0,0,0,0,0,0,1,0,0,0,0,0,0,0,0,0,0,0,1,0,1,0,0,0,0,0,0,0,4,0,0,0,0,0,0,0,0,0,0,0,0,0,0,0,0,0,0,0,cluster3
Nim,0,0,0,0,0,0,0,0,0,0,0,0,0,0,0,0,0,0,0,0,0,0,0,0,0,0,0,0,0,0,0,0,0,0,0,0,0,0,0,1,0,0,0,0,0,0,0,0,0,0,0,0,0,0,0,0,0,0,0,0,0,0,0,0,0,0,0,0,0,0,0,0,0,0,0,0,0,0,0,0,0,0,0,0,0,0,0,0,0,0,0,0,0,0,0,0,0,0,0,0,0,0,0,0,0,0,0,0,0,0,0,0,0,0,0,0,0,0,0,0,0,0,0,0,0,0,0,0,0,0,0,0,0,0,0,0,0,0,0,0,0,0,0,0,0,0,0,0,0,0,0,0,0,0,0,0,0,0,0,0,0,0,0,0,0,0,0,0,0,0,0,0,0,0,0,0,0,0,0,0,2,0,0,0,0,0,0,0,0,0,0,0,0,0,0,0,0,0,0,cluster3
AutoHotkey,0,4,4,4,0,4,0,0,0,0,0,4,4,4,4,4,0,0,0,4,0,0,0,4,0,4,4,0,0,4,0,4,4,4,0,0,0,0,0,4,0,0,5,0,0,0,0,0,4,0,0,0,0,0,0,0,0,0,1,4,4,4,4,0,4,0,0,4,0,4,0,0,0,4,1,0,0,0,4,3,0,0,1,2,0,0,4,4,0,0,0,4,0,0,0,4,0,0,0,0,0,4,4,0,0,4,2,0,0,4,0,4,4,0,0,0,0,4,0,0,0,4,0,0,4,4,0,0,0,0,0,0,0,0,0,0,4,4,0,5,4,0,1,4,0,0,0,4,0,4,0,0,0,0,5,4,4,4,4,0,4,4,0,0,0,0,0,0,0,0,0,1,4,0,4,0,0,0,0,0,0,10,4,4,0,0,4,1,0,0,0,0,0,0,4,0,0,0,4,cluster2
'Common Lisp',0,7,6,5,0,5,1,0,1,0,0,4,7,4,4,7,0,0,0,5,0,2,3,4,0,8,5,2,0,4,0,5,4,11,1,0,0,0,0,11,0,0,9,1,1,1,0,0,7,1,2,3,1,0,0,0,0,1,1,4,6,4,4,1,4,2,0,4,1,6,0,3,0,6,1,0,0,0,4,3,0,1,1,2,0,0,6,5,0,0,0,4,0,0,1,4,0,0,1,0,0,13,8,0,0,9,3,0,0,4,0,12,4,0,0,0,0,5,3,0,1,4,0,0,5,6,1,0,1,0,0,0,0,0,0,0,6,4,0,8,4,0,1,4,0,1,0,4,0,4,0,0,0,0,7,6,5,14,6,0,4,4,0,0,0,0,0,0,0,1,0,5,4,0,4,2,1,0,0,0,0,4,52,5,0,0,6,1,0,0,0,1,0,0,5,0,0,0,4,cluster2
Julia,0,6,6,4,0,7,0,0,0,0,0,5,7,4,4,5,0,0,0,4,0,0,0,4,0,9,6,0,0,4,0,4,4,8,0,0,0,0,0,8,0,0,7,2,0,0,0,0,4,0,0,0,0,0,0,0,0,1,1,4,5,4,4,0,4,0,0,4,0,4,0,0,0,6,1,0,0,0,4,3,0,0,1,2,0,0,7,5,0,0,0,4,0,0,0,4,0,0,0,0,0,10,10,1,0,9,4,0,0,4,0,9,4,1,0,0,0,6,0,0,1,4,0,0,4,4,0,0,0,0,0,0,0,0,0,0,5,4,0,4,4,0,1,4,0,0,0,4,0,4,0,0,0,0,4,4,4,12,9,0,4,4,0,0,0,0,0,0,0,0,0,3,4,0,4,0,0,0,0,0,0,4,5,34,1,0,5,1,0,1,0,0,0,0,7,0,0,0,4,cluster2
XML,0,0,0,0,0,1,0,0,0,0,0,0,1,0,0,0,0,0,0,0,0,0,0,0,0,1,0,0,0,0,0,0,0,2,0,0,0,0,0,2,0,0,0,0,0,0,0,0,0,0,0,0,0,0,0,0,0,0,0,0,0,0,0,0,0,0,0,0,0,0,0,0,0,0,0,0,0,0,0,0,0,0,0,0,0,0,1,0,0,0,0,0,0,0,0,0,0,0,0,0,0,2,1,0,0,2,0,0,0,0,0,2,0,0,0,0,0,0,0,0,0,0,0,0,0,0,0,0,0,0,0,0,0,0,0,0,0,0,0,0,0,0,0,0,0,0,0,0,0,0,0,0,0,0,0,0,0,2,1,0,0,0,0,0,0,0,0,0,0,0,0,0,0,0,0,0,0,0,0,0,0,0,0,1,6,0,0,0,0,0,0,0,0,0,0,0,0,0,0,cluster3
Hack,0,2,0,0,0,0,0,0,0,0,0,0,0,0,0,0,0,0,0,0,0,0,0,0,0,0,0,0,0,0,0,0,0,2,0,0,0,0,0,1,0,0,1,0,0,0,0,0,0,0,0,0,0,0,0,0,0,0,0,0,0,0,0,0,0,0,0,0,0,0,0,0,0,0,0,0,0,0,0,0,0,0,0,0,0,0,0,0,0,0,0,0,0,0,0,0,0,0,0,0,0,2,0,0,0,1,0,0,0,0,0,1,0,0,0,0,0,0,0,0,0,0,0,0,0,0,0,0,0,0,0,0,0,0,0,0,0,0,1,0,0,0,0,0,0,0,0,0,0,0,0,0,0,0,0,0,0,2,0,0,0,0,0,0,0,0,0,0,0,0,0,2,0,0,0,0,0,0,0,0,0,0,0,0,0,6,0,0,0,0,0,0,0,0,0,0,0,0,0,cluster3
'Visual Basic',0,9,5,4,0,4,0,0,0,0,1,4,5,4,4,11,0,0,0,4,2,2,2,6,0,11,5,1,1,4,0,4,4,16,0,0,0,0,0,17,0,0,14,0,1,0,1,0,16,1,3,2,0,0,2,0,0,0,1,4,6,4,4,0,5,2,0,4,3,7,0,3,0,5,1,2,0,3,4,3,0,0,1,2,0,0,5,4,0,1,0,4,0,0,1,4,0,0,0,0,0,19,7,3,0,15,3,0,0,4,0,18,7,1,3,0,0,5,0,0,0,4,0,0,4,4,1,0,0,0,0,0,1,0,0,0,11,5,0,11,4,0,2,4,0,0,0,4,1,5,0,0,0,0,9,4,4,22,5,0,4,4,2,1,1,1,0,1,0,1,0,15,6,0,4,2,0,1,0,0,0,4,6,5,0,0,58,1,0,0,1,0,0,0,5,0,0,0,4,cluster2
Handlebars,0,1,1,1,0,1,0,0,0,0,0,1,1,1,1,1,0,0,0,1,0,0,0,1,0,1,1,0,0,1,0,1,1,9,0,0,0,0,0,8,0,0,1,0,0,0,0,0,1,0,0,0,0,0,0,0,0,0,0,1,1,1,1,0,1,0,0,1,0,1,0,0,0,1,0,0,0,0,1,1,0,0,0,0,0,0,1,1,0,0,0,1,0,0,0,1,0,0,0,0,0,2,1,0,0,1,1,0,0,1,0,7,1,0,0,0,0,1,0,0,0,1,0,0,1,1,0,0,0,0,0,0,0,0,0,0,1,1,1,1,1,0,0,1,0,0,0,1,0,1,0,0,0,0,1,1,1,2,1,0,1,1,0,0,0,0,0,0,0,0,0,0,1,0,1,0,0,0,0,0,0,1,1,1,0,0,1,18,0,0,0,0,0,0,2,0,0,0,1,cluster1
'Gettext Catalog',0,0,0,0,0,0,0,0,0,0,0,0,0,0,0,0,0,0,0,0,0,0,0,0,0,0,0,0,0,0,0,0,0,0,0,0,0,0,0,1,0,0,0,0,0,0,0,0,0,0,0,0,0,0,0,0,0,0,0,0,0,0,0,0,0,0,0,0,0,0,0,0,0,0,0,0,0,0,0,0,0,0,0,0,0,0,0,0,0,0,0,0,0,0,0,0,0,0,0,0,0,1,0,0,0,0,0,0,0,0,0,0,0,0,0,0,0,0,0,0,0,0,0,0,0,0,0,0,0,0,0,0,0,0,0,0,0,0,0,0,0,0,0,0,0,0,0,0,0,0,0,0,0,0,0,0,0,0,0,0,0,0,0,0,0,0,0,0,0,0,0,0,0,0,0,0,0,0,0,0,0,0,0,0,0,0,0,0,2,0,0,0,0,0,0,0,0,0,0,cluster3
Cuda,0,1,0,0,0,0,0,0,0,0,0,0,0,0,0,2,0,0,0,0,0,0,0,0,0,2,0,0,0,0,0,0,0,3,0,0,0,0,0,4,0,0,27,0,0,0,0,0,4,0,0,0,0,0,0,0,0,1,0,0,2,0,0,0,0,1,0,0,0,2,0,1,0,1,0,10,0,0,0,0,0,0,0,0,0,0,0,1,0,0,0,0,0,0,0,0,0,0,0,0,0,19,2,0,0,24,0,0,0,0,0,2,0,0,0,0,0,0,0,0,0,0,0,0,0,0,0,0,0,0,0,0,0,0,0,0,2,0,0,0,0,0,0,0,0,0,0,0,0,0,0,0,0,0,0,6,6,21,0,0,0,0,0,0,0,0,0,0,0,0,0,22,0,4,0,1,0,0,0,0,0,0,0,1,0,0,0,0,0,60,1,0,0,0,0,0,0,0,0,cluster3
'Ragel in Ruby Host',0,1,0,0,0,0,0,0,0,0,1,0,1,0,0,2,0,0,0,0,0,0,0,0,0,1,0,0,0,0,0,0,0,4,0,0,0,0,0,4,0,0,3,0,0,0,0,0,0,0,2,0,0,0,0,0,0,0,0,0,1,0,1,0,0,0,0,0,0,0,0,0,0,0,0,1,0,0,0,0,0,1,0,0,0,0,1,0,0,0,0,0,0,0,0,0,0,0,0,0,0,2,3,0,0,3,0,0,0,0,0,3,1,0,0,0,0,0,0,0,0,0,0,0,0,1,0,0,0,0,0,0,0,0,0,0,0,0,0,0,1,0,0,0,0,0,0,0,0,0,0,0,0,0,1,0,0,4,1,0,0,0,0,0,1,1,0,0,0,0,0,5,1,0,0,1,0,0,0,0,0,0,0,0,0,0,1,0,0,1,10,0,0,0,1,0,0,0,0,cluster3
Mathematica,0,2,1,0,0,0,1,0,1,0,0,0,0,0,0,4,0,0,0,0,1,0,1,0,0,4,0,1,0,0,0,1,0,4,1,0,0,0,0,5,0,0,6,0,1,1,0,0,3,1,2,1,1,0,0,1,0,1,1,0,3,0,0,0,1,1,1,0,2,0,0,2,1,2,0,2,0,0,0,0,0,0,0,0,0,0,1,2,0,2,1,0,0,0,3,0,0,0,1,0,0,5,2,0,0,4,0,0,0,0,0,3,0,0,0,0,1,1,2,0,1,0,0,0,2,1,1,0,1,0,0,0,0,0,0,1,1,0,0,4,1,1,0,0,0,1,1,0,0,0,0,0,0,0,1,0,3,5,1,0,1,0,0,0,0,0,0,0,0,1,0,6,0,2,0,2,1,0,0,0,0,0,1,0,0,0,0,0,0,0,0,14,0,1,0,0,0,0,0,cluster3
Crystal,0,0,0,0,0,0,0,0,0,0,0,0,0,0,0,0,0,0,0,0,0,0,0,0,0,0,0,0,0,0,0,0,0,1,0,0,0,0,0,0,0,0,0,0,0,0,0,0,0,0,0,0,0,0,0,0,0,0,0,0,0,0,0,0,0,0,0,0,0,0,0,0,0,0,0,0,0,0,0,0,0,0,0,0,0,0,0,0,0,0,0,0,0,0,0,0,0,0,0,0,0,0,1,0,0,0,0,0,0,0,0,1,0,0,0,0,0,0,0,0,0,0,0,0,0,0,0,0,0,0,0,0,0,0,0,0,0,0,0,0,0,0,0,0,0,0,0,0,0,0,0,0,0,0,0,0,0,0,0,0,0,0,0,0,0,0,0,0,0,0,0,0,0,0,0,0,0,0,0,0,0,0,0,0,0,0,0,0,0,0,0,0,6,0,0,0,0,0,0,cluster3
Cycript,0,0,0,0,0,0,0,0,0,0,0,0,0,0,0,0,0,0,0,0,0,0,0,0,0,1,0,0,0,0,0,0,0,1,0,0,0,0,0,1,0,0,0,0,0,0,0,0,0,0,0,0,0,0,0,1,0,0,0,0,1,0,0,0,1,1,0,0,1,0,0,0,0,0,0,0,0,0,0,0,0,0,0,0,0,0,0,0,0,1,1,0,0,0,1,0,0,0,0,0,0,1,1,0,0,1,0,0,0,0,0,1,0,0,0,0,0,0,1,0,1,0,0,0,1,0,0,0,1,0,0,0,0,0,0,1,0,0,0,0,1,0,0,0,0,0,1,0,0,0,0,0,0,0,0,0,0,1,1,0,1,0,0,0,0,0,0,0,0,0,0,0,0,0,0,0,0,0,0,0,0,0,0,0,0,0,0,0,0,0,0,1,0,2,0,0,0,0,0,cluster3
CoffeeScript,0,13,7,5,0,8,0,0,0,0,0,5,6,4,4,8,0,0,0,5,0,0,0,4,0,10,8,0,3,4,0,4,9,143,0,0,0,0,0,109,0,0,7,2,1,0,0,0,14,0,3,0,0,0,0,0,0,3,1,4,10,4,5,0,4,0,0,4,0,5,0,0,0,7,1,0,0,0,4,3,0,0,1,2,0,0,6,11,0,0,0,4,0,0,0,4,0,0,0,0,0,31,92,1,0,19,3,0,0,4,0,161,4,0,0,0,0,5,1,1,0,4,0,0,4,4,1,0,0,0,0,0,0,0,0,0,7,11,1,5,4,0,1,4,0,1,0,4,0,4,0,0,0,0,5,6,5,58,9,0,4,4,0,0,0,0,0,0,0,0,0,4,4,0,4,0,0,0,0,0,0,4,5,7,0,0,5,2,0,0,1,0,0,0,374,0,0,2,4,cluster2
Puppet,0,1,1,0,0,0,0,0,0,0,0,0,0,0,0,1,0,0,0,0,1,1,0,0,0,0,0,0,1,0,0,0,0,4,0,0,0,0,0,4,0,0,0,0,0,0,0,0,2,0,1,0,0,0,0,0,0,0,0,0,0,0,0,0,0,0,0,0,0,1,0,0,0,0,0,0,0,1,0,0,0,0,0,0,0,0,0,1,0,0,0,0,0,0,0,0,0,0,0,0,0,3,3,0,0,2,0,0,0,0,0,4,0,1,0,0,0,0,0,1,0,0,0,0,0,0,0,1,0,0,0,0,0,0,0,0,1,0,0,0,0,0,0,0,0,0,0,0,0,0,0,0,0,0,0,0,0,6,0,0,0,0,0,0,0,0,0,2,0,0,1,0,3,0,0,1,0,0,0,0,0,0,0,0,0,0,0,0,0,0,0,0,0,0,0,14,0,0,0,cluster3
EmberScript,0,0,1,0,0,0,0,0,0,1,0,0,0,0,0,1,0,0,0,0,0,0,0,0,0,0,0,0,0,0,0,0,0,1,0,0,0,0,0,1,0,0,1,0,0,0,0,0,1,0,0,0,0,0,0,0,0,0,0,0,0,0,0,0,0,0,0,0,0,0,0,0,0,0,1,1,0,0,0,0,0,0,0,0,0,0,0,0,0,0,0,0,0,0,0,0,0,0,0,0,0,1,0,1,0,1,0,0,0,0,0,0,0,0,0,0,0,0,0,0,0,0,0,0,0,0,0,0,0,0,0,0,0,0,0,0,1,0,0,1,0,0,0,0,0,0,0,0,0,0,0,0,0,0,0,0,1,1,0,0,0,0,0,0,0,0,0,0,0,0,0,1,0,0,0,0,0,0,0,0,0,0,0,0,0,0,0,0,0,0,0,0,0,0,0,0,2,0,0,cluster3
VimL,0,4,5,0,0,0,0,0,2,0,0,0,1,0,0,10,0,0,0,0,0,0,2,0,0,3,4,1,1,0,0,0,0,8,0,0,0,0,0,8,0,0,9,0,2,0,0,0,3,0,4,0,0,0,0,0,0,0,0,0,0,0,0,0,0,0,0,0,0,2,2,2,0,2,0,3,0,0,0,0,0,1,0,0,0,0,1,2,0,0,0,0,0,0,0,0,0,0,0,0,0,15,7,1,0,10,1,1,0,0,0,13,0,0,1,0,1,0,6,1,0,0,2,0,1,3,2,0,0,0,0,0,0,0,0,0,1,1,0,3,0,0,1,1,0,1,0,0,0,0,0,0,0,0,4,2,0,44,4,1,0,0,0,0,0,0,0,2,1,3,0,11,1,0,1,0,0,0,0,0,0,0,0,0,0,0,0,0,0,0,0,0,0,0,2,0,0,114,0,cluster3
Eiffel,0,4,4,4,0,4,0,0,0,0,0,4,4,4,4,4,0,0,0,4,0,0,0,4,0,4,4,0,0,4,0,4,4,4,0,0,0,0,0,4,0,0,4,0,0,0,0,0,4,0,0,0,0,0,0,0,0,0,1,4,4,4,4,0,4,0,0,4,0,4,0,0,0,4,1,0,0,0,4,3,0,0,1,2,0,0,4,4,0,0,0,4,0,0,0,4,0,0,0,0,0,4,4,0,0,4,2,0,0,4,0,4,4,0,0,0,0,4,0,0,0,4,0,0,4,4,0,0,0,0,0,0,0,0,0,0,4,4,0,4,4,0,1,4,0,0,0,4,0,4,0,0,0,0,4,4,4,4,4,0,4,4,0,0,0,0,0,0,0,0,0,0,4,0,4,0,0,0,0,0,0,4,4,4,0,0,4,1,0,0,0,0,0,0,4,0,0,0,8,cluster2
