'Overall Qual','Overall Cond','Year Built','Year Remod/Add','Exter Qual',Foundation,'Bsmt Qual','Bsmt Exposure','BsmtFin Type 1','BsmtFin SF 1','Total Bsmt SF','Heating QC','Central Air','1st Flr SF','Gr Liv Area','Garage Yr Blt','Garage Finish','Garage Cars','Garage Area',SalePrice
5,6,1961,1961,0,2,0,-1,0,468,882,0,1,896,896,1961,-1,1,730,105000
6,6,1958,1958,0,2,0,-1,2,923,1329,0,1,1329,1329,1958,-1,1,312,172000
8,5,2001,2001,1,1,1,0,3,616,1338,2,1,1338,1338,2001,1,2,582,213500
8,5,1992,1992,1,1,1,-1,2,263,1280,2,1,1280,1280,1992,0,2,506,191500
6,7,1992,2007,0,1,1,-1,2,935,1168,2,1,1187,1187,1992,1,2,420,185000
6,5,1998,1998,0,1,1,-1,-2,0,789,1,1,789,1465,1998,1,2,393,180400
7,5,1990,1990,0,1,1,2,3,637,1300,1,1,1341,1341,1990,-1,2,506,171500
4,5,1951,1951,0,2,0,-1,-1,120,864,2,1,864,864,1951,-1,2,400,141000
6,7,1970,1970,0,2,0,-1,2,578,1004,2,1,1004,1004,1970,1,2,480,149000
5,6,1971,2008,0,2,0,-1,3,734,1078,2,1,1078,1078,1971,1,2,500,149900
5,6,1968,1968,0,2,0,-1,1,775,1056,2,1,1056,1056,1968,-1,1,304,142000
4,5,1970,1970,0,2,0,-1,2,804,882,0,1,882,882,1970,1,2,525,126000
4,5,1971,1971,0,2,0,-1,2,432,864,0,1,864,864,1978.132443,-2,0,0,115000
7,5,1999,1999,1,1,1,-1,3,1051,1405,2,1,1337,1337,1999,1,2,511,184000
6,5,1971,1971,0,2,0,-1,0,156,483,0,1,483,987,1971,-1,1,264,96000
5,5,1971,1971,0,2,0,-1,0,300,525,0,1,525,1092,1997,-1,1,320,105500
6,5,1977,1977,0,2,1,-1,2,360,1069,0,1,1069,1069,1977,0,2,440,127500
6,6,1975,1975,0,2,0,-1,2,514,855,0,1,855,1456,1975,-1,2,440,149900
7,6,1975,1975,0,2,1,-1,-2,0,836,2,1,836,836,1975,-1,1,308,120000
6,5,1978,1978,0,2,1,-1,2,311,855,-1,1,855,1456,1978,-1,2,440,146000
8,5,2006,2006,1,1,1,0,3,24,1370,2,1,1370,1370,2006,0,2,484,205000
6,5,2005,2005,1,1,1,-1,-2,0,1324,2,1,1324,1324,2005,1,2,430,199500
7,5,2006,2006,1,1,1,1,3,16,1145,2,1,1145,1145,2006,1,2,437,160000
8,5,2004,2005,1,1,1,-1,3,24,1256,2,1,1269,1269,2004,1,2,430,192000
7,5,2004,2004,1,1,1,-1,3,326,384,2,1,744,1374,2004,1,2,400,184500
7,5,2000,2000,0,1,1,-1,3,250,384,2,1,774,1430,2000,1,2,400,180000
6,5,2005,2005,1,1,2,-1,3,1414,1468,2,1,1468,1468,2005,1,2,528,271500
6,5,1980,1980,0,2,1,-1,1,543,923,0,1,923,923,1980,0,1,264,143000
6,5,1979,1979,0,2,1,-1,-2,0,918,0,1,918,918,1979,-1,1,264,99500
6,5,1984,1984,0,2,1,-1,2,623,744,0,1,752,752,1984,-1,1,264,125000
6,5,1984,1985,0,1,1,-1,3,338,1040,0,1,1097,1097,1986,-1,2,480,152000
5,5,1920,1950,0,3,0,-1,-2,0,816,0,-1,1012,1012,1920,-1,1,429,67500
5,7,1961,1995,0,2,0,1,2,899,1109,0,1,1155,1155,1987,-1,2,576,148000
5,8,1965,2009,0,2,0,-1,3,553,894,2,1,894,894,1973,-1,1,336,138500
5,5,1967,1967,0,2,0,-1,1,450,882,0,1,900,900,1970,-1,1,280,122000
5,5,1963,1963,0,2,0,-1,2,824,1040,-1,1,1040,1040,1963,1,1,308,133000
5,8,1962,2010,0,2,0,-1,2,659,1040,2,1,1040,1040,1962,-1,1,260,127000
7,5,2004,2005,1,1,2,1,3,1298,1488,2,1,1488,1488,2004,1,2,506,260000
7,5,2004,2004,1,1,1,1,3,280,600,2,1,600,1200,2004,0,2,480,155000
7,5,2004,2005,1,1,1,-1,-2,0,600,2,1,600,1200,2004,0,2,480,151000
7,5,2004,2005,1,1,1,-1,3,368,600,2,1,600,1200,2004,0,2,480,149500
6,5,2005,2005,1,1,1,-1,3,376,600,2,1,600,1236,2005,0,2,480,152000
7,5,1999,1999,1,1,1,-1,2,604,696,2,1,696,1416,1999,-1,2,484,155000
7,5,2003,2003,1,1,1,-1,3,244,530,2,1,530,1080,2003,0,2,496,147110
8,5,1980,1980,1,2,1,2,3,728,728,0,1,788,788,1980,1,2,484,155000
8,6,1978,1978,1,2,1,2,3,1052,1226,0,1,1226,1226,1978,1,2,484,206000
6,8,1976,2005,1,2,0,-1,3,533,725,2,1,725,1479,1976,0,2,475,130500
7,5,2002,2002,1,1,1,-1,3,833,1492,2,1,1492,1492,2002,0,2,596,230000
6,7,1972,2006,0,2,0,-1,2,982,1161,0,1,1381,1381,1972,0,2,676,197500
5,5,1966,1966,0,2,0,-1,0,698,1232,0,1,1232,1232,1966,0,2,490,142250
6,5,1963,1963,0,2,0,-1,2,569,1328,0,1,1328,1328,1963,-1,2,528,143000
4,5,1959,1959,0,2,0,-1,2,569,950,-1,1,1225,1225,1978.132443,-2,0,0,128950
5,5,1966,1966,0,1,1,-1,1,1059,1209,1,1,1209,1209,1966,0,2,504,159000
5,7,1964,1964,0,1,0,1,3,1014,1152,0,1,1152,1152,1964,0,2,484,180500
5,6,1950,1996,0,2,0,0,3,49,1078,1,1,1078,1078,1950,-1,1,240,142125
5,7,1958,2008,0,2,0,2,1,696,858,1,1,858,858,1978.132443,-2,0,0,116500
3,2,1940,1966,0,2,0,-1,-2,0,728,2,1,1306,1306,1978.132443,-2,0,0,76500
5,5,1954,1954,0,2,0,-1,0,354,1056,0,1,1063,1063,1954,0,1,280,128000
5,6,1954,1954,0,1,0,-1,-1,540,1268,1,1,1268,1268,1954,1,1,244,132000
6,8,1966,2008,0,2,0,2,3,944,1080,1,1,1128,1128,1966,-1,1,315,178000
7,5,2003,2009,1,1,1,-1,3,1188,1480,2,1,1480,1480,2003,0,2,620,214000
5,5,1959,1959,0,2,0,-1,1,856,1143,0,1,1143,1143,1959,0,1,308,136000
5,6,1957,1957,0,2,0,-1,0,922,1314,0,1,1314,1314,1957,0,1,294,145000
6,6,1959,1959,0,2,0,-1,-2,0,1194,0,1,1194,1194,1959,0,1,312,148000
5,5,1960,1960,0,2,0,-1,0,697,1268,0,1,1264,1264,1960,-1,2,461,167500
5,5,1959,1959,0,2,0,-1,0,936,1206,-1,1,1206,1206,1959,0,1,312,108538
4,5,1956,1956,0,2,0,-1,-2,0,832,0,1,832,1337,1956,-1,1,263,108000
5,7,1952,1952,0,2,0,-1,1,339,864,0,1,1064,1064,1952,-1,1,318,135000
5,6,1955,1955,0,2,0,-1,0,648,972,0,1,972,972,1955,-1,1,305,122500
4,7,1920,1994,0,3,0,-1,-2,0,576,1,1,985,985,1989,-1,2,676,105000
5,7,1955,2007,0,0,-3,-2,-3,0,0,2,1,827,827,1967,-1,1,392,107500
5,7,1954,2003,0,2,0,-1,2,320,1086,1,1,1086,1086,1989,-1,2,490,144900
5,7,1956,2000,0,2,0,-1,1,248,936,2,1,936,936,1956,1,1,308,129000
6,5,1980,1980,0,2,0,-1,3,1056,1056,1,1,1056,1056,1980,-1,2,576,144000
5,7,1959,2006,0,2,0,-1,2,72,1063,2,1,1287,1287,1997,1,2,576,162000
6,8,1948,2004,0,2,0,-1,2,481,816,0,1,816,1224,1950,-1,1,280,132000
5,7,1959,1994,0,2,0,-1,-1,340,1246,2,1,1246,1246,1959,0,1,305,154000
5,4,1952,1952,0,2,0,-1,0,507,910,-1,1,910,1385,2000,-1,2,720,166000
5,7,1951,2000,0,2,0,0,1,234,900,0,1,900,900,2005,-1,2,576,134800
6,6,1962,1962,0,2,0,-1,-2,0,1116,0,1,1116,1116,1962,-1,2,440,160000
5,6,1960,1960,0,2,0,-1,0,588,1175,2,1,1175,1175,1960,0,2,484,148000
6,7,1963,1984,0,2,0,2,1,717,1395,0,1,1395,1395,1963,0,2,440,192000
4,7,1910,2004,0,3,0,-1,-2,0,576,1,1,792,1140,1978.132443,-2,0,0,96500
5,7,1920,1950,0,1,0,-1,1,579,936,0,1,936,936,1978.132443,-2,0,0,109500
5,6,1927,1950,0,2,0,-1,-2,0,1008,1,1,1028,1028,1927,-1,2,360,115000
5,7,1957,1957,0,2,0,0,1,274,1347,1,1,1347,1347,1957,-1,2,551,143000
4,6,1945,1950,0,2,0,-1,-2,0,747,0,1,747,747,1945,-1,1,220,80000
5,7,1929,2001,0,3,0,-1,-1,234,926,0,1,926,1316,1974,-1,2,484,130000
6,7,1938,2000,0,1,1,-1,-2,0,827,1,1,827,1251,1938,-1,1,240,119000
5,6,1920,1962,0,3,0,-1,0,176,1008,0,1,1060,1245,1962,-1,1,315,100000
6,8,1928,2003,0,3,0,-1,-2,0,624,1,1,720,720,2005,-1,2,484,105900
6,7,1957,1996,0,2,0,-1,3,600,912,0,1,1236,1236,1957,-1,2,923,149700
4,7,1910,1950,0,2,-1,-1,-2,0,622,1,1,741,1363,1966,-1,2,528,125500
6,7,1922,1994,0,2,-1,-1,0,283,738,2,1,868,1470,1970,-1,2,624,140750
4,7,1925,1950,0,3,0,-1,0,188,765,0,-1,765,765,1926,-1,1,200,87000
6,6,1940,1950,0,2,0,-1,-1,264,572,2,1,848,1196,1973,-1,2,576,128000
5,6,1942,1950,0,2,0,-1,0,360,835,0,1,955,1453,1942,-1,1,240,132000
6,7,1948,1950,0,2,0,-1,0,300,780,0,1,780,1416,1948,-1,1,312,139900
5,7,1936,1980,0,2,0,-1,0,276,528,1,1,548,1040,1979,1,2,624,123900
6,5,1923,1950,0,3,-1,-1,2,960,1124,0,1,1068,1068,1923,-1,1,288,109500
6,8,1920,1993,0,3,0,-1,-2,0,662,2,1,662,1324,1920,-1,1,180,122000
5,5,1963,1963,-1,2,1,2,-1,104,816,0,-1,816,816,1963,-1,2,516,110000
4,5,1930,1950,-1,0,-3,-2,-3,0,0,-1,-1,372,1092,1978.132443,-2,0,0,55000
5,3,1917,1950,0,3,1,-1,-2,0,689,1,-1,725,1224,1917,-1,1,180,107500
5,4,1915,1950,-1,3,0,-1,0,1026,1212,0,-1,1212,1392,1978.132443,-2,0,0,100000
6,5,1940,1950,0,2,-1,-1,-1,368,600,2,-1,600,919,1940,-1,1,231,95000
5,8,1875,1996,0,2,0,-1,-2,0,780,1,-1,780,1020,1978.132443,-2,0,0,94000
5,4,1965,1965,0,1,0,0,1,841,1039,2,1,1039,1039,1965,-1,2,504,131500
5,6,1957,1996,0,2,1,-1,2,1302,1392,0,1,1392,1392,1957,-1,2,528,121500
5,5,1967,1967,0,2,0,-1,2,842,912,0,1,912,912,1974,-1,1,336,125000
5,8,1968,2001,0,2,0,0,0,188,1060,2,1,1060,1060,1968,-1,1,270,154000
5,7,1966,2008,0,2,0,0,1,240,864,2,1,892,892,1966,-1,1,416,137900
6,7,1969,1969,0,2,0,-1,2,371,663,0,1,663,1352,1969,1,1,299,158000
5,5,1968,1968,0,2,0,-1,3,775,864,2,1,864,864,1969,-1,1,280,137250
5,5,1978,1978,0,2,1,1,3,1319,1319,0,1,1373,1373,1978,1,2,591,160250
5,5,1968,1968,0,2,0,-1,0,267,720,2,1,720,1440,1968,-1,2,480,163000
7,7,1977,2001,1,2,1,2,2,1092,1420,1,1,1483,1483,1977,0,2,690,270000
4,4,1927,1950,0,3,-1,-1,-2,0,660,0,-1,756,756,1945,-1,2,440,85000
4,7,1950,1995,0,2,1,-1,1,442,1067,0,1,1067,1067,1996,-1,2,436,128000
6,7,1950,1987,0,2,0,-1,3,104,663,2,1,1074,1074,1987,-1,1,467,144500
5,6,1956,1956,0,2,0,1,1,739,1144,0,1,1144,1144,1956,-1,1,596,129000
5,7,1954,1998,0,2,0,1,1,954,1172,0,1,1172,1172,1954,1,1,366,128000
6,5,2009,2009,0,1,1,0,3,36,1212,2,1,1212,1212,2009,0,2,460,186000
5,3,1964,1964,0,2,0,0,-2,0,1250,2,1,1298,1298,1964,-1,2,504,114000
7,5,1987,1987,1,2,1,2,3,1433,1433,2,1,1433,1433,1987,0,2,528,270000
6,6,1992,1992,0,1,1,1,3,747,936,2,1,996,996,1992,-1,2,564,147000
7,5,2006,2006,1,1,1,1,3,686,1187,2,1,1208,1208,2006,0,2,632,206000
7,5,2009,2009,0,1,1,-1,-2,0,1226,2,1,1226,1226,2009,0,3,740,198900
7,5,2010,2010,1,1,1,-1,3,24,1222,2,1,1222,1222,2009,0,2,615,187000
6,8,1900,1993,0,1,-1,-1,-2,0,676,0,1,831,1445,1957,-1,2,484,138500
6,7,1971,1971,0,2,0,1,3,504,1010,1,1,1052,1052,1971,-1,2,440,155000
5,5,1996,1996,0,1,1,1,3,870,870,1,1,965,965,1998,-1,2,580,159000
5,8,1977,2004,1,2,1,-1,3,198,1026,2,1,1026,1026,1977,-1,1,308,150000
6,7,1977,1977,0,2,1,-1,3,378,689,2,1,689,1392,1977,1,1,299,161750
5,6,1976,1976,0,2,0,1,-1,182,894,0,1,894,894,1976,-1,1,308,128200
5,6,1972,1972,0,2,0,1,2,480,876,0,1,876,876,1977,-1,2,484,127000
6,5,2003,2003,1,1,1,1,3,672,848,2,1,848,848,2003,1,2,420,143750
6,5,2004,2004,1,1,1,1,3,662,848,2,1,848,848,2004,0,2,420,143000
7,5,2004,2005,1,1,1,1,3,712,1473,2,1,1484,1484,2004,0,2,606,213000
7,5,2004,2004,1,1,1,1,3,24,1414,2,1,1414,1414,2004,0,2,494,185500
3,6,1945,2007,0,2,-3,-2,-3,0,0,0,-1,640,640,1945,-1,1,240,84900
5,6,1968,1968,0,2,1,2,2,1070,1196,0,1,1196,1196,1968,0,1,336,144000
6,6,1975,1975,0,2,0,1,2,528,1008,0,1,1096,1096,1975,-1,1,352,125200
4,5,1958,1958,0,2,0,-1,-2,0,960,2,1,960,960,1978.132443,-2,0,0,90000
4,5,2003,2004,0,1,1,-1,-2,0,1121,2,1,1121,1121,2003,0,2,440,140000
6,4,1945,1950,0,2,0,-1,-1,94,735,0,1,798,1487,1949,-1,1,220,113000
4,4,1941,1950,0,3,1,-1,1,348,672,-1,-1,672,924,1941,-1,1,280,80000
5,6,1924,1999,0,3,0,0,0,133,1107,-1,-1,1296,1296,1979,-1,1,260,104000
3,3,1914,1950,0,3,0,-1,0,203,864,0,-1,864,864,1938,-1,1,200,58500
6,6,1939,1950,0,2,0,-1,0,238,856,0,1,856,856,1939,-1,2,399,126000
8,6,1989,1989,1,2,1,2,3,747,982,1,1,1034,1034,1989,1,2,598,185000
8,5,1989,1989,1,2,1,1,3,76,1191,1,1,1191,1191,1989,-1,2,531,162500
4,8,1922,2007,0,3,0,-1,1,735,796,1,1,796,1154,1922,-1,1,240,125500
2,5,1941,1950,0,3,0,-1,1,480,480,0,1,540,540,1951,-1,1,200,82000
6,5,1921,1975,0,3,0,0,1,308,629,-1,1,727,1107,1950,-1,1,625,110000
6,7,1977,1977,0,2,0,-1,2,679,1243,0,1,1285,1285,1977,-1,2,473,190000
6,5,1976,1976,0,2,0,1,3,539,1012,0,1,1034,1034,1976,-1,3,888,169900
7,5,2008,2008,1,1,1,-1,3,78,1336,2,1,1346,1346,2008,1,3,660,220000
5,5,2006,2007,0,1,1,-1,-2,0,384,1,1,744,1444,2007,1,2,400,174000
5,5,1965,1977,0,2,0,-1,0,42,1068,0,1,1264,1264,1965,-1,2,528,169000
5,5,2004,2005,0,1,2,1,-2,0,1430,2,1,1430,1430,2004,0,2,624,173500
5,5,1999,1999,0,1,1,-1,-2,0,1344,2,1,1344,1344,2001,-1,2,686,166500
4,5,1973,1973,0,2,0,-1,1,334,546,0,1,546,1092,1973,0,1,286,83500
5,6,1973,1973,0,2,1,2,3,915,945,2,1,945,945,1973,0,1,253,119500
5,3,1976,1976,0,2,1,-1,0,129,536,0,1,536,1112,1976,-1,1,336,85000
4,7,1970,1970,0,2,0,-1,3,176,546,2,1,546,1092,1978.132443,-2,0,0,76000
4,6,1972,1972,0,2,1,1,-1,150,630,2,1,630,630,1978.132443,-2,0,0,75500
4,4,1970,1970,0,2,0,-1,-2,0,546,2,1,546,1092,1978.132443,-2,0,0,88250
4,6,1972,1972,0,2,0,-1,0,294,546,0,1,546,1092,1972,-1,1,286,85500
5,7,1971,2004,0,2,0,-1,2,469,864,2,1,874,874,1971,-1,1,352,130000
5,7,1962,1962,0,2,0,-1,0,593,1188,0,1,1188,1188,1962,-1,1,312,157900
5,7,1984,1984,0,2,1,0,0,207,833,0,1,833,833,1984,-1,2,495,149900
5,5,1991,1991,0,1,1,-1,0,458,624,1,1,624,1274,1993,-1,2,576,136000
5,5,1969,1969,0,2,0,1,1,476,864,0,1,864,1479,1969,1,1,275,161000
6,5,1956,1956,0,2,-1,-1,0,564,882,0,1,882,882,1956,-1,1,502,124500
6,5,1974,1974,0,2,0,-1,-1,844,1434,0,1,1434,1434,1974,0,2,528,157000
7,5,1995,1996,0,1,1,-1,-2,0,384,1,1,804,1474,1995,1,2,400,168500
8,5,1998,1998,0,1,1,1,3,341,1418,2,1,1478,1478,1998,1,2,495,240000
7,5,1998,1998,1,1,1,-1,3,189,384,1,1,751,1382,1998,1,2,396,177500
6,8,1993,1993,2,1,1,-1,2,310,680,1,1,680,1470,1993,1,2,420,185000
6,5,1993,1993,0,1,1,-1,-2,0,1181,2,1,1190,1190,1993,-1,2,430,166000
6,5,1994,1995,0,1,1,-1,-2,0,702,1,1,702,1481,1994,1,2,343,174000
6,6,1992,1992,0,1,1,-1,3,560,1158,1,1,1167,1167,1992,0,2,400,173000
7,5,1990,1990,0,1,1,-1,-2,0,1424,2,1,1442,1442,1990,0,2,500,180500
7,5,1980,1980,0,2,1,1,3,1036,1372,0,1,1472,1472,1980,-1,2,588,187500
6,6,1974,1974,0,2,0,-1,2,888,1116,2,1,1116,1116,1974,0,2,528,167900
7,5,1975,1975,0,2,0,-1,2,636,1176,-1,1,1193,1193,1975,-1,2,506,158000
6,5,1974,1974,0,2,1,-1,-2,0,1064,0,1,1350,1350,1974,0,2,478,165000
5,6,1970,1970,0,2,0,-1,1,828,1002,0,1,1002,1002,1973,-1,2,902,148500
6,8,1969,2005,0,2,0,-1,3,439,1026,1,1,1026,1026,1969,0,2,440,156000
5,5,1970,1970,0,2,0,-1,-2,0,1180,0,1,1180,1180,1970,0,2,477,128000
5,7,1971,1971,0,2,1,-1,2,500,1043,2,1,1050,1050,1971,-1,1,336,143000
4,6,1970,1970,0,2,0,-1,2,375,864,0,1,864,864,1989,-1,2,660,120500
4,7,1970,1970,0,2,0,-1,2,191,864,2,1,864,864,1994,-1,2,463,124500
4,7,1971,2006,0,2,0,-1,2,240,864,1,1,864,864,1986,-1,2,576,130000
6,5,1973,1973,0,2,0,-1,1,254,483,0,1,483,987,1973,-1,1,264,111000
5,6,1970,1970,0,2,0,-1,-1,765,765,0,1,765,1365,1970,-1,2,440,125000
6,6,1972,1972,0,2,0,-1,0,110,483,0,1,483,987,1972,-1,1,288,97000
6,8,1972,2007,0,2,0,-1,2,162,483,1,1,483,987,1972,-1,1,264,118000
5,7,1972,1972,0,2,0,-1,2,231,630,0,1,630,1302,1972,-1,1,264,119500
6,6,1976,1976,0,2,1,-1,-1,958,958,0,1,958,958,1976,0,2,440,143750
6,6,1976,1976,0,2,1,-1,2,566,855,0,1,855,1456,1976,-1,2,440,148500
7,5,1975,1975,0,2,1,-1,2,435,1057,0,1,1055,1055,1975,0,2,440,123000
6,5,1974,1974,0,2,0,-1,2,257,855,0,1,855,1322,1974,-1,2,440,147000
6,5,1977,1977,0,2,1,-1,2,389,855,0,1,855,1456,1977,-1,2,440,137900
6,6,1978,1978,0,2,0,-1,2,311,855,0,1,855,1441,1978,-1,2,440,148500
6,5,1978,1978,1,2,1,-1,2,279,855,0,1,855,1456,1978,1,2,440,138000
7,6,1976,1976,0,2,0,-1,2,536,836,0,1,836,836,1976,-1,1,345,128500
5,5,1967,1967,0,2,0,-1,1,432,892,0,1,892,892,1967,0,1,288,100000
5,7,1966,2004,1,1,0,-1,1,644,864,2,1,1120,1120,1966,0,2,656,148800
6,5,2005,2005,1,1,1,1,2,836,1358,2,1,1358,1358,2005,0,2,484,213000
6,5,2005,2005,1,1,1,1,2,900,1306,2,1,1306,1306,2005,0,2,624,196000
6,5,2005,2005,1,1,1,1,3,881,1306,2,1,1306,1306,2005,0,2,624,184500
7,5,2007,2008,1,1,1,-1,3,876,1350,2,1,1358,1358,2008,0,2,484,212500
7,5,2007,2008,1,1,1,-1,3,904,1314,2,1,1314,1314,2008,0,2,626,230000
9,5,2008,2008,2,1,2,-1,-2,0,1451,2,1,1456,1456,2008,0,2,539,248500
8,5,2006,2006,1,1,1,-1,3,863,1324,2,1,1324,1324,2006,1,2,550,254000
7,5,2003,2003,1,1,1,-1,-2,0,1405,2,1,1405,1405,2003,0,2,478,173000
7,5,2005,2005,1,1,1,-1,-2,0,728,2,1,728,1456,2005,1,2,390,184000
6,5,2005,2006,1,1,1,1,-2,0,745,2,1,745,1490,2005,1,2,392,167800
6,5,2005,2005,1,1,1,-1,-2,0,742,2,1,742,1484,2005,1,2,390,174000
7,5,2005,2006,1,1,1,1,3,16,1220,2,1,1220,1220,2005,1,2,397,180000
7,5,2005,2006,1,1,1,-1,3,16,1145,2,1,1145,1145,2005,1,2,397,160200
7,5,2004,2005,1,1,1,-1,3,425,716,2,1,716,1432,2004,1,2,432,188500
7,5,2004,2005,1,1,1,0,-2,0,384,2,1,744,1374,2004,1,2,400,170000
8,5,2002,2002,1,1,1,-1,3,353,408,2,1,779,1419,2002,1,2,527,184100
7,5,2003,2003,1,1,1,-1,3,652,782,2,1,806,1489,2003,1,2,400,192000
7,5,2003,2003,1,1,1,-1,3,494,698,2,1,698,1342,2003,1,2,393,178000
7,5,2007,2008,1,1,1,-1,3,904,1314,2,1,1314,1314,2008,0,2,626,207500
7,5,2004,2004,1,1,1,0,3,241,384,2,1,744,1374,2004,1,2,400,167000
7,5,1999,2000,0,1,1,-1,-2,0,384,2,1,774,1430,1999,0,2,400,156000
7,6,1999,1999,0,1,0,-1,-2,0,384,2,1,774,1430,1999,1,2,410,168000
8,5,2006,2006,1,1,2,1,3,379,1422,2,1,1432,1432,2006,1,2,492,245000
7,5,2008,2008,1,1,1,-1,-2,0,1402,2,1,1402,1402,2008,0,2,625,229800
8,5,2006,2007,1,1,1,-1,3,24,1372,2,1,1448,1448,2006,0,2,692,238500
7,5,2004,2005,1,1,1,-1,3,410,1221,2,1,1221,1221,2004,0,2,400,185000
7,6,2007,2007,1,1,1,-1,-2,0,1218,2,1,1218,1218,2007,0,2,576,159000
7,5,2006,2006,1,1,1,-1,3,54,1141,2,1,1141,1141,2006,0,2,484,152000
6,5,2004,2004,0,1,1,-1,-2,0,1158,2,1,1158,1158,1978.132443,-2,0,0,143500
7,5,2003,2003,1,1,1,-1,3,833,1176,2,1,1200,1200,2003,0,2,555,184900
7,5,2004,2005,1,1,1,-1,-2,0,1114,2,1,1114,1114,2005,-1,2,576,159000
5,5,2004,2004,0,1,1,-1,-2,0,1114,2,1,1114,1114,1978.132443,-2,0,0,142000
5,5,2003,2004,0,1,1,-1,3,836,1114,2,1,1114,1114,2004,-1,2,576,153000
7,5,2001,2001,1,1,1,-1,3,20,1454,2,1,1434,1434,2001,0,2,527,189000
6,6,1980,1980,0,2,1,-1,-2,0,626,0,1,626,1217,1980,0,1,288,120000
6,5,1990,1991,1,1,1,-1,-2,0,1332,1,1,1332,1332,1990,0,2,542,145000
6,7,1986,1986,0,2,1,-1,0,331,676,0,1,698,1400,1986,0,2,465,162000
4,4,1950,1950,-1,2,0,-1,-2,0,721,1,1,841,841,1950,-1,1,294,82000
6,3,1928,1950,0,3,-1,-1,-2,0,784,0,-1,784,784,1950,-1,2,360,76000
5,5,1962,1962,0,2,0,-1,-1,68,980,1,1,980,980,1969,-1,2,400,110000
5,6,1977,1977,0,2,0,-1,1,560,980,0,1,980,980,1986,-1,2,484,135000
5,6,1961,1961,0,2,0,-1,3,660,864,2,1,864,864,1982,-1,2,732,141000
5,5,1961,1961,0,2,0,-1,1,864,864,0,1,864,864,1961,-1,1,440,122000
5,8,1963,1995,1,2,0,-1,2,624,912,2,1,912,912,1963,0,1,300,129000
5,6,1961,1983,0,2,0,-1,1,594,864,2,1,1144,1144,1961,0,1,264,131400
5,5,1965,1965,0,2,0,-1,0,553,864,1,1,864,864,1965,-1,1,360,62383
5,6,1962,1962,0,2,0,-1,-1,140,912,1,1,912,912,1962,-1,1,252,123000
6,5,2008,2008,1,1,1,-1,3,962,1145,2,1,1256,1256,2008,1,2,641,195000
6,5,1999,1999,0,1,1,-1,3,381,729,1,1,742,1471,1999,-1,2,440,172500
7,5,1999,1999,1,1,1,-1,3,549,691,2,1,713,1452,1999,-1,2,506,156000
8,5,1981,1981,1,2,1,2,3,960,1226,0,1,1226,1226,1981,1,2,484,211500
6,6,1970,1970,0,2,0,-1,-2,0,1442,0,1,1442,1442,1970,0,2,615,185000
6,7,1968,1968,0,2,0,-1,-2,0,1489,1,1,1489,1489,1968,0,2,462,185750
6,6,1972,1972,0,2,0,-1,1,593,723,0,1,735,1395,1972,-1,2,497,162000
5,5,1969,1969,0,2,1,0,2,553,1288,0,1,1336,1336,1969,0,2,502,163000
6,5,1977,1977,0,2,1,-1,2,686,1350,0,1,1334,1334,1977,0,2,630,167900
5,6,1967,1967,0,1,0,-1,1,648,864,0,1,864,864,1967,1,1,312,130000
5,6,1965,1965,0,2,0,-1,1,338,925,2,1,925,925,1965,-1,1,429,117500
6,5,1971,1971,0,2,1,1,3,962,1232,-1,1,1320,1320,1971,0,2,495,172500
6,5,1967,1967,0,2,0,-1,0,251,1372,0,1,1342,1342,1967,-1,2,457,161500
4,7,1960,1960,0,2,0,-1,2,734,894,1,1,894,894,1988,-1,2,396,141500
5,7,1959,1959,0,2,0,-1,1,403,864,2,1,864,864,1960,-1,1,308,118000
6,6,1959,1959,0,2,0,-1,0,612,864,2,1,864,864,2008,-1,1,300,127500
4,5,1957,1957,0,2,0,-1,1,775,1040,0,1,1362,1362,1982,0,3,768,140000
5,6,1961,1995,0,2,0,-1,2,310,1313,0,1,1313,1313,1961,0,2,610,153000
5,6,1966,1966,0,2,0,0,1,740,1154,2,1,1154,1154,1966,0,2,480,154000
6,6,1964,1964,0,2,0,2,0,564,1127,0,1,1445,1445,1964,0,2,645,158000
5,6,1959,1959,0,2,0,-1,2,991,1041,2,1,1041,1041,1959,0,1,270,124500
5,5,1955,1955,0,2,0,-1,0,100,960,1,1,960,960,1955,0,1,330,122000
4,7,1940,1950,-1,2,0,-1,-1,280,420,1,1,708,708,1978.132443,-2,0,0,82500
5,4,1950,1950,0,2,0,-1,-1,185,709,0,1,979,1203,1950,-1,1,352,110000
5,6,1956,1956,0,2,0,-1,0,504,1050,1,1,1050,1050,1956,-1,1,338,128900
5,7,1950,2007,1,2,0,-1,2,607,1113,1,1,1113,1113,1950,-1,1,264,147000
6,6,1961,1961,0,2,0,-1,0,1312,1453,2,1,1453,1453,1961,0,2,530,187500
6,5,1963,1963,0,2,1,-1,1,609,1394,1,1,1394,1394,1963,0,2,514,159000
6,3,1968,1968,0,2,-1,-1,-2,0,1392,1,1,1392,1392,1968,0,2,576,110000
5,7,1956,1956,1,2,0,-1,2,856,1169,0,1,1144,1144,1956,0,1,286,150000
6,3,1957,1957,0,2,0,-1,2,189,1478,1,1,1478,1478,1957,0,2,442,156500
7,6,1960,1960,0,2,0,-1,1,544,1329,1,1,1329,1329,1960,-1,2,441,176000
6,8,1959,1998,1,2,0,-1,2,708,988,0,1,988,988,1959,-1,1,297,149500
6,7,1958,1998,0,2,0,-1,0,585,1215,0,1,1215,1215,1958,-1,1,297,155000
5,5,1955,1955,0,2,0,-1,0,172,1382,1,1,1382,1382,1955,-1,1,350,153000
6,5,1962,1962,0,2,0,2,0,672,1362,0,1,1382,1382,1991,-1,2,884,176000
5,6,1954,1990,0,2,0,-1,0,1213,1297,1,1,1297,1297,1954,1,2,498,153000
6,7,1954,1954,0,2,0,-1,2,490,1062,1,1,1062,1062,1954,-1,1,297,131000
5,6,1953,1953,0,1,0,-1,1,428,608,0,1,1319,1319,1953,-1,1,270,123000
5,5,1951,1951,0,2,0,-1,0,308,631,0,1,1112,1112,1951,-1,2,480,126000
4,5,1955,1955,0,2,0,-1,-2,0,1005,0,1,1005,1005,1977,-1,2,672,115000
5,7,1951,2000,1,2,0,-1,1,650,1008,2,1,1363,1363,1951,-1,1,288,164900
5,6,1945,1950,0,2,0,-1,1,700,793,0,1,793,793,1945,-1,1,240,113000
5,8,1952,2005,1,2,0,-1,3,931,1031,1,1,1031,1031,1952,-1,1,230,145500
5,5,1953,1953,0,0,-3,-2,-3,0,0,0,1,1210,1210,1953,1,1,616,102900
5,6,1950,1950,0,2,0,-1,1,390,1200,0,1,1200,1200,1950,1,1,246,129900
6,6,1948,2002,0,2,0,-1,2,680,972,2,1,972,972,1948,-1,1,240,132000
3,5,1958,1958,0,2,0,-1,-2,0,792,1,1,792,792,1958,-1,1,366,99900
5,7,1939,2006,0,3,0,-1,-2,0,676,2,1,676,1352,1939,-1,2,720,149000
4,8,1900,2003,1,3,-1,-1,-2,0,405,1,1,717,1039,1940,-1,1,281,114000
5,8,1924,2006,1,3,0,-1,-2,0,768,2,1,792,792,1924,-1,1,240,109500
5,7,1925,1950,0,3,0,-1,-2,0,1054,2,1,1078,1078,1987,-1,1,264,125000
2,5,1940,1950,-1,1,-1,-1,-2,0,416,1,-1,599,599,1978.132443,-2,0,0,59000
4,6,1920,1950,-1,1,0,-1,2,315,840,2,1,840,1374,1967,1,1,338,105000
5,7,1920,1950,0,3,0,-1,-2,0,720,0,-1,846,846,1980,1,2,576,106000
3,5,1890,1998,0,3,0,-1,-2,0,630,0,1,725,725,1959,-1,1,320,78500
6,7,1963,1963,0,2,0,-1,0,384,1380,-1,1,1380,1380,1963,-1,1,364,154000
6,4,1967,1967,-1,2,0,-1,1,872,1040,1,1,1040,1040,1967,0,2,480,163000
6,9,1958,2007,1,2,0,0,3,745,951,1,1,951,951,1985,-1,2,480,143500
6,6,1957,1957,0,2,0,-1,0,546,1105,1,1,1105,1105,1957,-1,1,308,135000
5,7,1957,2000,0,2,0,0,1,860,992,0,1,1306,1306,1968,-1,1,756,153000
6,5,1960,1960,0,2,0,-1,1,1270,1478,2,1,1478,1478,1960,-1,2,498,157500
6,6,1958,1958,0,2,1,2,-2,0,160,-1,1,1142,1142,1958,0,1,384,113500
5,7,1949,1950,1,2,0,-1,0,375,832,1,1,1036,1268,1949,-1,1,288,133000
3,4,1950,1950,0,0,-3,-2,-3,0,0,-1,-1,1040,1040,1987,-1,2,400,92900
4,5,1949,1950,0,0,-3,-2,-3,0,0,-1,-1,1040,1040,1956,-1,2,420,90000
5,6,1958,1958,0,2,0,-1,-2,0,1041,1,1,1041,1041,1958,0,1,294,128000
5,7,1952,1952,0,2,0,-1,2,630,732,0,1,732,732,1952,-1,1,240,118900
5,5,1959,1959,0,2,1,1,3,433,528,0,1,1183,1183,1959,0,1,288,138000
5,5,1959,1959,0,2,0,-1,1,1148,1148,0,1,1148,1148,1959,-1,1,672,132500
4,7,1949,1996,0,2,0,-1,-2,0,832,0,1,832,1461,1949,-1,1,384,133500
5,7,1978,1978,0,2,1,1,3,941,941,1,1,941,941,1978,-1,2,564,145000
6,6,1963,1963,0,2,0,-1,1,826,1045,0,1,1045,1045,1963,0,1,264,127000
5,5,1962,1962,0,2,0,-1,-2,0,894,1,-1,894,894,1962,-1,1,308,109500
6,8,1926,2004,0,2,0,-1,0,468,818,0,1,818,1224,1926,-1,1,210,115000
5,6,1910,1981,0,1,0,-1,-2,0,440,1,1,682,1230,1966,-1,2,440,110000
6,8,1935,1998,0,1,0,-1,-2,0,901,1,1,861,1378,1920,-1,1,162,128900
5,8,1910,2003,0,2,0,-1,-2,0,240,0,1,810,1306,1959,-1,2,472,130000
5,8,1910,2002,1,2,0,-1,-2,0,504,2,1,764,1464,1978.132443,-2,0,0,129000
7,8,1946,1992,0,2,0,-1,-2,0,651,1,1,707,1389,1947,-1,1,240,135000
5,5,1910,1950,0,3,-1,-1,-2,0,801,1,-1,801,1447,1978.132443,-2,0,0,103000
4,4,1953,1953,-1,2,-1,-1,-2,0,936,0,-1,936,936,1974,-1,2,576,93000
5,7,1950,1970,0,2,0,-1,1,384,768,0,1,768,1328,1950,-1,1,308,129500
5,4,1954,1954,0,2,0,-1,-2,0,811,0,1,811,1387,1954,-1,1,256,93000
4,6,1920,1950,0,3,-1,-1,-2,0,861,0,1,861,861,1920,-1,2,288,80000
2,4,1940,1950,0,3,-3,-2,-3,0,0,-1,-1,612,612,1965,-1,1,308,45000
5,8,1938,1996,0,3,-1,-1,-2,0,190,1,1,886,886,1938,-1,1,273,91300
5,8,1923,1950,1,1,-1,-1,-2,0,624,0,1,792,792,1963,-1,1,287,99500
5,7,1947,1950,0,2,0,-1,-1,312,720,0,1,720,1284,1948,-1,1,240,110000
6,7,1917,2007,0,3,0,-1,-2,0,624,2,1,664,1288,1917,-1,1,280,119000
4,3,1910,1950,0,3,0,-1,-2,0,624,2,1,816,816,1978.132443,-2,0,0,58500
7,9,1920,1988,0,1,0,-1,2,624,650,2,1,832,1482,1930,-1,2,324,143000
5,4,1910,2006,0,3,0,-1,2,247,1022,0,-1,1022,1022,1956,-1,1,280,85000
6,6,1923,1950,0,3,0,-1,-2,0,1022,0,-1,1432,1432,1923,-1,1,216,149000
6,6,1916,1950,0,3,0,-1,-2,0,952,-1,-1,952,952,1916,-1,1,192,121000
4,6,1936,1950,0,3,0,-1,1,672,672,0,1,757,1324,1936,-1,1,240,128000
6,9,1937,2000,1,3,0,-1,-2,0,698,0,1,786,1176,1999,-1,2,624,134900
5,8,1925,1997,0,3,0,-1,-2,0,884,2,1,884,1348,1960,-1,1,216,117000
6,6,1939,1950,0,2,0,-1,-2,0,780,2,1,825,1412,1939,-1,1,280,132500
5,5,1924,1950,0,3,0,-1,0,220,468,1,1,822,1142,1924,1,1,320,93000
6,7,1926,2004,1,1,0,-1,-2,0,884,1,1,904,904,1926,-1,1,180,119000
5,5,1924,1950,0,1,0,0,-1,405,1145,0,1,1301,1301,1965,-1,2,440,100000
2,3,1936,1950,-1,3,0,-1,-2,0,264,-1,-1,800,800,1978.132443,-2,0,0,60000
5,7,1931,1993,0,3,0,-1,1,209,715,0,1,875,875,1931,-1,1,180,105000
5,5,1925,1950,0,3,0,-1,-1,134,1072,0,1,1072,1072,1982,-1,5,1184,126500
4,5,1925,1950,0,2,0,-1,1,152,780,0,1,848,1208,1962,-1,2,539,103000
6,7,1915,2002,0,3,0,-1,-2,0,483,2,1,741,1427,1915,-1,1,379,123000
6,7,1915,1965,0,2,0,-1,0,276,698,2,1,754,1403,1915,-1,1,308,116000
4,9,1946,2001,0,2,-1,-1,-2,0,560,2,1,704,704,1946,-1,1,220,88750
5,5,1978,1978,0,1,1,2,3,1152,1152,0,1,1152,1152,1960,-1,1,252,159900
1,1,1922,1950,-1,3,-1,2,1,350,683,1,-1,904,904,1978.132443,-2,0,0,61000
6,6,1925,1950,0,3,0,-1,1,551,672,0,-1,697,1369,1930,-1,1,300,103600
5,3,1934,1950,0,1,0,-1,-2,0,585,0,-1,687,1112,1934,-1,1,226,63000
5,6,1963,1999,0,2,1,1,2,444,520,2,1,1464,1464,1997,0,2,480,175000
5,6,1963,1963,0,1,0,-1,0,651,1121,0,1,1121,1121,1963,-1,2,480,139000
5,7,1967,2004,0,1,0,-1,2,450,864,2,1,899,899,1967,1,1,288,130000
6,5,1978,1978,0,2,1,2,3,456,456,0,1,1034,1034,1978,1,2,504,149900
5,5,1982,1982,0,2,1,1,3,685,858,0,1,858,858,1983,-1,2,576,134900
5,6,1982,1982,0,2,0,1,2,672,840,0,1,860,860,1996,-1,2,528,137000
5,5,1962,1962,0,2,0,-1,-1,170,1092,0,1,1092,1092,1962,-1,1,288,139000
6,5,1960,1960,0,2,0,1,1,588,1138,2,1,1138,1138,1960,0,2,480,148000
2,2,1947,1950,0,0,-3,-2,-3,0,0,-1,-1,660,660,1978.132443,-2,0,0,63900
4,6,1956,1956,0,2,0,-1,2,1059,1134,2,1,1229,1229,1956,0,1,284,135000
4,5,1940,1950,0,2,0,-1,1,262,861,2,1,861,861,1961,-1,2,539,82500
4,5,1954,1954,0,2,-3,-2,-3,0,0,0,1,1383,1383,1980,-1,2,498,122000
5,5,1956,1956,0,2,0,-1,0,257,1073,0,1,1073,1073,1956,-1,1,340,121500
4,6,1941,1950,0,2,0,-1,0,344,672,0,1,672,672,1941,-1,1,234,113000
5,6,1954,1954,0,2,1,-1,1,173,1089,0,1,1089,1089,1954,0,1,252,125000
4,3,1957,1957,0,0,-3,-2,-3,0,0,2,-1,845,845,1957,-1,1,290,84000
5,5,1984,1984,1,2,1,0,3,552,1049,0,1,1049,1049,1984,1,1,266,139500
6,5,1939,1950,0,3,0,0,0,204,560,0,1,698,1258,1939,-1,1,280,105000
7,6,1990,1991,1,1,1,-1,3,460,1054,1,1,1061,1061,1990,-1,2,462,162000
6,5,1983,1983,1,2,1,1,0,70,520,1,1,1338,1338,1983,-1,2,576,156500
8,5,2008,2008,1,1,1,1,-2,0,1468,2,1,1468,1468,2008,0,3,904,239900
7,5,2007,2007,1,1,1,1,3,902,1282,2,1,1290,1290,2007,0,2,662,200000
8,5,2008,2008,1,1,1,1,3,872,1254,2,1,1254,1254,2008,0,3,810,221800
7,5,2007,2007,1,1,1,1,3,724,1232,2,1,1232,1232,2007,0,2,632,194500
8,5,2005,2006,1,1,2,2,3,24,1498,2,1,1498,1498,2005,1,3,844,237000
6,5,2005,2006,1,1,1,1,-2,0,704,2,1,704,1422,2005,1,2,440,173000
5,5,1996,1996,0,1,1,-1,3,732,1040,1,1,1040,1040,2000,-1,2,576,152000
5,7,1994,1994,0,1,0,-1,2,755,990,2,1,990,990,1995,0,1,440,143000
7,5,1998,1998,0,1,1,0,3,950,1463,2,1,1463,1463,1998,1,2,539,207000
5,5,1994,1995,0,1,1,-1,-2,0,1097,2,1,1097,1097,1995,-1,2,672,145000
5,5,1994,1995,0,1,1,-1,2,746,990,2,1,990,990,2000,-1,2,480,138000
7,5,1999,1999,1,1,1,1,3,560,1431,2,1,1431,1431,1999,1,2,666,192000
7,5,2001,2002,1,1,1,-1,-2,0,1413,2,1,1430,1430,2001,0,2,605,187100
7,5,2002,2001,1,1,1,-1,3,1259,1431,2,1,1444,1444,2002,0,2,577,203000
5,5,1978,1978,0,2,1,-1,0,616,1040,0,1,1040,1040,1978.132443,-2,0,0,124000
5,5,1978,1978,0,3,1,1,3,625,907,0,1,907,907,1978,-1,1,343,140000
5,7,1979,1979,0,2,0,-1,2,710,914,0,1,914,914,1979,-1,2,444,134900
5,7,1977,2008,0,2,1,0,-1,532,1040,0,1,1040,1040,1977,-1,2,484,150500
5,8,1978,2005,1,2,0,-1,2,646,864,2,1,864,864,1978,-1,1,336,136500
5,7,1977,1989,0,2,1,1,2,196,1268,0,1,1268,1268,1978,-1,1,252,143500
5,6,1972,1972,0,2,0,1,1,460,864,2,1,864,864,1972,-1,1,338,133500
5,5,1972,1972,0,2,0,1,0,777,894,0,1,894,894,1985,0,2,600,123000
5,8,1972,2003,0,2,1,1,3,660,768,1,1,768,768,1974,1,1,396,133900
5,7,1972,2007,0,2,1,1,3,656,768,0,1,768,768,1988,-1,2,396,133000
7,5,1997,1998,1,1,1,1,3,1111,1417,2,1,1417,1417,1997,-1,2,511,210000
7,5,2001,2001,1,1,1,-1,-2,0,1212,2,1,1212,1212,2001,0,2,573,178000
6,5,2003,2004,1,1,1,1,3,685,848,2,1,848,848,2003,1,2,420,144000
6,5,2003,2003,1,1,1,1,3,685,848,2,1,848,848,2003,1,2,420,140000
6,5,2005,2005,1,1,1,-1,3,193,738,2,1,738,1476,2005,1,2,540,173500
6,5,2007,2007,1,1,1,-1,-2,0,608,2,1,608,1396,2007,1,2,440,170000
4,5,1949,2003,0,2,-3,-2,-3,0,0,2,1,1126,1126,2002,1,2,520,108000
5,7,1964,1999,0,1,0,-1,1,637,1486,2,1,1486,1486,1968,1,2,480,167000
4,6,1938,1958,0,2,0,0,2,690,816,2,1,816,816,1958,-1,1,288,100000
6,6,1977,1977,0,2,0,-1,1,535,690,0,1,698,1426,1977,1,2,440,159500
4,6,1960,1971,0,2,0,-1,3,399,1014,0,1,1149,1149,1968,1,1,544,127000
6,5,2005,2006,0,-2,1,2,3,547,547,1,1,1072,1072,2005,1,2,525,145500
5,9,1947,2008,0,2,0,-1,-2,0,698,2,1,698,698,1978.132443,-2,0,0,118000
4,5,1959,1959,0,2,0,-1,-1,332,876,0,1,876,876,1959,-1,1,320,85000
5,5,1950,1950,0,2,-1,0,0,1078,1078,0,1,1368,1368,1950,0,1,195,120000
5,8,1922,1950,0,1,-1,-1,-2,0,864,2,1,864,864,1978.132443,-2,0,0,99900
3,3,1952,1952,0,0,-3,-2,-3,0,0,-1,-1,944,944,1956,-1,2,528,82000
6,8,1920,2000,0,3,0,0,-2,0,684,1,1,684,1196,2005,-1,2,528,110000
5,6,1941,1950,0,2,0,-1,0,626,720,2,1,854,1298,1940,-1,1,256,122000
2,5,1920,1950,0,2,0,-1,0,290,290,0,-1,438,438,1930,-1,1,246,60000
6,7,1940,1950,0,3,0,-1,-2,0,778,0,1,944,1489,1940,-1,1,240,139500
6,6,1935,1950,0,3,0,-1,-2,0,583,1,1,647,1242,1926,-1,1,180,105000
6,8,1916,2000,1,3,0,-1,-2,0,816,2,1,1232,1232,1916,-1,2,440,147500
7,9,1936,2007,1,1,1,-1,2,350,560,2,1,575,1135,1971,0,2,576,155000
7,7,1928,1950,0,3,0,-1,-2,0,861,1,1,877,1477,1928,-1,1,216,145000
7,8,1918,1990,0,3,0,0,-2,0,600,2,1,628,1228,1918,-1,1,215,137000
6,7,1942,1950,0,2,0,-1,1,547,771,-1,1,753,1494,1942,-1,1,213,177500
5,7,1940,1950,1,3,0,-1,0,428,728,2,1,976,1308,1940,-1,1,256,160000
5,4,1960,1960,0,2,0,-1,0,793,1273,2,1,1273,1273,1960,-1,1,307,155000
5,7,1921,2006,0,3,1,-1,2,713,876,2,1,964,964,1921,-1,2,432,163500
5,6,1921,1950,0,3,0,-1,-2,0,731,2,1,820,1343,1921,-1,1,186,154900
6,6,1980,1980,0,2,0,-1,-2,0,516,0,1,516,1032,1980,-1,2,452,115000
6,6,1980,1992,0,2,1,0,2,471,561,0,1,561,1229,1980,1,2,462,137000
6,6,1980,1980,0,2,1,-1,-2,0,561,0,1,561,1229,1980,1,2,462,121000
6,6,1980,1980,0,2,1,-1,2,285,561,0,1,561,1229,1980,1,2,462,124000
5,7,1920,1997,0,2,0,-1,0,456,672,1,1,672,1344,1964,-1,1,468,147000
5,5,1920,1950,0,1,0,0,-2,0,596,0,-1,596,1192,1920,-1,1,189,78000
4,6,1925,1950,0,3,0,-1,-2,0,572,-1,-1,572,572,1940,-1,1,200,75000
2,4,1910,1950,-1,2,-3,-2,-3,0,0,0,-1,810,810,1975,-1,1,280,57625
6,6,1977,1977,0,2,0,1,2,767,902,2,1,926,926,1977,-1,1,351,156450
6,7,1977,1977,0,2,1,1,3,841,957,0,1,1287,1287,1977,0,2,541,173000
7,5,1990,1991,0,1,1,1,3,611,1188,2,1,1217,1217,1990,-1,2,497,173000
8,5,2007,2007,1,1,1,1,3,16,1466,2,1,1466,1466,2007,1,3,610,201000
6,5,1988,1988,0,2,1,0,3,1005,1392,0,1,1412,1412,1988,-1,2,576,175000
7,5,1987,1989,0,1,1,2,3,904,1645,2,1,1479,1479,1987,1,2,578,213500
8,5,2001,2002,1,1,2,-1,3,1005,1267,2,1,1296,1296,2001,1,2,471,220000
5,7,1968,1968,0,2,0,-1,2,532,1008,1,1,1008,1008,1968,-1,1,384,139500
6,5,1998,1998,0,1,2,-1,3,866,1204,2,1,1204,1204,1998,1,2,412,162000
6,5,1999,1999,0,1,2,-1,3,883,1224,2,1,1224,1224,1999,1,2,402,165000
4,5,1973,1973,0,2,1,2,3,462,462,0,1,526,988,1973,-1,1,297,91000
5,6,1968,1968,0,2,0,-1,1,510,864,0,1,874,874,1968,0,1,288,130000
4,8,1970,2002,0,2,1,1,3,515,630,0,1,630,630,1970,-1,1,286,86000
5,5,1969,2000,0,2,0,-1,1,594,1188,2,1,1404,1404,1969,-1,2,504,160000
4,4,1970,1970,0,2,1,1,3,509,630,0,1,630,630,1970,-1,1,286,80000
4,6,1970,2008,0,2,0,-1,-2,0,546,0,1,798,1344,1978.132443,-2,0,0,97000
4,4,1970,1970,0,2,0,-1,1,273,546,0,1,546,1092,1970,0,1,286,88000
5,8,1972,1972,0,2,1,1,3,720,796,1,1,796,796,1998,-1,1,336,131900
6,5,1993,1996,0,2,1,1,0,114,384,2,1,1091,1091,1993,1,1,429,131250
5,6,1978,1978,0,1,1,1,3,1097,1097,2,1,1110,1110,1978,1,2,602,165500
5,5,1985,1985,0,2,0,-1,2,625,833,2,1,833,833,1978.132443,-2,0,0,112000
5,6,1992,1993,0,1,1,1,3,718,828,0,1,883,883,1998,-1,2,698,149000
5,5,1993,1995,0,-2,1,-1,3,732,796,2,1,796,1362,1993,-1,2,480,143000
5,5,1992,1992,0,1,1,-1,2,330,624,0,1,624,1287,2001,-1,2,440,130000
6,8,1958,2002,2,2,1,-1,2,528,1184,2,1,1414,1414,1990,-1,2,601,176500
6,5,1995,1996,0,1,1,-1,2,476,680,1,1,680,1470,1995,1,2,420,165000
5,5,1996,1997,1,1,1,-1,3,450,1348,1,1,1384,1384,1996,-1,2,404,177900
7,5,1996,1997,0,1,1,2,3,604,729,2,1,729,1446,1996,-1,2,406,175000
8,5,1993,1993,1,1,1,-1,3,733,1337,1,1,1337,1337,1993,0,2,462,180000
8,5,1992,1992,1,1,1,0,-2,0,1280,2,1,1280,1280,1992,0,2,506,180000
8,5,1988,1989,1,1,1,0,3,767,1228,1,1,1228,1228,1988,1,2,472,189000
8,5,1989,1989,1,1,1,2,3,319,1337,1,1,1337,1337,1989,0,2,462,188500
6,2,1952,1952,0,2,0,-1,-2,0,1632,0,1,1474,1474,1952,-1,2,495,115000
6,6,1981,1981,0,2,1,-1,3,588,1422,0,1,1422,1422,1981,1,2,576,175500
7,7,1983,1983,1,2,1,0,3,747,1260,0,1,1260,1260,1983,-1,2,598,181900
6,5,1976,1976,0,1,1,-1,2,890,1211,0,1,1211,1211,1976,1,2,461,161000
5,6,1969,1969,0,2,0,-1,1,280,720,1,1,720,1308,1969,-1,2,484,146900
6,5,1976,1976,0,2,0,-1,-2,0,1444,0,1,1444,1444,1976,-1,2,473,159900
5,6,1973,2000,0,2,1,-1,1,1084,1176,1,1,1178,1178,1973,-1,2,439,157000
6,8,1969,1969,0,2,1,-1,2,602,1054,1,1,1054,1054,1969,-1,2,460,151000
4,6,1969,1969,0,2,1,0,0,252,936,0,1,936,936,1969,-1,1,288,111900
5,5,1971,1971,0,2,1,-1,0,119,864,0,1,864,864,1977,-1,2,576,123000
4,5,1972,1972,0,2,0,-1,1,600,864,0,1,864,864,1980,-1,2,576,111250
6,5,1973,1973,0,2,0,-1,-1,458,483,0,1,483,987,1973,-1,1,264,103400
6,5,1973,1973,0,2,0,-1,1,330,483,0,1,483,987,1973,-1,1,264,100000
6,6,1972,1972,0,2,0,-1,-1,483,483,1,1,483,987,1975,-1,1,352,100500
6,6,1970,1970,0,2,0,-1,0,321,483,0,1,483,987,1987,-1,1,280,106000
6,3,1971,1971,0,2,0,-1,2,358,483,0,1,483,987,1971,-1,1,264,89500
5,5,1972,1972,0,2,0,-1,0,350,630,0,1,630,1302,1972,-1,1,264,111750
6,6,1975,1975,0,2,1,-1,2,286,855,1,1,855,1456,1975,0,2,460,143000
7,6,1977,1977,0,2,1,-1,2,378,1055,-1,1,1055,1055,1977,-1,2,440,148500
5,5,1966,1966,0,2,0,-1,0,340,864,0,1,892,892,1966,0,1,264,110000
7,5,2005,2005,1,1,1,-1,3,20,1367,2,1,1367,1367,2005,0,2,484,192000
8,5,2006,2007,1,1,1,-1,3,846,1342,2,1,1342,1342,2007,1,2,550,234250
8,5,2006,2007,1,1,1,-1,3,24,1342,2,1,1342,1342,2007,0,2,550,219500
7,5,2004,2004,1,1,1,1,3,720,1358,2,1,1358,1358,2004,0,2,484,207000
7,5,2003,2003,1,1,1,2,3,1073,1415,2,1,1455,1455,2003,1,3,644,195000
7,5,2007,2007,1,1,1,1,-2,0,1266,2,1,1266,1266,2007,1,2,388,159895
7,5,2005,2005,1,1,1,2,3,655,856,2,1,1166,1166,2005,1,2,400,190000
6,5,2005,2005,0,1,1,-1,-2,0,728,2,1,728,1456,2005,1,2,400,176000
7,5,2004,2005,1,1,1,1,3,724,788,2,1,788,1490,2004,1,2,388,184000
7,5,2002,2002,1,1,1,-1,-2,0,707,2,1,707,1414,2002,1,2,403,176000
8,5,2006,2007,1,1,2,-1,3,666,1460,2,1,1460,1460,2006,1,2,480,247000
7,5,2004,2005,0,1,1,-1,3,680,1080,2,1,1080,1080,1978.132443,-2,0,0,141000
6,5,2005,2006,0,1,1,-1,3,80,1175,2,1,1175,1175,1978.132443,-2,0,0,146000
5,5,2004,2004,0,1,0,-1,3,646,1114,2,1,1114,1114,2004,-1,2,576,159000
6,5,2003,2004,0,1,1,-1,3,814,1114,2,1,1114,1114,2004,-1,2,576,155000
7,5,2007,2007,1,1,1,0,-2,0,1162,2,1,1162,1162,2007,1,2,483,170000
6,5,1991,1991,0,2,1,-1,3,1200,1278,1,1,1294,1294,1991,0,2,496,179200
6,5,1993,1993,1,1,1,-1,3,300,1199,2,1,1199,1199,1993,0,2,530,153900
5,5,1963,1963,0,1,0,-1,1,53,984,0,1,984,984,1963,0,1,384,128000
5,6,1962,1962,0,2,0,-1,2,737,912,0,1,912,912,1962,-1,1,352,144000
5,8,1961,2007,0,2,0,-1,2,764,864,2,1,864,864,1962,-1,1,420,135000
5,5,1968,1968,0,2,0,0,2,890,890,1,-1,890,890,1970,-1,1,308,115000
6,8,1961,1996,0,2,0,0,3,832,912,1,1,912,912,1962,-1,1,288,142000
6,5,1974,1974,0,2,0,1,2,800,1430,0,1,1430,1430,1974,-1,2,484,192000
7,5,2004,2004,1,1,1,0,3,16,1391,2,1,1391,1391,2004,0,2,530,196000
7,5,2006,2007,1,1,1,-1,-2,0,625,2,1,625,1250,2006,1,2,625,171900
7,5,2004,2005,1,1,1,-1,3,24,1235,2,1,1245,1245,2004,0,2,495,178000
6,5,2005,2005,1,1,1,-1,3,390,600,2,1,600,1200,2005,0,2,480,165000
9,5,2001,2001,1,1,2,1,3,1004,1310,2,1,1310,1310,2001,0,2,545,285000
9,5,2001,2001,1,1,2,1,3,964,1419,2,1,1419,1419,2001,1,2,588,290000
7,5,1999,2000,1,1,1,-1,1,510,600,2,1,624,1252,1999,-1,2,462,160000
7,5,1999,2000,1,1,1,-1,3,600,672,2,1,684,1404,1999,-1,2,462,170000
8,5,1996,1996,1,1,1,-1,3,786,1260,2,1,1288,1288,1996,1,2,500,245500
8,5,1995,1995,1,1,1,2,-1,560,1230,2,1,1239,1239,1995,1,2,477,217500
6,6,1984,1984,0,1,1,-1,1,660,1232,0,1,1232,1232,1984,-1,2,516,162500
6,6,1969,1969,0,2,0,1,3,828,1427,1,1,1427,1427,1969,0,2,516,183000
5,6,1968,1968,0,2,0,-1,-1,732,732,2,1,732,1464,1968,-1,2,470,141000
5,8,1965,2008,0,2,0,-1,2,595,912,2,1,912,912,1992,-1,2,576,147000
5,7,1965,2005,1,2,0,-1,2,260,912,2,1,925,925,1978,-1,2,576,135000
7,9,1961,2007,2,2,0,1,2,867,944,1,1,999,999,1961,0,2,588,178400
5,5,1956,1956,0,0,-3,-2,-3,0,0,0,1,1014,1014,1956,0,1,267,98000
4,6,1957,1957,0,2,0,-1,0,288,907,2,1,907,907,1964,-1,1,352,109008
4,7,1956,1956,0,2,0,-1,2,228,952,2,1,952,952,1956,-1,1,283,135750
5,6,1963,1963,0,2,0,0,2,776,1120,1,1,1128,1128,1963,0,2,525,155000
6,5,1964,1964,0,2,0,-1,1,490,1425,1,1,1425,1425,1964,0,2,576,180500
6,7,1966,1966,0,2,0,2,0,312,1127,0,1,1165,1165,1966,0,2,490,174900
6,6,1965,1965,0,2,0,-1,0,892,1136,0,1,1136,1136,1965,0,1,384,140000
6,7,1964,1964,0,2,1,-1,0,787,1092,2,1,1092,1092,1964,0,2,504,145000
5,8,1965,1999,0,1,0,2,2,633,1219,1,1,1265,1265,1965,0,2,502,179900
6,5,1964,1964,0,2,0,2,3,624,1248,0,1,1350,1350,1964,0,2,520,168500
5,7,1959,2006,1,2,0,-1,2,806,1053,2,1,1053,1053,1959,0,1,312,145500
6,6,1959,1959,1,2,0,-1,-2,0,1252,2,1,1252,1252,1960,-1,2,528,142000
4,5,1960,1960,0,1,0,-1,2,419,1100,0,1,1100,1100,1960,0,1,312,141000
5,7,1960,2000,0,2,0,-1,1,528,1118,2,1,1118,1118,1960,0,1,264,153000
3,6,1949,1950,0,2,-3,-2,-3,0,0,0,-1,720,720,1955,-1,1,287,72500
3,6,1935,2003,1,2,0,-1,-2,0,270,1,1,729,729,1978.132443,-2,0,0,52000
5,6,1939,1950,0,3,0,-1,3,851,991,2,1,1077,1077,1939,0,1,205,118000
4,7,1937,1950,0,1,0,-1,0,120,348,0,1,453,906,1937,-1,1,231,87000
5,6,1960,1960,-1,2,0,-1,0,658,1296,0,1,1496,1496,1960,0,2,450,141500
5,8,1950,2006,0,2,0,-1,1,32,572,1,1,1337,1337,1950,0,1,264,141500
5,5,1953,1953,0,2,0,-1,-1,531,1036,2,1,1036,1036,1953,0,1,312,112900
6,5,1961,1961,0,2,0,-1,2,288,1362,0,1,1362,1362,1961,-1,2,504,163000
5,6,1961,1961,0,2,0,-1,0,572,1144,1,1,1144,1144,1961,-1,2,456,139950
6,5,1962,1962,0,2,1,2,3,371,1099,1,1,1431,1431,1962,0,1,296,165000
5,7,1955,1955,0,2,0,-1,2,902,1098,0,1,1098,1098,1955,-1,1,260,135000
5,5,1963,1963,0,2,0,-1,1,25,1144,0,1,1144,1144,1962,-1,1,336,124000
5,7,1962,1980,0,2,0,-1,0,504,931,0,1,1283,1283,1980,-1,2,506,140000
5,4,1957,1957,0,2,0,-1,2,621,1176,0,1,1176,1176,1957,0,1,292,136500
5,7,1959,1998,0,2,0,-1,2,1053,1248,0,1,1440,1440,1959,0,1,480,185000
6,6,1958,1958,0,2,0,-1,2,662,1261,2,1,1261,1261,1958,0,2,433,163000
6,5,1956,1956,0,2,1,-1,-1,616,1196,1,1,1196,1196,1956,0,1,297,139000
6,5,1957,1957,0,2,0,-1,0,1040,1392,0,1,1392,1392,1957,0,2,458,166000
6,7,1958,1958,0,2,0,-1,1,570,1080,1,1,1080,1080,1958,-1,1,288,136000
5,5,1956,1958,0,2,0,-1,0,774,1104,1,1,1104,1104,1956,0,1,384,133000
5,6,1952,1952,0,2,0,-1,0,148,720,2,1,882,882,1952,-1,1,240,116000
5,6,1953,1953,0,2,0,-1,0,500,1152,0,1,1152,1152,1971,-1,2,636,137500
5,5,1953,1953,0,1,0,-1,1,624,984,0,-1,950,950,1953,-1,2,400,130000
4,6,1948,1950,0,0,-3,-2,-3,0,0,0,-1,869,869,1948,-1,1,390,89900
5,8,1925,1950,0,1,0,-1,-2,0,747,0,1,747,1159,1932,-1,1,288,114000
4,7,1940,2005,1,1,0,-1,-2,0,672,1,1,672,672,1997,-1,1,308,86900
5,5,1922,1950,0,3,0,-1,-2,0,892,2,1,1254,1436,1968,-1,4,1488,139000
4,7,1900,2000,0,3,-3,-2,-3,0,0,0,-1,694,1294,1978.132443,-2,0,0,106250
5,6,1968,1968,0,2,0,-1,0,744,912,0,1,1044,1044,1990,1,2,372,139000
7,7,1958,2001,0,2,0,-1,1,637,1312,2,1,1312,1312,1958,0,2,495,186000
6,5,1960,1960,0,2,0,-1,1,733,1253,0,1,1253,1253,1960,0,1,352,157000
6,6,1960,1993,0,2,0,2,3,697,1081,0,1,1081,1081,1960,-1,1,401,148000
5,7,1953,1996,1,-1,0,1,-2,0,105,1,1,910,910,1953,-1,2,414,116000
5,5,1950,1950,0,2,-3,-2,-3,0,0,1,1,1048,1048,1950,-1,2,420,98300
5,6,1959,1959,0,1,0,-1,1,476,1256,1,1,1256,1256,1959,0,1,311,159000
5,5,1962,1962,0,2,0,-1,1,520,1027,0,1,1027,1027,1962,-1,1,299,125900
5,6,1960,1960,0,2,0,-1,1,374,1269,0,1,1269,1269,1964,-1,1,308,155000
6,6,1948,1950,0,2,0,-1,2,315,768,2,1,819,1320,1994,-1,2,576,138000
6,7,1954,1954,0,2,0,-1,-2,0,936,0,1,984,984,1954,-1,1,280,112500
6,6,1954,1954,0,2,0,-1,-2,0,832,1,1,832,832,1962,-1,2,528,105500
6,5,1954,1954,0,2,0,-1,0,673,854,-1,1,854,1278,1954,-1,1,240,127500
5,7,1954,1954,0,2,0,-1,-2,0,825,0,1,825,825,1954,-1,1,350,109500
5,5,1963,1963,0,2,0,-1,-2,0,1117,2,1,1117,1117,1963,-1,1,264,136870
5,5,1925,2004,0,3,-1,-1,-2,0,680,1,-1,764,764,1965,-1,2,504,73000
5,7,1948,2005,0,3,0,-1,-2,0,780,2,1,948,1323,1948,-1,2,400,122600
5,5,1910,2003,0,3,0,-1,-2,0,680,-1,-1,680,1360,1910,-1,1,330,111000
5,4,1940,1950,0,2,-1,-1,-2,0,672,0,1,672,672,1950,-1,1,256,64000
6,7,1915,2005,1,3,0,-1,-2,0,728,1,1,728,1456,1915,-1,1,308,139500
7,6,1920,2006,1,2,0,-1,-2,0,931,0,1,1027,1027,1978.132443,-2,0,0,120000
6,6,1940,1950,0,2,0,-1,1,590,884,0,1,884,1436,1940,-1,2,828,155000
5,6,1910,1950,0,3,0,-1,-2,0,481,0,-1,899,899,1930,-1,1,200,78000
5,9,1890,1996,0,3,-1,-1,-2,0,684,1,1,684,1080,1978.132443,-2,0,0,95000
5,7,1948,2005,0,2,0,-1,3,144,924,2,1,1122,1122,1948,-1,2,528,147000
5,6,1946,1950,0,2,0,-1,0,445,904,2,1,904,1499,1959,-1,3,869,140000
5,6,1957,1957,0,2,0,-1,0,308,928,1,1,928,928,1957,1,1,288,112500
4,7,1954,2000,0,2,0,-1,-2,0,901,2,1,901,901,1954,-1,1,281,107900
5,8,1915,1950,0,3,0,0,-2,0,876,1,1,876,1416,1949,-1,3,720,153900
7,8,1920,1965,0,3,0,-1,1,116,624,2,1,730,1450,1935,-1,1,288,132000
5,7,1900,2003,0,2,0,-1,-2,0,346,2,1,709,1017,1961,-1,1,308,114000
7,9,1928,2005,0,3,0,-1,0,141,689,2,1,689,1378,1928,-1,2,360,161000
6,6,1914,2001,0,2,0,-1,-2,0,742,2,1,742,1484,1978.132443,-2,0,0,128000
7,7,1926,1950,0,1,0,-1,-2,0,572,0,1,572,1111,1982,-1,1,288,116900
2,1,1920,1950,-1,3,-1,-1,-2,0,723,0,-1,723,1086,1920,-1,2,400,55000
5,6,1959,1959,0,2,0,-1,0,200,984,1,1,984,984,1959,-1,1,308,110000
5,5,1956,1956,0,1,-3,-2,-3,0,0,1,1,882,882,1956,-1,1,308,97000
4,6,1958,2006,0,2,0,-1,-2,0,869,0,1,1093,1093,1959,-1,1,308,115500
5,7,1928,1983,1,3,0,-1,-1,406,1008,0,1,1143,1143,1992,-1,1,288,138000
5,6,1930,1960,0,3,0,-1,-2,0,742,0,1,779,935,1988,-1,1,308,79500
5,6,1924,1950,0,3,0,-1,2,784,784,1,1,784,784,1978.132443,-2,0,0,109500
5,7,1941,2006,0,2,0,-1,2,600,672,2,1,832,1210,1941,-1,1,240,124000
6,9,1900,2000,0,3,0,-1,-2,0,554,2,1,736,1290,1926,-1,1,200,106900
5,7,1924,2003,0,3,0,-1,-2,0,949,2,1,949,949,1924,-1,2,370,119000
6,7,1929,1950,0,3,0,-1,-2,0,862,0,1,950,1158,1929,0,1,208,120000
6,7,1937,2000,0,3,0,-1,0,201,825,2,1,825,1497,2004,-1,1,672,157000
6,5,1939,1950,0,2,0,-1,-1,264,739,2,1,874,1342,1939,-1,1,240,105000
6,7,1926,1950,0,3,0,-1,-2,0,992,2,1,1013,1013,1926,-1,1,160,113000
5,7,1920,1997,0,3,0,-1,2,68,565,0,1,565,1216,1920,0,1,355,115000
4,7,1929,1950,0,1,0,-1,1,80,704,2,1,624,1136,1990,-1,1,336,123000
5,6,1945,1995,0,2,-3,-2,-3,0,0,1,-1,808,808,1925,-1,1,164,81300
6,8,1920,1999,0,3,-1,0,-2,0,611,2,1,751,1362,1920,1,2,502,128000
4,6,1927,1950,0,3,0,-1,-2,0,520,-1,-1,520,520,1920,-1,1,240,68500
5,5,1948,2001,0,2,0,-1,1,336,672,0,1,1072,1285,1948,-1,1,240,127000
6,7,1918,2000,0,3,0,0,0,210,816,2,1,838,838,1961,1,1,275,130000
6,6,1930,1950,1,3,0,-1,-2,0,768,0,1,768,768,1930,-1,2,440,93850
5,6,1915,1978,0,3,0,-1,-2,0,880,1,1,880,1308,1950,-1,2,400,120000
6,7,1925,1992,0,2,0,-1,-2,0,1040,1,1,1040,1040,1993,-1,2,320,127500
6,7,1920,1950,0,2,0,-1,-2,0,319,0,1,1035,1406,1978.132443,-2,0,0,89500
5,7,1955,1995,0,2,0,-1,-1,180,825,0,1,825,825,1963,0,2,720,125000
3,3,1915,1950,-1,1,0,-1,-2,0,536,2,-1,808,1344,1978.132443,-2,0,0,82375
6,7,1906,1995,0,2,0,-1,-2,0,756,2,1,756,1469,1906,-1,1,216,135000
5,5,1968,1968,0,2,0,-1,1,250,952,2,1,1211,1211,1968,-1,1,322,134000
5,5,1948,1950,0,2,0,-1,-2,0,720,0,1,720,1271,1948,-1,1,312,135000
5,7,1940,1999,0,3,0,-1,2,351,644,1,1,808,1355,1978.132443,-2,0,0,127500
5,5,1965,1965,0,2,0,-1,0,906,1040,2,1,1040,1040,1965,-1,1,384,129500
6,5,1978,1978,0,2,0,1,2,528,1008,0,1,1096,1096,1978,-1,2,484,157500
5,7,1967,2005,0,2,0,-1,2,758,992,2,1,992,992,1967,0,1,294,145000
5,7,1967,2003,0,2,0,-1,1,702,894,2,1,894,894,1967,0,2,450,130000
6,8,1978,1978,0,2,1,2,2,450,450,2,1,1034,1034,1978,1,2,504,153000
5,5,1967,1967,0,2,0,0,1,221,1073,1,1,1073,1073,1967,0,1,270,120000
5,5,1984,1984,0,1,1,1,-1,104,1060,0,1,1126,1126,1984,-1,2,506,152000
5,3,1959,1959,0,2,0,-1,3,288,1006,0,1,1006,1006,1978.132443,-2,0,0,80000
5,6,1966,2006,0,2,0,-1,-2,0,1228,1,1,1228,1228,1966,-1,1,271,149350
5,8,1963,2003,0,2,0,-1,3,634,960,2,1,960,960,1963,1,1,300,144900
6,8,1956,1956,0,2,0,2,3,776,988,0,1,1188,1188,1956,-1,2,621,185000
5,5,1954,1954,0,1,1,0,1,1064,1383,0,1,1383,1383,1954,-1,1,354,165000
6,7,1960,1975,0,2,1,2,1,429,1602,1,1,1252,1252,1960,0,2,564,235000
5,8,1940,1997,0,1,0,-1,-2,0,672,2,1,672,672,1940,-1,1,240,108000
5,7,1941,1973,0,3,0,-1,2,336,576,1,1,864,1350,1973,-1,3,627,152400
5,8,1970,1970,0,1,1,1,2,704,864,2,1,904,904,1979,-1,3,912,144000
6,5,1996,1997,0,1,1,0,3,1003,1291,2,1,1291,1291,1996,-1,2,431,173000
7,7,1954,2005,0,2,1,2,-1,226,1385,2,1,1363,1363,1954,-1,2,439,241500
6,7,1959,2006,0,2,0,1,2,719,1019,1,1,1357,1357,1959,0,1,312,177000
7,5,1948,1950,0,2,0,-1,-2,0,570,0,1,617,1079,1948,-1,1,249,125600
6,5,1953,1953,0,2,0,0,0,500,1094,2,1,1094,1094,1953,0,2,495,155000
5,5,1975,1975,0,1,1,1,3,864,864,-1,-1,864,864,1978.132443,-2,0,0,99600
6,8,1962,2001,1,2,0,-1,0,324,621,0,1,621,1269,1962,-1,1,280,134500
5,8,1900,1950,0,3,0,-1,0,241,861,2,1,961,1367,1978,-1,1,384,119000
5,7,1910,1991,0,2,1,2,3,969,1117,0,1,820,1347,1978.132443,-2,0,0,107500
5,5,1950,1950,0,2,0,-1,2,1040,1164,0,-1,1164,1164,1950,-1,1,240,125000
6,5,1924,1950,0,3,0,-1,-2,0,572,-1,-1,572,1096,1978.132443,-2,0,0,79000
5,6,1941,1950,0,2,0,0,-1,236,616,0,-1,616,1111,1941,-1,1,200,95000
5,7,1994,1994,0,1,1,-1,3,722,990,2,1,990,990,1997,-1,2,528,155000
5,6,1995,2006,0,1,1,-1,-2,0,1099,2,1,1099,1099,1999,-1,1,352,144000
5,5,1994,1995,0,1,1,-1,3,686,990,2,1,990,990,1996,-1,2,672,145000
7,5,1997,1998,0,1,1,2,3,1308,1418,2,1,1418,1418,1997,0,2,558,226001
7,5,1999,2000,1,1,1,-1,-2,0,1468,2,1,1479,1479,1999,0,2,577,191000
7,5,2002,2002,1,1,1,0,3,922,1494,2,1,1494,1494,2002,0,2,530,221000
5,6,1975,1980,0,2,1,1,-1,280,938,0,1,938,938,1977,-1,1,308,130250
5,8,1977,1977,1,2,1,1,3,595,985,0,1,985,985,1977,-1,1,328,149900
5,6,1978,1978,0,2,1,0,2,781,864,2,1,1174,1174,1978,-1,2,528,158000
6,6,1978,1978,0,2,1,2,3,505,940,0,1,1026,1026,1981,-1,2,576,147000
5,6,1975,1975,0,2,1,-1,-2,0,924,0,1,924,924,1981,-1,1,280,110000
5,7,1972,1972,0,2,0,1,2,390,864,0,1,864,864,1989,-1,1,352,127000
5,7,1972,1972,0,2,0,1,2,632,780,2,1,780,780,1973,-1,1,352,124900
6,5,2003,2003,1,1,1,1,3,686,848,2,1,848,848,2003,1,2,420,136500
6,5,2004,2004,1,1,1,0,3,662,848,2,1,848,848,2004,0,2,420,145000
6,5,1997,1998,0,1,1,2,3,994,1478,2,1,1493,1493,1997,1,2,508,208900
7,5,2004,2004,1,1,1,0,3,24,1445,2,1,1445,1445,2004,-1,2,470,186500
7,5,2004,2004,1,1,1,0,3,946,1436,2,1,1436,1436,2004,-1,2,484,210000
8,5,2007,2007,1,1,2,1,-2,0,1234,2,1,1234,1234,2007,0,2,484,179900
7,5,2007,2007,1,1,1,1,3,24,1351,2,1,1361,1361,2007,0,2,610,193000
7,5,2005,2005,1,1,1,1,3,648,728,2,1,728,1456,2005,1,2,410,189000
6,5,2004,2004,1,1,1,1,3,697,848,2,1,848,848,2004,0,2,420,149300
6,5,2004,2004,1,1,1,2,3,697,848,2,1,848,848,2004,0,2,420,141000
6,5,2004,2004,1,1,1,1,3,662,848,2,1,848,848,2004,0,2,420,149000
6,5,2004,2004,1,1,1,2,3,662,848,2,1,848,848,2004,1,2,420,144500
5,7,1910,1950,0,2,-1,-1,-2,0,796,1,1,796,796,1978.132443,-2,0,0,85000
5,6,1965,1965,1,2,0,-1,1,830,1256,1,1,1256,1256,1965,1,1,276,147500
6,6,1976,1976,0,2,0,-1,1,1033,1127,0,1,1127,1127,1991,-1,2,480,135000
5,6,1940,1969,0,2,0,-1,1,290,996,2,1,996,996,1978.132443,-2,0,0,108000
4,5,1972,1972,0,2,1,1,1,920,1138,0,1,1181,1181,1974,0,2,588,137500
6,6,1977,1977,0,2,0,1,2,368,1029,0,1,1117,1117,1977,0,2,542,147000
6,7,1976,2001,0,2,0,1,2,288,684,0,1,684,1398,1976,1,2,440,160500
4,5,2005,2005,0,1,1,-1,3,1024,1132,2,1,1132,1132,2005,1,2,451,176000
6,5,2005,2005,0,1,1,2,3,459,547,2,1,1072,1072,2005,0,2,525,148000
4,4,1955,1955,0,2,0,-1,2,133,1440,0,-1,1440,1440,1978.132443,-2,0,0,118000
4,5,1955,1955,0,0,-3,-2,-3,0,0,0,-1,1152,1152,1978.132443,-2,0,0,82500
4,5,1955,1955,0,2,0,1,2,784,784,0,-1,784,784,1978.132443,-2,0,0,91900
5,8,1947,1993,0,0,-3,-2,-3,0,0,1,1,929,1137,1978.132443,-2,0,0,96000
4,5,1953,1953,0,2,1,-1,0,767,911,0,1,930,930,1953,0,1,286,99000
5,6,1946,1995,0,2,0,-1,1,352,768,2,1,768,1200,1946,-1,1,240,130500
4,6,1954,1972,0,1,0,-1,-2,0,941,2,1,997,1470,1958,-1,1,548,135000
5,7,1955,1955,0,1,0,-1,-2,0,816,0,1,872,1393,1955,-1,1,300,135500
4,7,1923,2008,0,1,0,-1,2,224,949,0,1,949,1292,1923,-1,1,205,108000
5,6,1925,1950,0,2,0,-1,0,468,864,0,-1,864,864,1978.132443,-2,0,0,98000
3,3,1914,1950,0,3,0,-1,1,41,864,0,-1,864,864,1978.132443,-2,0,0,67000
6,8,1925,1950,0,3,0,-1,1,156,672,0,-1,810,1482,1934,-1,1,400,140000
7,8,1921,1950,0,3,0,-1,-2,0,1228,2,1,1424,1424,1921,-1,1,312,168000
6,6,1926,1950,0,3,0,-1,1,379,644,2,1,672,1316,2001,-1,1,369,145000
6,6,1914,1995,0,3,1,-1,-2,0,676,2,1,676,1264,1994,-1,2,400,147500
6,5,1930,1950,0,3,1,0,0,384,768,0,-1,790,790,1925,-1,1,160,91000
5,4,1938,1950,0,3,0,-1,-2,0,884,0,1,932,1374,1938,-1,1,225,110000
6,5,1951,1951,0,1,0,-1,0,500,1091,-1,-1,1091,1091,1951,1,1,344,104000
6,6,1980,1980,0,2,1,-1,3,366,516,0,1,516,1032,1980,-1,2,462,116500
6,8,1926,1998,0,3,0,-1,0,299,894,0,1,919,919,1926,-1,1,195,126000
6,8,1940,2006,0,2,-1,-1,-2,0,720,1,1,760,1090,1940,-1,1,240,120000
4,4,1922,1950,0,3,0,-1,-2,0,796,-1,-1,796,796,1978.132443,-2,0,0,55000
6,8,1930,2007,1,3,0,1,2,538,816,2,1,816,816,2002,-1,1,432,120500
5,6,1940,1955,0,2,0,-1,2,403,740,2,1,778,778,1966,1,1,924,120500
5,7,1930,1950,0,2,1,-1,-2,0,780,1,1,780,1200,1978.132443,-2,0,0,119000
5,7,1930,1995,0,3,0,-1,-2,0,520,0,1,912,912,1934,0,1,360,99500
4,7,1895,1950,0,-1,-2,-1,-2,0,173,2,-1,825,1361,1895,-1,1,185,89000
4,4,1920,1950,0,3,0,-1,-2,0,649,0,-1,649,1317,1920,-1,1,250,40000
4,7,1910,2000,0,1,-2,-1,-2,0,356,0,-1,671,1049,1910,-1,1,195,80900
3,4,1935,1950,-1,2,0,-1,-2,0,894,0,1,894,894,1994,0,3,1248,81000
4,6,1920,1950,0,-1,-1,0,-2,0,592,2,1,432,864,1920,-1,1,216,65000
6,6,1977,1977,0,2,0,1,2,522,1096,0,1,1118,1118,1977,1,1,358,171000
6,6,1977,1977,0,2,0,-1,2,641,1196,0,1,1279,1279,1980,-1,2,473,171500
5,5,2006,2007,0,1,1,-1,-2,0,352,1,1,712,1442,2007,1,2,400,172500
5,5,2006,2007,0,1,1,-1,-2,0,384,1,1,754,1394,2007,1,2,400,167500
6,5,1989,1989,0,2,1,-1,-2,0,1495,2,1,1495,1495,1989,-1,2,438,150000
6,5,1986,1986,1,2,1,1,3,920,1256,2,1,1256,1256,1986,-1,2,578,180000
8,5,2003,2003,1,1,2,1,3,1029,1432,2,1,1440,1440,2003,1,2,467,232500
6,5,1997,1997,0,1,2,-1,3,864,1189,2,1,1189,1189,1997,0,2,392,160500
4,5,1964,1964,0,2,1,1,2,865,1200,1,1,1200,1200,1964,1,3,850,173000
5,6,1975,1975,0,1,1,-1,3,769,1040,1,1,1040,1040,1975,-1,2,499,124000
5,6,1976,1976,0,1,1,0,-2,0,264,0,1,616,1304,1976,1,1,336,115000
5,7,1976,1976,0,1,1,-1,2,318,550,0,1,925,1475,1976,-1,1,336,129500
4,7,1973,2006,0,2,1,1,3,501,526,1,1,526,988,1973,0,1,297,105000
4,6,1973,1973,0,2,1,2,3,437,462,0,1,526,988,1973,0,1,297,94900
5,6,1968,1968,0,2,0,-1,2,785,1113,2,1,1160,1160,1968,-1,1,257,152500
6,9,1970,2007,0,2,0,-1,3,358,546,2,1,546,1092,1978.132443,-2,0,0,98000
4,7,1972,1972,0,2,1,1,2,495,630,1,1,630,630,1978.132443,-2,0,0,81000
5,5,1954,1954,0,2,0,-1,-2,0,988,2,1,988,988,1954,0,2,520,113000
5,7,1983,1983,0,2,0,-1,3,534,816,2,1,816,816,1983,-1,1,264,128500
5,5,1984,1985,0,2,0,-1,2,658,876,0,1,923,923,1984,-1,1,264,119500
5,9,1982,2008,1,2,0,-1,2,641,816,2,1,816,816,1982,-1,1,264,130500
5,8,1982,2003,0,1,0,-1,3,816,816,2,1,816,816,1985,1,2,816,138000
5,6,1982,2005,0,2,0,-1,3,638,845,1,1,845,845,1982,-1,1,264,134500
5,6,1984,1984,0,2,0,-1,2,647,864,0,1,889,889,1984,-1,2,484,137500
7,5,1970,1970,0,2,0,2,3,778,1277,0,1,1277,1277,1970,-1,2,526,167000
6,6,1997,1997,0,1,1,1,3,182,794,1,1,794,1470,1997,1,2,388,177000
6,5,1997,1997,0,1,1,-1,-2,0,384,1,1,754,1384,1997,1,2,390,161500
7,5,1995,1996,0,1,1,-1,-2,0,1237,1,1,1253,1253,1995,1,2,402,176000
7,5,1992,1993,0,1,1,-1,-2,0,1168,1,1,1187,1187,1992,0,2,420,160000
7,5,1991,1992,1,1,1,-1,-2,0,384,1,1,802,1472,1991,0,2,402,160000
7,5,1992,1992,0,1,1,-1,-2,0,384,1,1,812,1482,1992,1,2,392,163900
8,5,1986,1986,1,2,1,-1,-2,0,1074,2,1,1088,1088,1987,0,2,461,170000
8,5,1988,1988,1,2,1,2,3,248,1166,1,1,1179,1179,1988,0,2,480,182000
8,5,1990,1990,1,1,1,2,3,926,1312,1,1,1321,1321,1990,0,2,484,212000
5,5,1969,1990,0,2,1,2,2,1047,1100,0,1,1424,1424,1969,-1,3,828,155000
6,7,1981,1981,1,2,1,-1,1,678,1440,2,1,1440,1440,1981,1,2,467,182900
7,7,1981,2003,1,2,1,-1,2,321,725,2,1,725,1479,1981,0,2,484,176000
6,6,1978,1978,0,2,1,1,2,605,1032,0,1,1032,1032,1978,-1,2,564,148000
6,6,1984,1984,0,2,1,-1,2,781,1153,0,1,1177,1177,1984,1,2,495,151500
6,5,1979,1999,0,2,1,-1,3,903,1259,2,1,1353,1353,1979,0,2,478,192350
6,5,1971,1971,0,2,0,0,2,492,1625,0,1,1220,1220,1971,-1,2,944,170000
5,6,1971,1971,0,2,1,1,2,998,1484,1,1,1484,1484,1971,-1,2,487,175000
7,6,1976,1976,0,2,1,2,3,624,1228,0,1,1324,1324,1976,1,2,585,174000
5,7,1971,2005,0,2,0,1,2,349,372,0,1,576,1109,1971,-1,1,288,139000
6,5,1971,1971,0,2,0,-1,2,282,981,0,1,981,981,1979,-1,2,576,143250
7,9,1972,2004,0,2,0,-1,2,626,725,1,1,725,1479,1972,1,2,484,184000
5,6,1970,1990,0,2,0,-1,2,566,925,0,1,1422,1422,1988,-1,2,576,155000
5,5,1970,2002,0,2,0,-1,2,81,914,2,1,914,914,1970,0,1,368,133000
5,5,1971,1971,0,2,0,-1,1,412,950,0,1,950,950,1981,-1,1,280,119500
4,5,1971,1971,0,2,0,-1,-2,0,858,0,1,872,872,1974,-1,4,480,123000
4,6,1971,1971,0,2,0,-1,2,322,858,0,1,858,858,1979,-1,1,684,110000
4,7,1961,1961,0,3,0,-1,2,314,914,2,1,914,914,1961,-1,1,270,128000
4,6,1971,1971,0,1,0,-1,2,616,864,0,1,864,864,1974,-1,2,528,120500
7,5,1998,1998,0,1,1,1,3,584,723,2,1,767,767,1998,1,1,367,133000
6,5,2001,2001,1,1,1,0,-2,0,1337,2,1,1337,1337,2001,1,2,511,155000
6,5,1997,1998,1,1,1,-1,3,930,1405,2,1,1337,1337,1997,1,2,522,177000
6,6,1973,1973,0,2,0,-1,2,312,525,0,1,525,1092,1973,-1,1,264,113500
6,5,1973,1973,0,2,0,-1,1,356,672,0,1,672,1218,1973,-1,1,264,113000
6,5,1973,1973,0,2,0,-1,-2,0,672,2,1,672,1218,1973,-1,1,264,113700
5,5,1970,1970,0,2,0,-1,-2,0,630,0,1,630,1302,1970,-1,2,440,106000
5,5,1971,1971,0,2,0,-1,2,471,765,2,1,765,1365,1971,-1,2,440,122500
6,5,1976,1976,0,2,1,-1,2,120,1078,0,1,958,958,1977,0,2,440,128000
7,7,1978,1978,0,2,1,-1,3,632,1061,0,1,1055,1055,1978,-1,1,319,142500
5,6,1966,1966,0,2,0,-1,1,725,988,0,1,988,988,1974,-1,1,360,129250
6,5,2005,2006,1,1,1,1,2,20,1362,2,1,1362,1362,2005,0,2,460,194700
6,5,2005,2006,1,1,1,1,2,1030,1302,2,1,1302,1302,2005,0,2,631,200000
6,5,2005,2006,1,1,1,1,2,762,1362,2,1,1362,1362,2005,0,2,460,207000
8,5,2006,2006,1,1,1,0,3,24,1370,2,1,1370,1370,2006,0,2,484,202500
7,5,2003,2003,1,1,1,-1,3,1000,1405,2,1,1405,1405,2003,0,2,478,200000
6,5,2005,2005,0,1,1,1,3,918,1326,2,1,1326,1326,2005,1,2,388,203000
7,5,2004,2005,1,1,1,2,3,779,835,2,1,1119,1119,2004,1,2,437,188500
7,5,2003,2003,1,1,1,-1,-2,0,384,2,1,754,1394,2003,1,2,400,165500
7,5,2000,2000,0,1,1,-1,-2,0,384,2,1,774,1430,2000,0,2,400,170000
7,5,2003,2003,1,1,1,-1,-2,0,660,2,1,660,1320,2003,1,2,400,162000
8,5,2007,2007,1,1,1,2,3,929,1485,2,1,1464,1464,2007,-1,3,754,282922
7,5,2006,2006,1,1,1,-1,-2,0,1143,2,1,1143,1143,1978.132443,-2,0,0,147000
5,5,2003,2004,1,1,1,-1,3,729,1094,2,1,1094,1094,2004,-1,2,576,149000
7,5,2006,2006,1,1,1,-1,-2,0,1461,2,1,1486,1486,2006,0,2,566,181000
7,5,2000,2001,0,1,1,-1,-2,0,1349,2,1,1349,1349,2000,-1,2,539,179000
7,5,1998,1998,1,1,1,2,3,1443,1482,2,1,1494,1494,1998,0,2,514,215000
6,5,1980,1980,0,2,0,-1,-2,0,630,2,1,630,1266,1980,0,1,283,128000
5,7,1983,1983,0,2,1,1,2,747,840,1,1,884,884,1983,0,2,504,144000
5,5,1977,1977,0,2,1,-1,-1,138,894,0,1,894,894,1979,-1,1,308,120750
5,6,1963,1963,0,2,0,-1,3,630,970,0,1,970,970,1996,-1,2,624,132500
5,5,1962,1962,0,2,0,-1,0,417,1057,0,1,1057,1057,1977,1,2,576,132000
5,7,1962,2001,0,2,0,-1,2,588,999,1,1,999,999,1963,-1,1,264,132500
4,5,1961,1961,0,2,0,-1,2,932,1040,0,1,1120,1120,1961,0,2,544,129000
5,7,1968,1968,0,2,0,-1,0,812,1040,0,1,1040,1040,1991,1,2,686,145000
5,5,1961,1961,0,2,0,-1,0,827,988,0,1,988,988,1963,-1,2,572,128500
5,6,1967,1967,0,2,0,-1,3,599,876,0,1,902,902,1967,-1,1,288,125500
5,5,1974,1974,0,2,-1,2,2,787,1037,0,1,1037,1037,1974,0,2,431,129000
8,5,2004,2004,1,1,1,1,3,851,1378,2,1,1378,1378,2004,1,2,540,214000
6,5,1999,1999,0,1,1,-1,3,419,729,1,1,729,1458,1999,-1,2,440,176000
7,5,2004,2004,1,1,1,-1,3,239,551,2,1,551,1102,2004,-1,2,480,148800
8,5,1999,2000,1,1,1,-1,-2,0,776,2,1,764,1441,1999,-1,2,492,174000
7,5,1999,2000,1,1,1,-1,-2,0,1339,2,1,1358,1358,1999,-1,2,625,204000
8,5,1994,1995,1,1,1,2,-1,457,1494,2,1,1494,1494,1994,1,2,478,279700
5,7,1978,1978,0,1,1,2,2,680,1360,2,1,1432,1432,1978,-1,2,588,194000
5,8,1976,2004,1,2,1,2,2,1157,1437,0,1,1437,1437,1976,0,2,528,218000
8,6,1978,1998,1,2,1,2,3,881,1057,0,1,1295,1295,1978,1,2,571,213750
6,8,1976,1976,0,2,1,2,2,978,1262,2,1,1262,1262,1976,0,2,460,181500
6,6,1968,1968,0,2,0,-1,-2,0,912,2,1,1152,1152,1968,0,2,412,143450
6,6,1969,1969,0,1,1,1,1,973,973,2,1,1082,1082,1969,-1,2,480,162500
6,5,1968,1968,0,1,1,-1,2,910,1295,-1,1,1295,1295,1968,1,2,528,164000
6,7,1966,1966,0,2,0,-1,2,792,1093,1,1,1093,1093,1966,0,2,484,158500
7,6,1973,1973,0,2,0,-1,2,916,1242,-1,1,1242,1242,1973,-1,2,528,175500
6,5,1963,1963,0,2,0,-1,1,617,1052,0,1,1052,1052,1963,1,1,311,127000
5,6,1967,1993,0,2,0,-1,2,474,949,0,1,1107,1107,1967,0,1,308,127000
5,5,1967,1967,0,2,0,-1,1,695,1214,0,1,1214,1214,1967,0,1,318,143000
5,7,1965,1965,0,2,0,-1,2,836,1073,0,1,1073,1073,1965,0,2,515,156000
5,5,1958,1983,0,2,0,-1,2,457,1024,0,1,1344,1344,1970,-1,1,484,144000
4,5,1964,1964,0,0,-3,-2,-3,0,0,0,-1,1224,1224,1964,-1,3,530,103000
5,5,1960,1978,0,2,0,-1,-2,0,978,0,1,1422,1422,1960,0,1,286,139900
6,8,1960,1998,0,2,0,0,1,498,958,0,1,958,958,1960,0,1,301,151500
5,5,1960,1960,0,2,0,-1,-2,0,1065,1,1,1065,1065,1974,-1,2,461,126500
6,8,1958,1958,0,2,0,1,3,507,588,2,1,1138,1138,1958,0,1,264,145000
5,7,1958,1985,0,2,0,-1,1,111,912,-1,1,912,912,1958,1,1,297,120000
5,5,1956,1956,0,2,0,-1,0,438,894,1,1,1074,1074,1966,-1,2,396,124000
5,7,1959,1959,0,0,-3,-2,-3,0,0,0,1,882,882,1959,0,1,294,106500
5,5,1961,1961,0,2,0,-1,2,311,864,0,1,1187,1187,1961,0,2,440,140500
5,7,1961,1961,0,2,0,-1,2,700,964,2,1,964,964,1985,1,2,784,137500
5,7,1960,1960,0,2,0,-1,-2,0,894,0,1,894,894,1965,-1,1,312,117600
7,6,1966,1966,0,2,0,-1,1,654,1174,2,1,1200,1200,1966,0,2,440,163500
6,5,1965,1965,0,2,0,2,3,494,1042,0,1,1042,1042,1965,0,2,440,161000
6,7,1964,1991,0,2,1,2,-1,270,1302,2,1,1302,1302,1964,0,1,309,158000
6,5,1964,1964,0,2,0,-1,2,54,1130,0,1,1374,1374,1964,0,1,286,147000
6,6,1960,1987,0,2,0,-1,1,594,1144,2,1,1429,1429,1960,-1,2,572,181900
5,6,1959,2002,0,2,0,-1,0,405,1063,1,1,1327,1327,1974,-1,2,624,150750
4,5,1962,1962,0,0,-3,-2,-3,0,0,0,1,1224,1224,1962,-1,2,462,101800
6,5,1950,1950,0,2,0,-1,-2,0,932,2,1,932,932,1950,-1,1,306,124000
5,7,1940,1996,0,1,0,-1,-1,130,822,0,1,908,908,1975,-1,2,512,138500
1,3,1946,1950,-1,0,-3,-2,-3,0,0,-1,-1,334,334,1978.132443,-2,0,0,39300
3,3,1946,1950,-1,2,-1,-1,-1,299,666,-1,-1,666,666,1978.132443,-2,0,0,64500
3,5,1945,1950,0,2,0,-1,-1,144,370,0,-1,442,670,1978.132443,-2,0,0,64000
5,8,1958,2000,0,2,0,-1,1,150,808,2,1,808,808,1963,-1,1,308,112000
5,6,1955,1955,0,2,0,-1,1,368,1078,2,1,1150,1150,1955,1,1,288,144000
5,5,1941,1950,0,2,0,-1,0,368,768,0,1,968,1376,1941,-1,1,240,105000
5,6,1966,1966,0,2,0,1,3,602,793,2,1,1280,1280,1966,1,2,432,175000
6,5,1961,1961,0,2,0,1,2,600,1218,0,1,1254,1254,1961,0,2,525,158500
5,5,1958,1958,0,2,0,-1,0,456,912,2,1,912,912,1958,0,1,275,114500
6,7,1957,1999,0,2,0,-1,2,873,936,0,1,936,936,1957,0,1,315,141000
5,6,1956,1956,0,2,0,-1,3,908,1008,2,1,1008,1008,1964,-1,1,308,131000
5,7,1963,1963,0,2,0,-1,2,288,1053,1,1,1053,1053,1994,0,2,692,142100
5,6,1958,1992,0,2,0,-1,0,846,1056,-1,1,1056,1056,1958,0,1,308,139000
6,6,1958,1958,0,2,0,-1,0,608,1442,1,1,1442,1442,1958,0,1,301,157900
5,7,1954,2005,0,2,0,-1,1,480,1056,0,1,1056,1056,1954,-1,1,260,139400
6,6,1957,1957,0,2,0,-1,0,777,1244,2,1,1244,1244,1957,-1,1,336,150000
5,5,1960,1960,0,2,0,-1,-2,0,1144,0,1,1144,1144,1960,0,1,336,120000
5,5,1957,1957,0,2,0,-1,0,512,922,0,1,922,922,1957,-1,1,308,116000
5,5,1956,1956,0,2,0,-1,1,586,1048,0,1,1048,1048,1956,-1,1,286,135000
5,6,1955,1975,0,2,0,1,0,780,1204,0,1,1411,1411,1955,0,1,310,130000
5,5,1955,1955,0,2,0,-1,0,288,1216,0,1,1216,1216,1955,0,1,336,129500
5,9,1953,2006,0,2,0,-1,1,408,864,1,1,1154,1154,1962,-1,1,336,142000
6,6,1952,1952,0,2,0,-1,2,441,948,0,1,948,948,1952,-1,2,410,125000
6,7,1953,1953,0,2,0,-1,0,85,1040,0,1,1040,1040,1953,1,1,293,136000
5,7,1953,2006,0,2,0,-1,1,643,1008,1,1,1008,1008,1953,-1,1,240,134500
5,8,1956,2003,0,2,0,-1,0,114,925,0,1,925,925,1956,-1,1,252,127000
5,5,1955,1955,0,2,0,-1,2,384,384,0,1,1360,1360,1962,-1,2,572,130000
5,5,1955,1955,0,2,0,-1,1,793,923,0,1,925,925,1955,-1,1,390,116900
5,7,1956,2000,0,2,1,-1,0,377,928,0,1,928,928,1956,-1,1,252,132000
5,5,1952,1952,0,2,0,-1,0,292,924,0,1,924,924,1952,-1,1,420,112500
5,7,1949,2003,0,2,0,-1,2,220,845,0,1,893,893,1985,-1,2,576,135000
5,6,1940,1950,0,2,0,-1,-2,0,735,1,1,735,1034,1940,-1,1,240,109000
4,6,1956,1956,0,2,0,-1,-2,0,882,2,1,882,882,1978.132443,-2,0,0,103200
4,6,1927,2007,0,3,0,-1,-2,0,656,0,1,968,968,1928,-1,1,216,64500
6,6,1968,1968,0,2,0,0,0,952,952,1,1,952,952,1968,-1,1,288,128500
5,7,1949,2006,0,2,0,0,-2,0,672,2,1,672,924,2003,-1,2,576,122900
6,5,1948,1950,0,2,0,-1,1,336,1082,0,1,1082,1082,1948,-1,1,240,119200
5,7,1950,1950,0,2,0,-1,1,534,876,0,1,988,988,1950,-1,1,276,119000
5,3,1950,1950,0,2,0,-1,-1,432,864,-1,1,1238,1238,1950,-1,1,357,102000
5,8,1950,2002,0,2,0,-1,2,398,864,1,1,864,864,1980,0,2,720,129000
5,7,1959,2003,0,2,0,-1,3,574,1040,2,1,1040,1040,1959,0,1,286,152000
5,6,1958,1958,0,2,0,-1,0,625,1170,0,1,1170,1170,1958,0,1,338,140000
5,5,1960,1960,0,2,0,-1,1,1098,1377,0,1,1377,1377,1965,-1,1,351,156500
5,6,1961,1961,0,0,-3,-2,-3,0,0,1,1,925,925,1961,1,1,300,99000
5,5,1962,1962,0,2,0,-1,2,110,864,1,1,864,864,1962,-1,1,294,125500
5,5,1962,1962,0,2,0,1,2,734,896,0,1,936,936,1962,0,1,288,130000
5,7,1926,1980,1,3,0,-1,-2,0,850,0,1,960,960,1981,0,2,576,103000
6,6,1927,1950,0,3,0,-1,0,276,845,0,1,866,1296,1980,-1,2,576,127500
5,5,1922,1950,0,1,-1,-1,-1,782,1022,0,-1,1022,1022,1922,-1,1,184,89500
5,5,1980,1980,0,2,1,2,3,936,936,0,1,936,936,1980,-1,2,672,140000
5,6,1920,1990,0,3,0,-1,-2,0,967,1,1,967,967,1920,-1,1,180,99900
4,7,1885,1995,0,3,-1,-1,-2,0,641,1,1,1047,1047,1954,-1,1,273,100000
5,8,1940,1950,0,2,0,-1,-2,0,808,2,1,1072,1072,1940,-1,2,379,130000
5,8,1900,2006,0,3,0,-1,1,130,680,2,1,680,1174,2000,-1,2,576,135000
3,7,1948,2002,0,2,0,-1,2,331,649,2,1,679,1183,1981,-1,1,308,120000
4,6,1900,1950,0,3,-1,-1,-1,122,570,1,-1,761,1141,1930,-1,1,252,85000
4,4,1920,1950,0,1,0,-1,2,250,960,1,1,960,960,1997,-1,1,308,108500
5,9,1945,1997,0,2,0,-1,2,329,686,1,1,866,866,1978.132443,-2,0,0,110500
5,6,1923,2006,1,2,0,-1,-2,0,968,0,1,968,968,1935,-1,2,480,100000
5,8,1925,1994,0,1,0,0,-2,0,702,1,1,842,1472,1925,-1,1,250,125000
5,7,1910,1950,0,3,0,-1,1,168,616,2,1,616,1232,1920,-1,2,480,114000
5,5,1930,1950,0,2,0,-1,-1,324,912,1,1,912,1248,1957,-1,1,160,87000
4,6,1956,1956,0,2,-3,-2,-3,0,0,1,1,968,968,1956,-1,1,331,104500
4,7,1949,2002,0,0,-3,-2,-3,0,0,2,1,1382,1382,1957,0,1,384,110000
5,7,1925,1994,0,1,0,-1,-1,317,756,0,-1,916,1060,1969,-1,1,308,136500
5,6,1950,1950,0,2,-1,-1,0,910,910,0,1,910,1435,1950,-1,1,308,128250
5,5,1920,1950,0,3,0,-1,1,645,915,0,1,1167,1167,1972,-1,2,495,144000
5,7,1939,1998,0,2,0,-1,0,306,728,2,1,728,1274,1939,-1,1,224,135000
6,6,1939,1950,0,2,0,0,0,276,600,2,1,608,1232,1939,-1,1,217,128000
6,6,1941,1950,0,3,0,-1,2,375,735,2,1,869,1218,2003,-1,2,440,131000
5,7,1939,1950,1,3,0,-1,-2,0,884,2,1,884,884,1939,-1,1,240,113000
6,5,1938,1950,0,3,0,-1,-1,52,861,1,1,861,1409,1968,-1,2,528,126000
5,8,1939,1952,0,3,0,-1,0,48,672,2,1,899,1322,1939,-1,1,280,132000
5,7,1930,1992,0,3,0,-1,-2,0,966,2,1,1014,1426,1930,-1,1,230,131750
5,6,1926,1950,0,3,0,-1,2,351,756,1,1,903,1281,1926,-1,2,379,132500
7,8,1929,2001,0,3,0,-1,-2,0,832,2,1,854,854,1991,-1,2,576,132000
6,6,1931,1950,0,3,0,-1,-1,425,884,0,1,959,1367,1978,-1,1,560,127500
6,5,1926,1950,0,3,0,-1,-2,0,960,0,-1,986,986,1926,-1,1,180,102000
6,7,1920,1950,0,1,0,-1,-2,0,768,2,1,752,1376,1977,-1,2,576,165000
6,7,1915,2003,0,3,0,-1,-2,0,698,2,1,698,1396,2003,-1,1,384,153575
7,6,1929,1990,0,3,0,-1,0,336,672,1,-1,672,1344,1979,-1,2,456,140000
7,7,1930,1950,0,1,0,-1,-2,0,637,2,1,1108,1108,1930,-1,1,280,139400
6,7,1914,2006,0,1,0,-1,-2,0,684,0,1,773,1355,1978.132443,-2,0,0,127000
6,6,1937,1950,0,1,0,-1,-2,0,780,0,1,780,1375,1979,-1,1,544,141000
5,7,1920,1996,0,3,0,-1,-2,0,530,0,-1,581,1111,1935,-1,1,288,101000
4,7,1916,1990,0,2,0,-1,-1,197,1196,2,1,1196,1196,1957,-1,2,440,109900
5,6,1941,1950,0,2,0,-1,0,360,720,0,1,854,1382,1991,-1,2,660,128500
5,7,1930,1950,0,3,0,-1,-1,116,672,2,1,840,840,1978.132443,-2,0,0,87000
5,6,1942,1979,0,2,0,-1,2,485,672,0,-1,778,1282,1942,-1,1,240,108500
5,5,1963,1963,0,2,1,1,2,925,925,0,1,999,999,1963,-1,1,308,130000
5,5,1964,1980,0,2,1,1,1,785,1420,1,1,1452,1452,1964,-1,2,572,158450
4,3,1964,1964,0,2,0,-1,0,513,1005,0,1,1005,1005,1964,-1,2,440,115400
4,5,1961,1961,0,2,0,0,0,903,1029,1,1,1029,1029,1961,-1,1,261,118500
5,8,1964,2001,1,2,0,2,-1,68,980,0,1,1020,1020,1970,-1,2,528,165000
5,4,1966,1966,0,2,0,1,0,249,1040,0,1,1040,1040,1966,0,1,264,123000
6,5,1966,1966,0,2,0,2,-1,187,814,1,1,913,913,1990,-1,1,240,129000
5,5,1966,1966,0,2,0,-1,0,180,894,0,1,894,894,1966,0,1,384,125000
5,6,1971,1990,0,2,1,1,3,748,768,1,1,868,868,1989,-1,2,576,119900
5,5,1968,1968,0,2,0,0,0,168,876,0,1,897,897,1968,0,1,264,115000
5,5,1967,1967,0,2,0,-1,-1,114,943,0,1,943,943,1972,-1,2,528,134500
5,7,1966,1966,0,2,0,-1,1,763,955,2,1,955,955,1966,-1,1,386,127000
5,5,1968,1968,0,2,1,-1,1,492,894,1,1,894,894,1968,1,2,450,129000
6,5,1977,1977,0,2,0,-1,-2,0,660,2,1,1285,1285,1977,0,2,528,143500
5,7,1966,1966,0,2,0,-1,0,216,912,2,1,912,912,1966,-1,1,315,129000
5,5,1956,1998,0,2,0,-1,0,386,1240,1,1,1375,1375,1956,-1,1,323,187000
5,7,1918,2007,0,3,0,-1,-2,0,816,2,1,1416,1416,2007,-1,2,576,112000
7,8,1940,1998,0,3,0,-1,2,258,680,2,1,798,1302,1940,-1,1,224,165250
6,5,1954,1995,0,2,0,-1,0,736,967,0,1,1299,1299,1954,-1,2,494,150000
5,6,1958,1998,0,2,0,0,0,190,1158,0,1,1176,1176,1958,-1,1,303,137000
4,7,1945,1950,-1,0,-3,-2,-3,0,0,0,-1,998,998,1952,-1,2,460,89500
5,7,1948,2005,0,2,0,0,1,300,409,2,1,1325,1325,1996,-1,2,576,216000
4,5,1946,1950,0,2,0,-1,-2,0,484,0,-1,1242,1242,1946,-1,1,336,109900
5,5,1958,1958,0,2,0,-1,0,453,864,0,1,864,864,1958,-1,1,399,118000
4,5,1958,1994,0,0,-3,-2,-3,0,0,0,-1,943,943,1958,-1,1,308,80000
4,7,1920,2002,0,3,0,0,2,348,528,2,1,605,605,1978.132443,-2,0,0,86000
5,6,1984,1984,1,2,0,-1,-1,283,1038,1,1,1038,1038,1984,0,1,264,130000
5,6,1951,1951,0,2,-1,-1,2,557,1342,2,1,1342,1342,1951,-1,1,256,125000
5,6,1951,1994,0,1,0,0,-1,1080,1080,0,-1,1080,1480,1951,-1,1,253,136500
4,5,1920,1950,-1,3,0,-1,-2,0,951,-1,-1,986,1362,1920,-1,1,280,96000
5,6,1957,2006,0,1,-3,-2,-3,0,0,2,1,1340,1340,1957,0,1,252,120000
7,5,1990,1991,1,1,1,0,3,738,910,1,1,1442,1442,1990,1,2,719,179900
7,5,2006,2006,1,1,1,1,-2,0,1240,2,1,1240,1240,2006,0,3,826,194000
7,5,2005,2006,1,1,1,-1,-2,0,1270,2,1,1270,1270,2005,0,2,524,175900
6,5,2006,2006,1,1,1,-1,3,24,1314,1,1,1314,1314,2006,0,2,440,176432
5,5,1994,1994,0,1,1,-1,2,550,1022,1,1,1022,1022,1995,-1,2,747,139500
5,5,1994,1994,0,1,1,-1,3,495,990,1,1,990,990,1996,-1,1,299,126000
6,5,1995,1995,1,1,1,-1,2,334,1200,2,1,1200,1200,1995,0,2,521,177500
6,6,1997,2006,0,1,1,-1,3,539,635,2,1,646,1308,1997,0,2,497,175000
5,7,1994,1994,0,1,1,-1,3,420,990,2,1,990,990,1995,-1,1,384,146000
5,5,1996,1996,0,1,1,-1,2,549,1097,2,1,1097,1097,1996,-1,1,242,147900
4,5,1994,1995,0,1,1,-1,3,588,990,2,1,990,990,1978.132443,-2,0,0,123600
7,5,2003,2003,1,1,1,1,3,1013,1453,2,1,1479,1479,2003,0,2,558,226000
5,5,1976,1976,0,2,1,1,3,502,1015,0,1,1025,1025,1979,-1,2,370,153500
5,7,1977,1977,0,2,0,1,2,755,995,0,1,1009,1009,1977,-1,2,576,160000
5,5,1977,1977,0,2,1,1,2,539,1040,0,1,1040,1040,1977,-1,2,748,134900
5,4,1977,1977,0,2,1,1,0,60,876,0,1,907,907,1977,0,1,308,130000
5,6,1975,1975,0,2,0,-1,1,330,864,0,1,879,879,1975,-1,2,440,120000
5,5,1972,1972,0,2,0,-1,-1,138,882,0,1,882,882,1980,-1,2,461,112500
5,6,1975,1975,0,2,0,1,1,716,969,0,1,969,969,1975,-1,2,440,122000
5,5,1972,2000,0,2,0,-1,2,671,864,1,1,864,864,1977,1,2,576,127000
4,8,1972,2006,0,2,0,-1,0,385,385,1,1,875,875,1975,-1,2,728,117000
7,5,2002,2002,1,1,1,-1,-2,0,1459,2,1,1459,1459,2002,0,2,527,192000
6,5,2003,2003,1,1,1,1,3,659,848,2,1,848,848,2003,1,2,420,131500
8,5,1999,2000,1,1,1,2,3,915,1341,2,1,1341,1341,1999,0,2,482,246900
7,5,2003,2003,1,1,1,0,3,699,1337,2,1,1337,1337,2003,0,2,531,185000
7,5,2004,2004,1,1,1,1,-2,0,1422,2,1,1422,1422,2004,0,2,626,179600
7,5,2005,2005,1,1,1,1,3,709,1169,2,1,1190,1190,2005,0,2,578,173500
7,5,2006,2006,1,1,1,-1,-2,0,738,1,1,738,1491,2006,0,2,484,168675
5,7,1965,1965,0,2,0,-1,2,698,1214,2,1,1214,1214,1965,-1,2,461,140000
4,6,1963,1963,0,2,0,-1,1,132,1088,0,1,1088,1088,2002,-1,2,520,110000
4,5,1965,1965,0,2,0,-1,0,520,960,0,1,960,960,1965,1,1,432,94750
5,6,1925,1950,0,2,0,-1,2,130,901,0,1,901,1351,1975,-1,2,576,122000
6,6,1960,1960,0,2,0,-1,-2,0,1179,1,1,1179,1179,1960,1,2,622,110000
6,5,1990,1990,0,2,1,1,3,816,816,0,1,816,816,1978.132443,-2,0,0,118500
6,6,1976,1976,0,2,0,1,3,504,960,0,1,1044,1044,1976,-1,2,528,133500
6,7,1976,1976,0,2,0,-1,1,751,1143,0,1,1113,1113,1987,0,1,504,148000
5,5,2005,2006,0,1,2,-1,2,980,1090,1,1,1090,1090,2005,1,2,450,157000
5,5,2005,2006,0,1,1,-1,3,611,734,1,1,734,1408,2005,1,2,489,171500
6,5,2005,2005,0,1,1,2,3,467,547,2,1,1072,1072,2005,1,2,525,140000
5,7,1959,2000,0,2,0,1,0,77,960,2,1,960,960,1959,-1,1,392,131750
4,3,1955,1955,0,1,-3,-2,-3,0,0,0,-1,1152,1152,1978.132443,-2,0,0,61500
4,5,1954,1954,0,1,0,-1,2,492,864,2,1,948,948,1954,-1,1,248,111000
3,6,1931,2006,0,3,0,-1,0,544,544,2,1,774,774,1978.132443,-2,0,0,79000
6,8,1920,1995,0,3,0,-1,-1,144,660,0,1,740,865,1920,-1,1,216,108500
4,7,1910,2000,0,2,-1,-1,-2,0,560,1,-1,796,1346,1950,-1,1,384,112000
4,5,1955,1955,0,2,0,-1,1,544,768,0,1,768,768,1959,-1,1,355,125000
4,6,1954,1954,0,2,0,-1,0,732,948,2,1,948,948,1956,-1,1,280,119000
5,5,1926,1950,0,3,0,-1,-2,0,768,-1,-1,789,789,1926,-1,1,200,96500
5,5,1926,1950,0,1,0,0,1,319,1290,0,1,1422,1422,1973,-1,1,352,136500
6,7,1921,2005,0,3,0,-1,1,113,651,1,1,759,1298,1994,-1,1,240,146500
7,8,1930,1995,0,3,1,-1,3,246,531,0,1,567,1098,1930,-1,1,216,148500
6,7,1921,1950,0,3,0,-1,-2,0,585,0,-1,851,1436,1992,-1,1,228,141500
7,8,1918,1998,1,3,0,-1,-2,0,912,1,1,912,1426,1925,-1,1,216,189950
6,8,1926,1991,0,3,0,-1,-2,0,686,0,1,686,1461,1926,-1,1,225,135000
5,6,1913,2002,0,1,0,-1,-1,365,440,0,-1,694,694,1990,-1,1,352,90350
5,6,1910,2003,0,1,0,-1,-2,0,661,2,1,661,1250,1985,-1,2,552,139000
5,7,1938,1950,0,1,-1,-1,-2,0,920,2,1,954,954,1938,-1,1,240,119750
5,5,1951,1951,0,2,-3,-2,-3,0,0,-1,1,1226,1226,1951,1,2,400,153500
5,5,1941,1950,0,2,0,-1,-1,533,728,2,1,760,1355,1966,-1,2,528,140000
6,6,1968,1968,0,1,1,-1,1,813,1488,2,1,1488,1488,1968,0,2,552,215000
6,6,1980,1980,0,2,1,-1,3,330,516,1,1,529,1045,1980,-1,2,462,123900
8,5,1988,1988,0,2,1,2,3,577,1004,1,1,1020,1020,1988,-1,2,509,200000
6,7,1940,1950,0,3,0,-1,2,375,720,1,1,720,1215,1965,1,2,720,141000
5,6,1941,1950,0,2,0,1,1,116,720,-2,-1,803,803,1941,-1,2,360,87000
4,5,1939,1950,0,1,0,-1,-2,0,732,1,1,772,1123,1979,-1,1,264,100000
5,7,1922,1950,0,3,0,-1,-2,0,816,2,1,816,816,1922,-1,1,100,75200
6,5,1920,1950,0,3,0,-1,-2,0,1012,0,1,1012,1012,1920,-1,1,308,118400
2,4,1939,1950,0,3,-3,-2,-3,0,0,2,1,640,845,1950,-1,1,256,68104
5,9,1930,2007,1,3,0,-1,2,737,837,2,1,1001,1001,1930,-1,1,216,124900
6,6,1979,1979,0,2,1,1,3,1001,1001,0,1,1299,1299,1979,0,2,486,183500
6,6,1978,1978,0,2,1,1,3,773,888,2,1,912,912,1978,0,2,470,156000
6,5,1983,1983,0,1,0,-1,2,336,1084,0,1,1080,1080,1983,-1,2,484,134000
5,5,2002,2002,1,1,1,-1,3,585,1441,2,1,1392,1392,2002,1,3,650,215000
7,5,2002,2002,1,1,1,-1,3,1392,1409,2,1,1409,1409,2002,0,2,576,245000
7,5,1991,1992,0,1,1,-1,3,1239,1454,0,1,1478,1478,1991,-1,2,506,210000
7,6,1975,1975,0,2,0,1,0,224,852,0,1,918,918,1975,-1,1,360,148000
6,6,1974,1974,0,2,1,1,2,924,970,0,1,1026,1026,1974,-1,2,528,143000
5,6,1959,1959,0,2,0,2,1,967,1350,1,1,1328,1328,1959,0,1,308,170000
8,5,2006,2006,1,1,1,1,3,428,1476,2,1,1484,1484,2006,0,2,472,265900
7,7,1985,1985,0,2,1,-1,2,215,1265,1,1,1240,1240,1985,-1,2,528,174000
8,5,2001,2001,1,1,2,0,3,250,1267,2,1,1312,1312,2001,-1,2,471,180500
7,5,2003,2003,1,1,2,1,3,786,868,2,1,1146,1146,2003,1,2,438,187500
6,5,1996,1996,1,1,2,-1,-2,0,1491,2,1,1491,1491,1996,1,2,571,178000
6,5,1996,1997,0,1,2,1,0,16,920,2,1,936,936,1996,1,2,460,140000
4,5,1963,1963,0,1,0,2,2,633,1064,1,1,1040,1040,1963,-1,2,648,132250
5,7,1976,1976,0,1,1,-1,3,840,1040,0,1,1060,1060,1976,-1,2,572,129900
5,5,1976,1976,0,1,1,-1,2,874,1142,0,1,1142,1142,1976,1,2,528,134000
4,4,1972,1972,0,2,0,-1,1,252,546,0,1,546,1092,1972,-1,1,253,85500
4,5,1970,1970,0,2,1,1,3,503,530,0,1,530,992,1970,1,1,297,106500
4,6,1970,1970,0,2,0,-1,2,384,546,2,1,546,1092,1978.132443,-2,0,0,93900
4,5,1970,1970,0,2,0,-1,-2,0,546,-1,1,546,1092,1970,-1,1,286,75000
