Order,PID,'MS SubClass','MS Zoning','Lot Frontage','Lot Area',Street,Alley,'Lot Shape','Land Contour',Utilities,'Lot Config','Land Slope',Neighborhood,'Condition 1','Condition 2','Bldg Type','House Style','Overall Qual','Overall Cond','Year Built','Year Remod/Add','Roof Style','Roof Matl','Exterior 1st','Exterior 2nd','Mas Vnr Type','Mas Vnr Area','Exter Qual','Exter Cond',Foundation,'Bsmt Qual','Bsmt Cond','Bsmt Exposure','BsmtFin Type 1','BsmtFin SF 1','BsmtFin Type 2','BsmtFin SF 2','Bsmt Unf SF','Total Bsmt SF',Heating,'Heating QC','Central Air',Electrical,'1st Flr SF','2nd Flr SF','Low Qual Fin SF','Gr Liv Area','Bsmt Full Bath','Bsmt Half Bath','Full Bath','Half Bath','Bedroom AbvGr','Kitchen AbvGr','Kitchen Qual','TotRms AbvGrd',Functional,Fireplaces,'Fireplace Qu','Garage Type','Garage Yr Blt','Garage Finish','Garage Cars','Garage Area','Garage Qual','Garage Cond','Paved Drive','Wood Deck SF','Open Porch SF','Enclosed Porch','3Ssn Porch','Screen Porch','Pool Area','Pool QC',Fence,'Misc Feature','Misc Val','Mo Sold','Yr Sold','Sale Type','Sale Condition',SalePrice
2290,923228290,180,3,21,1936,1,-1,1,1,1,2,1,1,2,2,-2,-3,4,6,1970,1970,2,2,4,4,-1,0,0,0,2,1,0,1,1,131,3,499,0,630,1,1,1,2,630,0,0,630,1,0,1,0,1,1,0,3,3,0,-3,-3,1978.132443,-2,0,0,-3,-3,0,0,0,0,0,0,0,-3,1,-3,0,12,2007,5,3,84500
2291,923228390,160,3,21,1890,1,-1,1,1,1,2,1,1,2,2,-2,0,4,3,1976,1976,2,2,4,4,-1,0,0,0,2,0,0,-1,-2,0,-2,0,546,546,1,2,1,2,546,546,0,1092,0,0,1,1,3,1,0,6,3,0,-3,2,1976,-1,1,286,0,0,0,0,0,0,0,0,0,-3,0,-3,0,4,2007,1,3,75190
2292,923229010,80,1,69.22459,11333,1,-1,0,1,1,1,1,0,2,2,2,-4,6,5,1976,1976,2,2,3,3,-1,0,0,0,1,1,0,1,2,539,-2,0,490,1029,1,0,1,2,1062,0,0,1062,1,0,1,0,3,1,0,5,3,2,0,2,1976,0,2,539,0,0,0,120,0,0,0,0,0,-3,-2,-3,0,5,2007,5,3,146800
2293,923229040,85,1,72,9129,1,-1,1,1,1,2,1,0,2,2,2,-3,5,5,1977,1977,2,2,-1,-1,1,144,0,0,1,1,0,1,3,923,-2,0,0,923,1,0,1,2,1008,0,0,1008,1,0,1,0,1,1,1,4,3,1,-1,2,1977,1,2,678,0,0,0,201,66,0,0,0,0,-3,1,-3,0,7,2007,5,3,153500
2294,923229100,80,1,69.22459,15957,1,-1,0,-2,1,1,0,0,2,2,2,-4,6,6,1977,1977,2,2,3,-1,-1,0,0,0,1,1,0,2,3,1148,-2,0,96,1244,1,0,1,2,1356,0,0,1356,2,0,2,0,3,1,0,6,3,1,0,2,1977,1,2,528,0,0,0,1424,0,0,0,0,0,-3,1,-3,0,9,2007,5,3,188000
2296,923230010,60,1,68,8286,1,-1,0,1,1,1,1,0,2,2,2,0,5,7,1977,1977,2,2,-1,-1,-1,0,0,0,1,1,0,-1,0,531,-2,0,185,716,1,2,1,2,716,716,0,1432,1,0,1,1,3,1,0,6,3,1,1,2,1977,1,2,531,0,0,0,0,136,0,0,240,0,-3,2,-3,0,6,2007,5,3,157000
2297,923230120,85,1,50,6723,1,-1,1,1,1,2,1,0,2,2,2,-3,5,7,1971,1971,2,2,-6,3,-1,0,0,0,2,1,0,1,3,796,-2,0,0,796,1,0,1,2,796,0,0,796,0,1,1,0,2,1,0,5,3,0,-3,-3,1978.132443,-2,0,0,-3,-3,0,129,0,0,0,0,0,-3,0,-3,0,9,2007,5,3,138000
2298,923230180,85,1,54,7244,1,-1,1,1,1,2,1,0,2,2,2,-3,5,7,1970,1970,2,2,-5,-5,-1,0,0,1,2,1,0,1,2,619,-2,0,149,768,1,2,1,2,768,0,0,768,1,0,1,0,2,1,0,5,3,0,-3,-2,1987,-1,2,624,0,0,0,104,0,0,0,0,0,-3,-2,-3,0,4,2007,5,3,129500
2300,923252080,20,1,69,7599,1,-1,1,1,1,1,1,0,2,2,2,3,4,6,1982,2006,2,2,3,-1,-1,0,0,0,2,0,0,-1,2,565,-2,0,280,845,1,0,1,2,845,0,0,845,1,0,1,0,2,1,0,4,3,0,-3,-2,1987,-1,2,360,0,0,0,0,0,0,0,0,0,-3,-2,-3,0,6,2007,5,3,129500
2301,923275010,20,1,69.22459,11000,1,-1,-1,1,1,1,1,0,2,2,2,3,5,6,1976,2003,2,2,-1,-1,-1,0,0,0,1,1,0,-1,-1,1090,-2,0,0,1090,1,0,1,2,1178,0,0,1178,1,0,1,1,3,1,0,6,3,0,-3,2,1976,-1,2,502,0,0,0,0,44,0,0,88,0,-3,1,-3,0,6,2007,5,3,135000
2302,923275200,20,1,76,8314,1,-1,1,1,1,1,1,0,2,2,2,3,5,7,1982,1982,2,2,3,2,-1,0,0,0,2,0,0,2,2,546,-2,0,270,816,1,0,1,2,816,0,0,816,0,0,1,0,2,1,0,5,3,0,-3,2,1982,-1,1,264,0,0,0,168,0,0,0,0,0,-3,-2,-3,0,6,2007,5,3,124500
2303,923276180,20,1,65,11625,1,-1,0,1,1,2,1,0,2,2,2,3,5,7,1983,1983,2,2,3,3,-1,0,0,0,2,1,0,-1,2,596,-2,0,220,816,1,0,1,2,816,0,0,816,1,0,1,0,2,1,0,4,3,0,-3,2,1983,1,1,264,0,0,0,330,0,0,0,0,0,-3,1,-3,0,5,2007,5,3,139000
2305,923425030,20,1,62,10447,1,-1,1,1,1,2,1,0,2,2,2,3,5,6,1984,1984,2,2,-1,3,-1,0,0,0,2,0,0,-1,2,516,-2,0,348,864,1,0,1,2,887,0,0,887,0,1,1,0,3,1,0,5,3,0,-3,2,1984,0,1,288,0,0,0,140,0,0,0,0,0,-3,-2,-3,0,12,2007,5,3,124500
2306,526302030,20,1,69.22459,11027,1,-1,0,1,1,2,1,-1,2,2,2,3,6,5,1954,1954,0,2,-6,-6,-2,28,0,0,2,0,0,-1,1,468,0,539,171,1178,1,1,1,2,1293,0,0,1293,1,0,2,0,2,1,0,5,3,0,-3,2,1954,0,2,452,0,0,0,280,0,0,0,0,0,-3,-2,-3,0,5,2006,5,3,149900
2307,526302040,20,1,85,10533,1,-1,0,1,1,2,1,-1,2,2,2,3,6,6,1956,1956,0,2,-5,-5,1,244,0,1,2,0,0,-1,0,773,-2,0,235,1008,1,0,1,2,1024,0,0,1024,1,0,1,0,2,1,1,5,3,2,0,2,1956,-1,1,313,0,0,0,0,0,0,0,280,0,-3,-2,-3,0,8,2006,5,3,157500
2314,527107030,60,1,69.22459,13031,1,-1,-1,1,1,1,1,6,2,2,2,0,6,5,1995,1996,2,2,3,3,-1,0,0,0,1,1,0,-1,2,592,-2,0,99,691,1,1,1,2,691,807,0,1498,0,0,2,1,3,1,0,6,3,1,0,2,1995,1,2,409,0,0,0,315,44,0,0,0,0,-3,-2,-3,0,7,2006,5,3,187500
2324,527158020,20,1,69.22459,8076,1,-1,0,1,1,2,1,6,2,2,2,3,6,6,1993,1994,2,2,3,3,1,112,0,0,1,1,0,-1,3,705,-2,0,455,1160,1,1,1,2,1169,0,0,1169,0,1,2,0,3,1,0,6,3,1,0,2,1993,1,2,402,0,0,0,0,26,0,0,144,0,-3,1,-3,0,7,2006,5,3,183500
2327,527182020,120,1,30,3701,1,-1,0,1,1,2,1,-11,2,2,-1,3,8,5,1987,1987,2,2,3,3,-1,0,0,0,2,1,0,-1,-2,0,-2,0,1191,1191,1,0,1,2,1204,0,0,1204,0,0,2,0,2,1,0,5,3,0,-3,2,1987,0,2,461,0,0,0,120,70,0,0,0,0,-3,-2,-3,0,8,2006,5,3,130000
2339,527250040,190,1,100,34650,1,-1,1,0,1,2,1,6,2,2,1,3,5,5,1955,1955,0,2,-6,-6,-1,0,0,0,2,0,0,0,0,1056,-2,0,0,1056,1,0,-1,2,1056,0,0,1056,1,0,1,0,3,1,0,5,3,0,-3,2,1955,1,2,572,0,0,0,264,0,0,0,0,0,-3,-2,-3,0,1,2006,5,3,145000
2347,527328010,85,1,69.22459,10464,1,-1,0,1,1,-2,1,-5,2,2,2,-3,6,6,1980,1980,2,2,3,3,1,130,0,0,2,1,0,1,3,850,-2,0,138,988,1,0,1,2,1102,0,0,1102,1,0,1,0,2,1,0,5,3,1,0,2,1980,0,2,582,0,0,0,140,22,0,0,0,0,-3,-2,-3,0,6,2006,5,3,169000
2353,527358090,85,1,69.22459,9927,1,-1,0,1,1,2,1,-5,2,2,2,-3,7,5,1976,1976,2,2,-5,-6,-2,252,1,0,2,2,0,2,3,1005,-2,0,42,1047,1,0,1,2,1083,0,0,1083,1,0,1,0,2,1,0,5,3,1,-1,2,1976,0,2,596,0,0,0,444,0,40,0,0,0,-3,-2,-3,0,7,2006,5,3,172000
2356,527376090,20,1,78,10140,1,-1,1,1,1,2,1,-5,2,2,2,3,5,6,1975,1975,2,2,3,3,-1,0,0,0,2,1,0,-1,2,788,-2,0,268,1056,1,2,1,2,1074,0,0,1074,1,0,1,1,3,1,0,6,3,0,-3,2,1975,0,2,495,0,0,0,0,88,0,0,0,0,-3,1,-3,0,7,2006,5,3,153500
2358,527377030,20,1,78,10140,1,-1,1,1,1,2,1,-5,2,2,2,3,6,6,1974,1999,0,2,3,3,1,99,0,0,2,0,0,-1,2,663,-1,377,0,1040,1,-1,1,2,1309,0,0,1309,1,0,1,1,3,1,1,5,3,1,-1,2,1974,0,2,484,0,0,0,265,0,0,0,0,648,-1,2,-3,0,1,2006,5,3,181000
2359,527378010,20,1,80,10000,1,-1,1,1,1,2,1,-5,2,2,2,3,6,6,1974,1974,2,2,3,-1,1,176,0,0,2,0,0,-1,2,755,-2,0,348,1103,1,0,1,2,1103,0,0,1103,0,0,2,0,3,1,0,6,3,0,-3,2,1974,-1,2,462,0,0,0,295,84,0,0,0,0,-3,0,-3,0,6,2006,5,3,155000
2362,527403120,20,1,69.22459,8125,1,-1,0,1,1,1,1,-1,2,2,2,3,4,4,1971,1971,2,2,3,3,-1,0,0,0,2,0,0,-1,1,614,-2,0,244,858,1,0,1,2,858,0,0,858,0,0,1,0,3,1,0,5,3,0,-3,-3,1978.132443,-2,0,0,-3,-3,0,0,0,0,0,0,0,-3,-2,-3,0,6,2006,5,3,88000
2363,527404180,20,1,60,7200,1,-1,1,1,1,2,1,-1,2,2,2,3,4,4,1971,1971,2,2,3,3,-1,0,0,0,2,0,0,-1,0,20,-1,620,224,864,1,0,1,2,874,0,0,874,0,1,1,0,3,1,0,5,3,0,-3,-2,1995,-1,2,576,0,0,0,63,0,0,0,0,0,-3,-2,-3,0,3,2006,5,3,97500
2364,527427210,120,0,26,8773,1,-1,-1,1,1,-1,1,-1,2,2,-1,3,6,5,2002,2002,2,2,1,1,-1,0,1,0,1,1,0,-1,3,951,-2,0,536,1487,1,2,1,2,1419,0,0,1419,1,0,2,0,2,1,1,4,3,0,-3,2,2002,1,2,543,0,0,0,196,68,0,0,0,0,-3,-2,-3,0,9,2006,5,3,190000
2365,527450010,160,3,24,2760,1,-1,1,1,1,2,1,12,2,2,-1,0,6,5,1973,1973,2,2,3,3,1,514,0,0,2,0,0,-1,-2,0,-2,0,525,525,1,0,1,2,525,567,0,1092,0,0,1,1,3,1,0,6,3,0,-3,-2,1973,-1,2,440,0,0,0,0,0,0,0,0,0,-3,-2,-3,0,12,2006,5,3,105500
2366,527450080,160,3,24,2160,1,-1,1,1,1,2,1,12,2,2,-1,0,5,6,1973,1973,2,2,3,3,1,200,0,0,2,0,0,-1,-1,402,-2,0,363,765,1,1,1,2,765,600,0,1365,0,0,1,1,3,1,1,7,2,1,-1,2,1973,-1,2,440,0,0,0,0,36,0,0,0,0,-3,-2,-3,0,6,2006,5,3,125500
2367,527450210,160,3,21,1953,1,-1,1,1,1,2,1,12,2,2,-2,0,6,5,1973,1973,2,2,3,3,1,408,0,0,2,0,-1,-1,1,309,-2,0,174,483,1,0,1,2,483,504,0,987,0,0,1,1,2,1,0,5,3,0,-3,-2,1973,-1,1,264,0,0,0,72,0,0,0,0,0,-3,-2,-3,0,6,2006,5,3,83000
2368,527450460,160,3,21,1890,1,-1,1,1,1,2,1,12,2,2,-2,0,6,7,1972,1972,2,2,3,3,1,380,0,0,2,0,0,-1,2,282,-2,0,212,494,1,2,1,2,494,536,0,1030,0,0,1,1,3,1,0,6,3,0,-3,-2,1973,-1,1,264,0,0,0,0,0,0,0,0,0,-3,-2,-3,0,7,2006,5,3,116000
2370,527451380,160,3,21,1680,1,-1,1,1,1,2,1,12,2,2,-2,0,6,7,1972,1972,2,2,3,3,1,281,0,0,2,0,0,-1,1,317,-2,0,355,672,1,1,1,2,672,546,0,1218,0,1,1,1,3,1,0,7,3,0,-3,-2,1972,-1,1,264,0,0,0,0,28,0,0,0,0,-3,-2,-3,0,5,2006,5,3,118000
2371,527451450,160,3,21,1680,1,-1,1,1,1,2,1,12,2,2,-2,0,6,5,1972,1972,2,2,3,3,1,504,0,0,2,0,0,-1,2,276,-2,0,207,483,1,0,1,2,483,465,0,948,0,0,1,1,2,1,0,5,3,0,-3,-2,1972,-1,1,264,0,0,0,0,0,0,0,0,0,-3,-2,-3,0,7,2006,5,3,89000
2372,527451460,160,3,21,1680,1,-1,1,1,1,2,1,12,2,2,-2,0,6,5,1972,1972,2,2,3,3,1,504,0,0,2,0,0,-1,1,382,-2,0,143,525,1,1,1,2,525,567,0,1092,0,0,1,1,3,1,0,6,3,0,-3,-2,1972,-1,1,264,0,0,0,352,0,0,0,0,0,-3,2,-3,0,10,2006,5,3,108000
2373,527451520,160,3,21,1680,1,-1,1,1,1,2,1,12,2,2,-2,0,6,5,1972,1972,2,2,3,3,1,297,0,0,2,0,0,-1,-2,0,-2,0,483,483,1,0,1,2,483,504,0,987,0,0,1,1,2,1,0,5,3,1,-2,2,1972,-1,1,288,0,0,0,0,0,0,0,0,0,-3,-2,-3,0,6,2006,5,3,94500
2374,527452070,120,1,53,4043,1,-1,1,1,1,2,1,-3,2,2,-1,3,6,5,1975,1975,2,2,-1,-1,-1,0,0,0,2,1,0,-1,2,727,1,156,186,1069,1,1,1,2,1069,0,0,1069,0,1,2,0,2,1,0,4,3,1,-2,2,1975,0,2,440,0,0,0,0,55,0,0,225,0,-3,-2,-3,0,7,2006,5,3,146300
2375,527452290,20,1,65,7514,1,-1,1,1,1,2,1,-1,2,2,2,3,5,7,1967,1975,0,2,1,1,-1,0,0,0,2,0,0,0,2,373,0,108,462,943,1,0,1,2,1387,0,0,1387,1,0,1,0,3,1,0,6,3,1,0,2,1974,0,1,300,0,0,0,0,0,240,0,0,0,-3,-2,-3,0,9,2006,5,3,145000
2376,527452310,85,1,68,7838,1,-1,1,1,1,2,1,-1,2,2,2,-3,5,5,1967,1967,2,2,3,3,-1,0,0,0,2,0,0,1,2,769,-2,0,95,864,1,0,1,2,900,0,0,900,1,0,1,0,3,1,0,6,3,1,-2,2,1967,0,1,288,0,0,0,175,144,0,0,0,0,-3,-1,-3,0,12,2006,5,3,123000
2377,527453070,120,1,24,2280,1,-1,1,1,1,-1,1,-3,2,2,-2,3,7,7,1976,1976,2,2,-1,7,-1,0,0,0,2,0,0,-1,2,120,1,492,443,1055,1,0,1,2,1055,0,0,1055,1,0,2,0,2,1,0,4,3,0,-3,2,1976,-1,1,319,0,0,0,0,29,0,0,0,0,-3,-2,-3,0,4,2006,5,3,137500
2378,527455100,160,1,24,2179,1,-1,1,1,1,2,1,-3,2,2,-2,0,6,5,1976,1976,2,2,-1,7,-1,0,0,0,2,1,0,-1,2,70,-2,0,785,855,1,1,1,2,855,601,0,1456,0,0,2,1,3,1,0,6,3,1,0,2,1976,0,2,460,0,0,0,0,28,0,0,0,0,-3,-2,-3,0,7,2006,5,3,144000
2404,528174080,120,1,43,7052,1,-1,0,1,1,2,1,-4,2,2,-1,3,7,5,2005,2005,2,2,-5,-5,-2,240,1,0,1,1,0,1,3,659,-2,0,705,1364,1,2,1,2,1364,0,0,1364,1,0,2,0,2,1,1,6,3,1,1,2,2005,0,2,484,0,0,0,192,36,0,0,0,0,-3,-2,-3,0,6,2006,5,3,185850
2410,528188040,120,1,69.22459,3136,1,-1,0,1,1,1,1,-4,2,2,-1,3,7,5,2003,2003,2,2,-5,-6,-2,163,1,0,1,1,0,-1,-2,0,-2,0,1405,1405,1,2,1,2,1405,0,0,1405,0,0,2,0,2,1,1,6,3,1,1,2,2003,0,2,478,0,0,0,148,36,0,0,0,0,-3,-2,-3,0,3,2006,5,3,171750
2422,528228340,120,1,69.22459,3196,1,-1,1,1,1,2,1,6,2,2,-1,3,8,5,2003,2003,2,2,-5,-5,1,40,1,0,1,1,0,2,-2,0,-2,0,1273,1273,1,2,1,2,1456,0,0,1456,0,0,2,0,2,1,1,7,3,1,0,2,2003,1,2,400,0,0,0,143,20,0,0,0,0,-3,-2,-3,0,5,2006,5,3,215000
2424,528228415,120,3,69.22459,3072,1,-1,1,1,1,2,1,6,2,2,-1,3,7,5,2004,2004,0,2,-5,-5,1,18,1,0,1,1,0,-1,-2,0,-2,0,1375,1375,1,2,1,2,1414,0,0,1414,0,0,2,0,2,1,1,6,3,1,0,2,2004,1,2,398,0,0,0,144,20,0,0,0,0,-3,-2,-3,0,5,2006,5,3,178740
2433,528235130,60,1,74,9056,1,-1,0,1,1,2,1,6,2,2,2,0,8,5,2004,2004,2,2,-5,-5,-1,0,1,0,1,2,1,1,-2,0,-2,0,707,707,1,2,1,2,707,707,0,1414,0,0,2,1,3,1,1,6,3,1,1,2,2004,1,2,403,0,0,0,100,35,0,0,0,0,-3,-2,-3,0,10,2006,5,3,178000
2469,528488120,20,-2,62,7500,1,1,1,1,1,2,1,-10,2,2,2,3,7,5,2005,2005,2,2,-5,-5,-1,0,1,0,1,1,0,-1,-2,0,-2,0,1257,1257,1,2,1,2,1266,0,0,1266,0,0,2,0,3,1,1,6,3,1,0,2,2005,-1,2,453,0,0,0,38,144,0,0,0,0,-3,-2,-3,0,4,2006,5,3,176000
2471,531363080,20,1,74,7733,1,-1,0,1,1,2,1,-9,2,2,2,3,6,5,2005,2005,2,2,-5,-5,-1,0,0,0,1,0,0,0,3,24,-2,0,1118,1142,1,2,1,2,1142,0,0,1142,0,0,1,1,3,1,1,5,3,0,-3,-3,1978.132443,-2,0,0,-3,-3,0,4,50,0,0,0,0,-3,-2,-3,0,1,2006,5,3,139500
2481,531452080,120,1,50,7175,1,-1,1,1,1,2,1,-9,2,2,-1,3,6,5,1990,1991,2,2,-1,-1,-1,0,1,0,1,1,0,-1,3,904,-2,0,494,1398,1,1,1,2,1398,0,0,1398,1,0,2,0,2,1,1,5,3,0,-3,2,1990,0,2,542,0,0,0,0,46,0,0,0,0,-3,1,-3,0,7,2006,5,3,172000
2482,531452100,120,1,50,7175,1,-1,1,1,1,2,1,-9,2,2,-1,3,6,5,1991,1991,2,2,-1,-1,-1,0,1,0,1,1,0,-1,3,278,-2,0,939,1217,1,1,1,2,1217,0,0,1217,0,0,2,0,2,1,1,5,3,0,-3,2,1991,0,2,484,0,0,0,0,64,0,0,0,0,-3,-2,-3,0,6,2006,5,3,151000
2483,531452210,60,1,69.22459,9019,1,-1,0,1,1,2,1,-9,-4,2,2,0,6,5,1994,1994,2,2,-5,-5,-1,0,0,0,1,1,0,-1,2,274,-2,0,362,636,1,2,1,2,636,684,0,1320,0,0,2,1,3,1,1,6,3,0,-3,2,1994,1,2,472,0,0,0,0,40,0,0,0,0,-3,-2,-3,0,7,2006,5,3,150000
2484,531478010,20,0,69.22459,8900,1,-1,1,1,1,2,1,-9,2,2,2,3,4,4,1966,1966,2,2,3,3,-1,0,0,0,2,0,0,-1,0,1056,-2,0,0,1056,1,0,1,2,1056,0,0,1056,1,0,1,0,2,1,0,5,3,0,-3,-2,1966,-1,1,384,0,0,0,0,42,0,0,0,0,-3,1,-3,0,11,2006,5,3,107000
2486,532351060,20,1,70,9100,1,-1,1,1,1,2,1,-8,-4,2,2,3,5,4,1962,1962,0,2,-6,-6,1,51,0,0,2,0,0,-1,-1,36,-2,0,952,988,1,2,1,2,988,0,0,988,1,0,1,0,3,1,0,6,3,0,-3,-2,1977,-1,2,624,0,0,0,0,0,0,0,0,0,-3,-2,-3,0,7,2006,5,3,129500
2489,532353030,20,1,69.22459,9240,1,-1,0,1,1,2,1,-8,2,2,2,3,5,6,1962,2002,0,2,3,3,-1,0,0,0,2,0,0,-1,1,612,-2,0,252,864,1,1,1,2,1211,0,0,1211,0,0,1,0,2,1,0,6,2,1,0,-2,1972,-1,2,576,0,0,0,161,0,0,0,0,0,-3,1,-3,0,3,2006,5,3,144000
2490,532353180,80,1,88,8471,1,-1,0,1,1,1,1,-8,2,2,2,-4,6,7,1977,1995,2,2,3,-1,1,46,0,0,2,1,1,1,2,506,-2,0,0,506,1,0,1,2,1212,0,0,1212,1,0,1,0,3,1,0,6,3,1,0,2,1978,-1,2,492,0,0,0,292,12,0,0,0,0,-3,0,-3,0,7,2006,5,3,151000
2491,532376080,20,1,69.22459,9308,1,-1,0,1,1,0,1,-8,-3,2,2,3,5,5,1965,1965,2,2,3,3,-1,0,0,0,2,0,0,-1,0,554,-2,0,430,984,1,0,1,2,984,0,0,984,0,0,1,0,3,1,0,5,3,0,-3,2,1965,-1,1,310,0,0,0,0,0,0,0,0,0,-3,1,-3,0,7,2006,5,3,126000
2492,532376180,20,1,65,8450,1,-1,1,1,1,2,1,-8,-4,2,2,3,5,6,1968,1968,2,2,-1,-1,1,90,0,0,2,0,0,-1,1,162,0,270,450,882,1,0,1,2,909,0,0,909,0,0,1,0,3,1,0,5,3,0,-3,2,1968,-1,1,294,0,0,0,0,155,0,0,0,0,-3,1,-3,0,11,2006,1,3,116000
2493,532376250,20,1,69.22459,8638,1,-1,0,1,1,2,1,-8,-4,2,2,3,5,6,1963,1963,2,2,3,3,-1,0,0,0,1,0,0,-1,2,181,-2,0,744,925,1,1,1,2,925,0,0,925,1,0,1,0,2,1,0,5,3,0,-3,-2,1990,-1,2,484,0,0,0,203,74,0,0,0,0,-3,-2,-3,0,10,2006,5,3,133500
2494,532378050,20,1,69.22459,13052,1,-1,0,1,1,0,1,-8,2,2,2,3,5,6,1965,1965,2,2,3,3,-1,0,0,0,2,0,0,-1,0,712,-2,0,312,1024,1,0,1,2,1024,0,0,1024,0,0,1,1,3,1,0,5,3,0,-3,2,1965,-1,1,308,0,0,0,0,0,0,0,0,0,-3,1,-3,0,1,2006,5,3,120875
2495,532378070,20,1,69.22459,13526,1,-1,0,1,1,0,1,-8,2,2,2,3,5,6,1965,1965,0,2,3,-1,1,114,0,0,2,0,0,-1,1,560,-1,375,0,935,1,0,1,2,935,0,0,935,1,0,1,0,3,1,0,5,3,0,-3,2,1965,-1,1,288,0,0,0,180,0,0,0,0,0,-3,1,-3,0,11,2006,5,3,137000
2496,532378130,20,1,69.22459,8020,1,-1,0,1,1,2,1,-8,2,2,2,3,5,6,1964,1964,2,2,3,3,-1,0,0,0,2,0,0,-1,2,644,-2,0,268,912,1,0,-1,2,912,0,0,912,0,0,1,0,3,1,0,6,3,0,-3,-3,1978.132443,-2,0,0,-3,-3,0,0,0,0,0,0,0,-3,0,-3,0,4,2006,5,3,124000
2497,532378160,20,1,65,6993,1,-1,1,1,1,2,1,-8,3,2,2,3,5,7,1961,1994,2,2,3,-1,-1,0,0,0,2,0,0,-1,1,465,-2,0,447,912,1,0,1,2,1236,0,0,1236,0,0,1,0,3,1,0,6,3,1,0,2,1961,-1,1,288,0,0,0,0,0,0,0,0,0,-3,-2,-3,0,6,2006,5,3,135000
2498,532378220,20,1,69.22459,8789,1,-1,0,1,1,2,1,-8,2,2,2,3,5,6,1967,1967,2,2,-5,-5,-1,0,0,0,2,0,0,0,0,659,-2,0,253,912,1,0,1,2,941,0,0,941,0,0,1,0,3,1,0,6,3,1,-2,2,1967,-1,1,288,0,0,0,64,0,0,0,0,0,-3,-2,-3,0,6,2006,5,3,129200
2505,533206040,120,-2,34,3628,1,1,1,1,1,2,1,-10,2,2,-1,3,7,5,2004,2004,2,2,1,1,-1,0,1,0,1,1,0,-1,-2,0,-2,0,1143,1143,1,2,1,2,1143,0,0,1143,0,0,1,1,1,1,1,5,3,1,1,2,2004,0,2,588,0,0,0,0,191,0,0,0,0,-3,-2,-3,0,5,2006,5,3,176400
2506,533208050,120,-2,37,3316,1,1,0,1,1,2,1,-10,2,2,-1,3,8,5,2005,2005,2,2,1,1,-1,0,1,0,1,1,0,-1,3,1039,-2,0,208,1247,1,2,1,2,1247,0,0,1247,1,0,1,1,1,1,1,4,3,1,1,2,2005,1,2,550,0,0,0,0,84,0,0,0,0,-3,-2,-3,0,4,2006,5,3,197000
2507,533212100,160,-2,30,3180,1,1,1,1,1,2,1,-10,2,2,-1,0,7,5,2005,2005,2,2,1,1,-1,0,0,0,1,1,0,-1,-2,0,-2,0,600,600,1,2,1,2,520,600,80,1200,0,0,2,1,2,1,1,4,3,0,-3,-2,2005,0,2,480,0,0,0,0,166,0,0,0,0,-3,-2,-3,0,6,2006,5,3,151000
2508,533212110,160,-2,24,2544,1,1,1,1,1,2,1,-10,2,2,-2,0,7,5,2005,2005,2,2,1,1,-1,0,1,0,1,1,0,-1,-2,0,-2,0,600,600,1,2,1,2,520,623,80,1223,0,0,2,1,2,1,1,4,3,0,-3,-2,2005,0,2,480,0,0,0,0,166,0,0,0,0,-3,-2,-3,0,7,2006,5,3,147400
2509,533212120,160,-2,24,2544,1,1,1,1,1,2,1,-10,2,2,-2,0,7,5,2005,2005,2,2,1,1,-1,0,1,0,1,1,0,-1,-2,0,-2,0,600,600,1,2,1,2,520,623,80,1223,0,0,2,1,2,1,1,4,3,0,-3,-2,2005,0,2,480,0,0,0,0,166,0,0,0,0,-3,-2,-3,0,7,2006,5,3,149900
2512,533223010,160,-2,35,3735,1,-1,1,1,1,-2,1,-10,2,2,-1,0,7,5,1999,1999,0,2,1,1,1,218,1,0,1,1,0,-1,3,450,-2,0,241,691,1,2,1,2,713,739,0,1452,1,0,2,1,3,1,1,6,3,0,-3,-2,1999,-1,2,506,0,0,0,0,34,0,0,0,0,-3,-2,-3,0,3,2006,5,3,183900
2513,533223080,160,-2,69.22459,2651,1,-1,1,1,1,-1,1,-10,2,2,-2,0,7,5,2000,2000,2,2,1,1,-1,0,1,0,1,1,0,-1,3,641,-2,0,32,673,1,2,1,2,673,709,0,1382,1,0,2,1,3,1,1,6,3,0,-3,-2,2000,-1,2,490,0,0,0,153,50,0,0,0,0,-3,-2,-3,0,4,2006,5,3,165000
2514,533223110,160,-2,69.22459,4447,1,-1,0,1,1,-1,1,-10,2,2,-1,0,7,5,2003,2003,2,2,-5,-5,-1,0,1,0,1,1,0,-1,-2,0,-2,0,530,530,1,2,1,2,530,550,0,1080,0,0,2,1,2,1,1,4,3,0,-3,2,2003,0,2,496,0,0,0,0,50,0,0,0,0,-3,-2,-3,0,7,2006,5,3,139000
2517,533250130,120,1,30,9549,1,-1,0,1,1,0,1,-13,2,2,-1,3,8,5,1995,1996,0,2,6,6,-1,0,1,1,1,1,1,1,-1,437,3,1057,0,1494,1,2,1,2,1494,0,0,1494,1,0,1,1,2,1,2,6,3,1,1,2,1995,1,2,481,0,0,0,0,30,0,0,216,0,-3,-2,-3,0,4,2006,5,3,270000
2518,533252020,20,1,69.22459,11250,1,-1,0,1,1,2,1,-13,2,2,2,3,6,6,1977,1977,2,2,-1,-1,-1,0,1,0,2,1,0,-1,2,767,-2,0,441,1208,1,0,1,2,1208,0,0,1208,1,0,1,1,3,1,0,6,3,1,0,2,1977,0,2,546,0,0,0,198,42,0,0,0,0,-3,-2,-3,0,6,2006,5,3,165000
2519,533253030,120,1,69.22459,3760,1,-1,0,1,1,0,1,5,2,2,-2,3,8,5,1980,1980,2,2,-6,-6,-1,0,1,0,2,1,0,2,3,1009,-1,182,44,1235,1,1,1,2,1235,0,0,1235,1,0,1,0,1,1,0,4,3,3,0,2,1980,1,2,484,0,0,0,133,78,0,0,0,0,-3,-2,-3,0,5,2006,5,3,214000
2520,533253050,120,1,36,3640,1,-1,0,1,1,0,1,5,2,2,-2,3,8,5,1980,1980,2,2,-6,-6,-1,0,1,0,2,1,0,2,3,860,-2,0,176,1036,1,0,1,2,1036,0,0,1036,1,0,1,0,1,1,1,4,3,1,0,-2,1980,1,2,484,0,0,0,133,108,0,0,0,0,-3,-2,-3,0,9,2006,5,3,188000
2521,533253090,120,1,40,3874,1,-1,0,1,1,2,1,5,2,2,-1,3,8,5,1980,1980,2,2,-6,-6,-1,0,1,0,2,1,0,2,3,807,-2,0,419,1226,1,0,1,2,1226,0,0,1226,1,0,1,0,1,1,1,4,3,1,-1,2,1980,1,2,484,0,0,0,133,78,0,0,0,0,-3,-2,-3,0,7,2006,5,3,190000
2522,533253160,120,1,40,3876,1,-1,0,1,1,2,1,5,2,2,-2,3,8,5,1978,1978,2,2,-6,-1,-1,0,1,0,2,1,0,2,3,652,0,526,48,1226,1,0,1,2,1226,0,0,1226,1,0,1,0,1,1,1,4,3,1,0,2,1978,1,2,484,0,0,0,133,60,0,0,0,0,-3,-2,-3,0,7,2006,5,3,170000
2524,534125210,190,1,79,13110,1,-1,0,1,1,1,1,-5,0,3,1,3,5,6,1972,1972,2,2,-1,-1,1,144,0,0,2,1,0,-1,3,962,-2,0,191,1153,1,2,1,2,1193,0,0,1193,1,0,2,0,2,1,0,6,3,0,-3,2,1972,1,2,501,0,0,0,140,153,0,0,0,0,-3,1,-3,0,7,2006,5,3,146500
2527,534127270,60,1,90,11700,1,-1,1,1,1,1,1,-5,2,2,2,0,6,6,1968,1968,2,2,3,3,1,420,0,0,2,0,0,-1,2,404,-2,0,304,708,1,1,1,2,708,708,0,1416,0,0,2,1,3,1,0,7,3,1,0,2,1968,0,2,776,0,0,0,0,169,0,0,119,0,-3,-2,-3,0,5,2006,5,3,179900
2530,534175100,20,1,78,10140,1,-1,1,1,1,2,1,-5,0,2,2,3,7,6,1967,1967,0,2,3,3,1,264,0,0,2,0,0,-1,1,553,-1,68,713,1334,1,1,1,2,1334,0,0,1334,1,0,2,0,3,1,0,7,3,0,-3,2,1967,0,2,477,0,0,0,0,20,35,0,264,0,-3,-2,-3,0,4,2006,5,3,164500
2531,534176250,20,1,80,9600,1,-1,1,1,1,2,1,-5,2,2,2,3,7,5,1969,1969,0,2,3,3,1,168,0,0,2,0,0,-1,-2,0,-2,0,1164,1164,1,0,1,2,1164,0,0,1164,0,0,1,1,3,1,0,6,3,0,-3,2,1969,-1,2,528,0,0,0,0,0,0,0,0,0,-3,-2,-3,0,7,2006,1,3,140000
2532,534201130,80,1,75,9750,1,-1,1,1,1,2,1,-1,2,2,2,-4,5,5,1967,1967,2,2,-5,-5,-1,0,0,0,1,0,0,1,2,400,0,480,100,980,1,1,1,2,980,0,0,980,0,0,2,0,3,1,0,6,3,0,-3,2,1967,1,1,384,0,0,0,68,0,0,0,0,0,-3,-2,-3,0,10,2006,5,3,135500
2533,534201230,20,1,80,9600,1,-1,1,1,1,1,1,-1,3,2,2,3,5,5,1968,1968,2,2,1,1,-1,0,0,0,2,0,0,-1,2,758,-2,0,293,1051,1,1,1,2,1051,0,0,1051,1,0,1,0,3,1,0,6,3,0,-3,2,1968,0,2,504,0,0,0,0,0,0,0,0,0,-3,-2,-3,0,7,2006,5,3,142000
2536,534201280,20,1,70,8400,1,-1,1,1,1,2,1,-1,3,2,2,3,5,5,1968,1968,0,2,3,3,1,168,0,0,2,0,0,1,1,1016,-2,0,36,1052,1,1,1,2,1052,0,0,1052,1,0,1,1,3,1,0,5,3,0,-3,2,1968,0,1,288,0,0,0,356,0,0,0,0,0,-3,0,-3,0,11,2006,5,3,138500
2537,534201300,85,1,70,8400,1,-1,1,1,1,2,1,-1,3,2,2,-3,5,6,1968,1968,2,2,3,3,-1,0,0,0,2,1,0,2,3,744,-2,0,89,833,1,1,1,2,898,0,0,898,1,0,1,0,3,1,0,6,3,0,-3,2,1968,0,1,326,0,0,0,143,0,0,0,0,0,-3,-2,-3,0,8,2006,5,3,140000
2538,534202020,20,1,69.22459,9759,1,-1,0,1,1,2,1,-1,2,2,2,3,5,5,1966,1966,2,2,-1,-1,-1,0,0,0,2,0,0,-1,1,799,-2,0,252,1051,1,0,1,2,1051,0,0,1051,1,0,1,0,3,1,0,6,3,0,-3,2,1966,0,1,264,0,0,0,182,88,0,0,0,0,-3,-2,-3,0,3,2006,5,3,124400
2539,534202180,80,1,80,9600,1,-1,1,1,1,2,1,-1,2,2,2,-4,5,7,1967,1967,2,2,1,1,1,140,0,0,1,0,0,1,2,602,0,402,137,1141,1,1,1,2,1141,0,0,1141,1,0,1,0,3,1,0,6,3,0,-3,2,1967,-1,1,568,0,0,0,0,78,0,0,0,0,-3,-2,-3,0,7,2006,5,3,158000
2540,534226060,20,1,71,9230,1,-1,1,1,1,1,1,-1,3,2,2,3,5,8,1965,1998,0,2,1,1,1,166,0,0,2,0,0,0,3,661,-2,0,203,864,1,1,1,2,1200,0,0,1200,1,0,1,1,1,1,1,6,3,0,-3,-2,1977,-1,2,884,0,0,0,0,64,0,0,0,0,-3,1,-3,0,10,2006,5,3,146000
2542,534275010,20,1,69.22459,10659,1,-1,0,1,1,2,1,-1,2,2,2,3,5,6,1961,1961,0,2,-6,-6,-1,0,0,0,2,0,0,-1,0,915,-2,0,135,1050,1,0,1,2,1050,0,0,1050,1,0,1,0,3,1,0,6,3,0,-3,2,1961,-1,1,368,0,0,0,0,319,0,0,0,0,-3,-2,-3,0,1,2006,1,3,136500
2543,534276010,20,1,70,9100,1,-1,1,1,1,1,1,-1,3,2,2,3,5,5,1958,1958,2,2,-5,-5,-1,0,0,0,2,0,0,-1,1,521,-1,174,169,864,1,0,1,2,864,0,0,864,1,0,1,0,3,1,0,5,3,0,-3,-2,1964,-1,2,624,0,0,0,0,0,0,0,0,0,-3,-2,-3,0,7,2006,5,3,129900
2546,534403280,20,1,80,8800,1,-1,1,1,1,2,1,-1,2,2,2,3,6,6,1964,1964,0,2,3,3,1,425,0,0,2,0,0,-1,1,553,-2,0,698,1251,1,0,1,2,1251,0,0,1251,1,0,1,0,3,1,0,6,3,2,1,2,1964,0,1,461,0,0,0,0,116,0,0,0,0,-3,1,-1,700,3,2006,5,3,160000
2547,534403400,20,1,69.22459,10368,1,-1,0,1,1,0,1,-1,2,2,2,3,6,6,1964,1964,0,2,3,3,1,112,0,0,2,0,0,-1,2,260,-1,748,0,1008,1,2,1,2,1488,0,0,1488,1,0,1,1,3,1,0,7,3,1,1,2,1964,1,2,430,0,0,0,154,60,0,0,0,0,-3,-2,-3,0,4,2006,5,3,167000
2548,534403440,60,1,85,9350,1,-1,1,1,1,2,1,-1,2,2,2,0,5,6,1964,1964,2,2,3,3,-1,0,0,0,2,0,0,-1,2,360,-2,0,360,720,1,1,1,2,720,720,0,1440,0,0,1,1,4,1,0,7,3,1,-2,2,1964,1,2,480,0,0,0,0,32,240,0,0,0,-3,-2,-3,0,7,2006,5,3,157500
2549,534427090,190,1,75,10382,1,-1,1,1,1,2,1,-1,2,2,1,-4,6,5,1958,1958,0,2,3,3,1,105,0,-1,2,0,0,2,2,513,-2,0,75,588,1,0,1,2,1095,0,0,1095,1,0,1,0,2,1,0,6,3,0,-3,2,1958,0,1,264,0,0,0,0,0,0,0,0,0,-3,-2,-3,0,3,2006,-3,3,140000
2551,534429130,20,1,80,10800,1,-1,1,1,1,2,1,-1,2,2,2,3,5,7,1960,1960,0,2,-6,-6,1,88,0,0,2,0,0,-1,2,632,-2,0,616,1248,1,2,1,2,1248,0,0,1248,1,0,1,0,3,1,0,6,3,0,-3,2,1960,-1,1,286,0,0,0,0,0,0,0,0,0,-3,1,-3,0,5,2006,5,3,151500
2552,534430050,30,1,60,8550,1,-1,1,1,1,2,1,-1,2,2,2,3,6,8,1934,1950,2,2,1,1,-1,0,0,0,2,0,0,-1,1,574,-2,0,242,816,1,2,1,2,816,0,0,816,1,0,1,0,2,1,0,4,3,1,-1,2,1949,-1,1,240,0,0,0,228,0,40,0,0,0,-3,1,-3,0,7,2006,5,3,129800
2553,534430110,20,1,69.22459,11425,1,-1,0,1,1,1,1,-1,2,2,2,3,5,6,1954,1954,2,2,6,6,-1,0,0,0,2,0,0,-1,1,486,-2,0,522,1008,1,1,1,2,1008,0,0,1008,0,0,1,0,2,1,0,4,3,1,1,2,1954,0,1,275,0,0,0,0,0,120,0,0,0,-3,-2,-3,0,7,2006,5,3,137000
2554,534431030,20,1,68,9724,1,-1,1,1,1,2,1,-1,2,2,2,3,5,7,1947,1950,0,2,6,6,-1,0,0,0,2,0,0,-1,-2,0,-2,0,938,938,1,2,1,2,1043,0,0,1043,0,0,1,0,2,1,0,5,3,1,1,-2,1947,-1,1,273,0,0,0,125,48,0,0,0,0,-3,0,-3,0,5,2006,5,3,137000
2556,534451120,30,1,51,5900,1,-1,0,0,1,2,1,11,2,2,2,3,4,7,1923,1958,2,2,-6,-6,-1,0,0,0,1,1,0,-1,-2,0,-2,0,440,440,1,0,1,1,869,0,0,869,0,0,1,0,2,1,-1,4,3,0,-3,-3,1978.132443,-2,0,0,-3,-3,0,0,0,0,0,0,0,-3,-2,-3,0,8,2006,5,3,85500
2557,534451130,30,1,52,5825,1,-1,0,1,1,2,1,11,2,2,2,3,4,5,1926,1953,2,2,1,1,1,108,0,1,1,-1,0,0,-2,0,-2,0,600,600,1,1,1,2,747,0,0,747,0,0,1,0,1,1,0,5,3,0,-3,-2,1953,-1,2,528,0,0,0,0,0,32,0,0,0,-3,-2,-3,0,6,2006,5,3,79900
2558,534453150,50,1,92,7438,1,-1,0,1,1,2,1,11,0,3,2,2,5,8,1908,1991,2,2,9,-1,-1,0,0,0,1,-1,0,-1,-2,0,-2,0,504,504,1,1,1,2,936,316,0,1252,0,0,1,0,3,1,0,5,3,0,-3,2,1986,-1,2,576,0,0,0,104,0,0,0,0,0,-3,1,-3,0,6,2006,5,3,127000
2559,534455080,20,1,80,9600,1,-1,1,1,1,2,1,-1,2,2,2,3,5,6,1961,1990,2,2,-7,-6,-1,0,0,0,2,0,0,0,1,915,-2,0,336,1251,1,0,1,2,1433,0,0,1433,1,0,1,0,3,1,0,7,2,1,1,2,1961,-1,2,441,0,0,0,144,0,205,0,0,0,-3,-2,-3,0,6,2006,5,3,161000
2561,534476100,20,1,80,9600,1,-1,1,1,1,2,1,-1,2,2,2,3,5,5,1951,1951,2,2,3,3,-2,144,0,0,2,0,0,-1,2,996,-2,0,60,1056,1,2,1,1,1216,0,0,1216,1,0,1,0,3,1,0,7,3,0,-3,2,1951,0,1,280,0,0,0,0,0,0,0,0,0,-3,-2,-3,0,5,2006,5,3,135000
2565,534479300,20,1,82,9888,1,-1,1,1,1,2,1,-1,2,2,2,3,5,6,1954,1975,2,2,1,1,-1,0,0,1,2,0,0,-1,1,486,-2,0,450,936,1,0,1,1,936,0,0,936,0,0,1,0,2,1,0,5,3,0,-3,2,1954,-1,1,240,0,0,0,0,0,160,0,0,0,-3,1,-3,0,3,2006,5,3,121000
2567,535103070,80,1,69.22459,12700,1,-1,0,1,1,2,1,-1,2,2,2,-4,6,5,1964,1964,2,2,3,3,-1,0,0,0,2,0,0,-1,2,939,-2,0,307,1246,1,0,1,2,1246,0,0,1246,1,0,1,0,3,1,0,6,3,2,1,2,1964,0,2,441,0,0,0,0,69,0,0,0,0,-3,-2,-3,0,11,2006,5,3,172000
2572,535151080,20,1,109,9723,1,-1,0,1,1,1,1,-1,2,2,2,3,6,7,1963,1963,0,2,1,1,1,332,0,0,2,0,0,-1,-2,0,-2,0,1008,1008,1,0,1,2,1008,0,0,1008,0,0,1,0,2,1,0,5,3,0,-3,2,1963,0,2,430,0,0,0,0,0,0,0,0,0,-3,-2,-3,0,10,2006,5,3,135000
2573,535151130,90,1,70,7728,1,-1,1,1,1,2,1,-1,2,2,0,-4,5,6,1962,1962,0,2,-6,-6,1,120,0,0,2,0,0,1,2,803,-2,0,303,1106,1,0,1,2,1190,0,0,1190,1,0,1,0,3,1,0,6,3,0,-3,2,1962,-1,2,540,0,0,0,0,18,0,0,0,0,-3,0,-3,0,5,2006,5,3,132500
2574,535152070,80,1,70,8163,1,-1,1,1,1,2,1,-1,2,2,2,-4,5,6,1959,1959,2,2,3,3,1,128,0,1,2,0,0,1,2,748,1,294,102,1144,1,0,1,2,1144,0,0,1144,1,0,1,0,3,1,0,6,3,1,0,2,1959,0,1,796,0,0,0,86,0,0,0,0,0,-3,-2,-3,0,3,2006,5,3,143000
2575,535152280,20,1,70,8400,1,-1,1,1,1,1,1,-1,3,2,2,3,5,5,1957,1957,2,2,6,6,-1,0,0,0,2,-1,0,0,1,623,-2,0,556,1179,1,1,1,2,1364,0,0,1364,0,0,1,1,3,1,0,6,3,1,1,2,1957,0,1,331,0,0,0,0,60,0,0,0,0,-3,2,-3,0,3,2006,5,3,132000
2576,535176050,20,1,80,11600,1,-1,1,1,1,2,1,-1,2,2,2,3,6,5,1960,1960,0,2,-6,-6,1,175,0,0,2,0,0,-1,0,565,-2,0,818,1383,1,0,1,2,1383,0,0,1383,0,0,1,1,3,1,0,7,3,0,-3,2,1960,0,1,292,0,0,0,0,45,0,0,0,0,-3,-2,-3,0,4,2006,5,3,145250
2577,535177100,20,1,69.22459,9610,1,-1,0,1,1,1,1,-1,3,2,2,3,6,6,1958,1958,0,2,-6,-6,1,632,0,0,2,0,0,-1,0,203,-2,0,918,1121,1,2,1,1,1336,0,0,1336,0,0,1,1,3,1,0,7,3,1,0,2,1958,0,2,488,0,0,0,80,0,0,0,0,0,-3,-2,-3,0,12,2006,5,3,162000
2578,535178100,80,1,125,10000,1,-1,1,1,1,1,1,-1,2,2,2,-4,5,6,1956,1956,0,2,-6,-6,1,272,0,0,2,0,0,1,1,678,0,281,99,1058,1,2,1,2,1370,0,0,1370,1,0,1,0,3,1,0,6,3,1,0,1,1956,0,1,300,0,0,0,191,0,0,0,120,0,-3,1,-3,0,2,2006,5,3,148000
2579,535179050,20,1,69,14850,1,-1,0,1,1,2,1,-1,2,2,2,3,5,5,1957,1957,2,2,-6,-6,-1,0,0,0,2,0,0,-1,0,895,-2,0,197,1092,1,0,1,1,1092,0,0,1092,1,0,1,0,2,1,0,6,3,1,0,2,1957,1,1,299,0,0,0,268,0,0,0,122,0,-3,-1,-3,0,5,2006,5,3,141000
2580,535180020,20,1,72,10152,1,-1,1,1,1,2,1,-1,2,2,2,3,6,6,1956,1994,2,2,-6,-6,-1,0,0,0,2,0,0,1,1,914,-2,0,210,1124,1,2,1,2,1124,0,0,1124,1,0,1,0,3,1,0,6,3,1,0,2,1956,1,1,353,0,0,0,0,211,180,0,142,0,-3,-2,-3,0,5,2006,5,3,153000
2581,535180070,20,1,72,10011,1,-1,0,1,1,2,1,-1,2,2,2,3,5,6,1957,1996,2,2,3,3,1,64,0,0,2,0,0,-1,1,360,-2,0,710,1070,1,0,1,2,1236,0,0,1236,0,1,1,0,2,1,1,6,2,1,-1,2,1957,-1,1,447,0,0,0,0,0,0,0,0,0,-3,1,-3,0,5,2006,5,3,134450
2582,535301010,90,1,69.22459,7032,1,-1,0,1,1,1,1,-1,2,2,0,-3,5,5,1979,1979,2,2,1,1,-1,0,0,0,2,1,0,2,3,943,-2,0,0,943,1,0,1,2,943,0,0,943,1,0,1,0,2,1,0,4,3,2,0,-2,1979,-1,2,600,0,0,0,42,0,0,0,0,0,-3,-2,-3,0,12,2006,5,3,135960
2584,535303050,20,1,75,11310,1,-1,1,1,1,2,1,-1,2,2,2,3,6,5,1954,1954,0,2,-6,6,-1,0,0,0,2,0,0,-1,-2,0,-2,0,1367,1367,1,2,1,2,1375,0,0,1375,0,0,1,0,2,1,0,5,3,1,0,2,1954,-1,2,451,0,0,0,0,30,0,0,0,0,-3,-2,-3,0,6,2006,5,3,140000
2585,535304020,20,1,66,12778,1,-1,1,1,1,2,1,-1,2,2,2,3,5,6,1952,2003,2,2,1,1,-1,0,0,0,2,0,0,-1,3,658,-2,0,350,1008,1,2,1,1,1008,0,0,1008,1,0,1,0,2,1,0,4,3,0,-3,2,1952,0,1,280,0,0,0,0,154,0,0,0,0,-3,1,-3,0,1,2006,5,3,139500
2587,535325130,80,1,55,7700,1,-1,1,1,1,2,1,-1,2,2,2,-4,5,7,1956,1956,2,2,-5,-5,-1,0,0,0,2,1,0,-1,1,271,-2,0,30,301,1,2,1,1,1145,0,0,1145,0,0,1,0,3,1,0,6,1,0,-3,-2,1993,-1,2,684,0,0,0,0,0,0,0,0,0,-3,0,-3,0,9,2006,5,3,127000
2588,535325340,20,1,65,11050,1,-1,1,1,1,2,1,-1,2,2,2,3,5,5,1956,1956,0,2,-6,-6,-1,0,0,0,2,0,0,-1,-1,488,-2,0,517,1005,1,2,1,2,1005,0,0,1005,0,0,1,0,2,1,0,6,3,1,0,2,1956,-1,1,319,0,0,0,0,0,0,0,288,0,-3,-2,-3,0,7,2006,5,3,133500
2589,535325350,20,1,80,13600,1,-1,1,0,1,2,1,-1,2,2,2,3,5,6,1955,1955,2,2,3,3,-1,0,0,0,2,0,0,-1,0,144,1,912,0,1056,1,1,1,2,1056,0,0,1056,1,0,1,1,3,1,0,6,3,0,-3,2,1955,1,1,300,0,0,0,0,0,0,0,0,0,-3,1,-1,650,11,2006,5,3,125000
2590,535325450,20,1,85,15428,1,-1,1,1,1,2,1,-1,2,2,2,3,5,6,1951,1991,0,2,1,1,-1,0,0,0,2,0,0,-1,0,741,-2,0,143,884,1,2,1,2,884,0,0,884,1,0,1,0,2,1,0,4,3,0,-3,2,1951,1,1,270,0,0,0,0,0,0,0,195,0,-3,-2,-3,0,6,2006,5,3,142000
2592,535327210,20,1,70,13300,1,-1,1,1,1,2,1,-1,2,2,2,3,5,5,1956,2001,0,2,-6,-5,-1,0,0,0,2,0,0,-1,0,494,-2,0,521,1015,1,1,1,2,1384,0,0,1384,1,0,1,0,2,1,0,6,2,0,-3,2,2001,-1,2,896,0,0,0,75,0,0,323,0,0,-3,-2,-1,400,6,2006,5,3,159000
2594,535354130,50,1,50,7500,1,-1,1,1,1,2,1,-1,2,2,2,2,6,6,1947,1950,2,2,-5,-5,-1,0,0,0,2,0,0,-1,-2,0,-2,0,784,784,1,2,1,1,900,412,0,1312,0,0,1,1,3,1,0,6,3,0,-3,-2,1953,-1,2,649,0,0,0,0,28,0,0,0,0,-3,-2,-3,0,10,2006,5,3,127000
2595,535355100,50,1,50,7000,1,-1,1,1,1,1,1,-6,4,2,2,2,6,6,1924,1950,2,2,1,1,-1,0,0,1,3,-1,0,-1,-1,617,-2,0,0,617,1,1,1,2,865,445,0,1310,0,0,2,0,2,1,0,6,2,0,-3,2,1924,-1,1,398,0,0,0,0,0,126,0,0,0,-3,-2,-3,0,5,2006,1,3,112000
2596,535375040,30,1,60,10410,1,0,1,1,1,2,1,-6,2,2,2,3,3,8,1930,2001,2,2,-5,-5,-1,0,0,1,1,0,0,-1,-2,0,-2,0,713,713,1,2,1,2,713,0,0,713,0,0,1,0,2,1,1,5,3,0,-3,-2,1936,-1,1,371,-1,-1,-1,0,75,161,0,0,0,-3,-2,-3,0,10,2006,5,3,99800
2597,535376090,20,1,90,5400,1,-1,1,1,1,2,1,-6,2,2,2,3,5,7,1954,2000,2,2,1,1,-1,0,0,1,2,0,0,-1,0,415,-2,0,418,833,1,2,1,2,833,0,0,833,0,0,1,0,2,1,1,4,3,0,-3,-2,1955,-1,1,326,0,0,0,0,0,0,0,0,0,-3,1,-3,0,8,2006,5,3,117000
2599,535377070,30,1,60,10914,1,0,1,1,1,2,1,-1,4,2,2,3,3,3,1929,1950,0,2,-6,-6,-1,0,0,-1,2,0,0,0,-2,0,-2,0,715,715,1,-1,-1,-1,715,0,0,715,0,0,1,0,2,1,0,4,3,0,-3,-2,1967,-1,2,660,-1,0,-1,0,0,75,0,112,0,-3,-2,-3,0,8,2006,5,3,68000
2600,535377100,50,1,60,7008,1,-1,1,1,1,1,1,-6,2,2,2,2,4,8,1900,1998,2,2,1,1,-1,0,0,1,3,-1,-1,-1,-2,0,-2,0,448,448,1,2,1,2,448,272,0,720,0,0,1,0,1,1,-1,5,3,0,-3,2,1900,-1,1,280,-1,0,0,0,0,70,0,0,0,-3,-2,-3,0,3,2006,5,3,86900
2601,535379100,30,1,60,10800,1,0,1,1,1,2,1,-6,2,2,2,3,5,6,1920,1950,0,2,-4,-4,-1,0,0,0,3,0,0,-1,0,821,-2,0,299,1120,1,2,1,2,1130,0,0,1130,1,0,1,0,2,1,0,5,3,1,1,-2,1970,-1,2,720,0,0,0,229,0,0,0,0,0,-3,-2,-3,0,6,2006,5,3,120000
2606,535382130,50,1,60,10800,1,0,1,1,1,2,1,-6,2,2,2,2,5,8,1936,1989,2,2,-6,-6,-1,0,0,0,2,-1,0,-1,2,626,-2,0,170,796,1,1,1,2,1096,370,0,1466,0,1,2,0,3,1,1,7,2,1,0,2,1950,-1,2,566,0,0,0,436,21,0,0,0,0,-3,-2,-1,500,4,2006,5,3,170000
2608,535402070,80,1,85,13400,1,-1,1,1,1,2,1,-1,2,2,2,-4,5,5,1966,1966,2,2,-5,-5,1,1047,0,0,2,0,0,1,2,516,1,128,380,1024,1,0,1,2,1086,0,0,1086,1,0,1,0,3,1,0,6,3,1,1,2,1966,0,2,484,0,0,0,0,0,0,0,0,0,-3,0,-3,0,6,2006,5,3,159950
2609,535402100,80,1,83,10184,1,-1,1,1,1,2,1,-1,2,2,2,-4,6,5,1963,1963,2,2,3,3,1,379,0,0,2,0,0,1,2,580,-2,0,503,1083,1,0,1,2,1146,0,0,1146,0,1,1,0,3,1,0,6,3,1,1,2,1963,-1,1,294,0,0,0,345,75,0,0,0,0,-3,-2,-3,0,6,2006,5,3,165000
2611,535402230,20,1,77,9510,1,-1,1,1,1,2,1,-1,2,2,2,3,6,5,1962,1985,2,2,3,3,2,161,0,0,2,0,0,-1,2,701,-2,0,434,1135,1,2,1,2,1207,0,0,1207,0,0,1,1,3,1,0,6,3,0,-3,2,1962,0,1,264,0,0,0,0,240,0,0,0,0,-3,-2,-3,0,5,2006,5,3,147000
2613,535403150,20,1,79,8910,1,-1,1,1,1,1,1,-1,2,2,2,3,6,6,1959,1959,0,2,6,6,-1,0,0,0,2,0,0,0,2,655,-2,0,0,655,1,2,1,2,1194,0,0,1194,0,1,1,0,3,1,0,6,3,1,-1,0,1954,1,2,539,0,0,0,0,0,192,0,0,0,-3,-2,-3,0,7,2006,5,3,159500
2615,535404080,20,1,73,7100,1,-1,0,1,1,1,1,-1,2,2,2,3,5,7,1957,1957,2,2,-7,-6,-1,0,0,0,2,0,0,-1,3,708,-2,0,108,816,1,0,1,1,816,0,0,816,1,0,1,0,2,1,0,5,3,0,-3,-2,1957,-1,1,308,0,0,0,0,0,0,0,0,0,-3,-2,-3,0,7,2006,5,3,129900
2617,535425050,20,1,86,11650,1,-1,1,1,1,1,1,-1,-2,2,2,3,7,5,1959,1959,0,2,-1,-1,2,58,0,0,0,-3,-3,-2,-3,0,-3,0,0,0,1,1,1,1,1472,0,0,1472,0,0,2,0,2,1,1,5,3,1,1,2,1959,-1,2,484,0,0,0,0,68,0,0,227,0,-3,-2,-3,0,6,2006,5,3,157500
2622,535451190,20,1,60,7200,1,-1,1,1,1,2,1,-1,2,2,2,3,5,7,1950,1950,0,2,-6,-6,-1,0,0,0,2,-3,-3,-2,-3,0,-3,0,0,0,1,0,1,0,1040,0,0,1040,0,0,1,0,2,1,0,5,3,0,-3,-2,1950,-1,2,625,0,0,0,0,0,0,0,0,0,-3,-2,-3,0,6,2006,5,3,109500
2623,535451210,20,1,60,7200,1,-1,1,1,1,2,1,-1,2,2,2,3,4,5,1950,1950,2,2,6,-6,-1,0,0,0,0,-3,-3,-2,-3,0,-3,0,0,0,1,0,1,1,1040,0,0,1040,0,0,1,0,2,1,0,4,3,0,-3,-2,1950,-1,2,420,0,0,0,0,29,0,0,0,0,-3,-2,-3,0,7,2006,5,3,109900
2624,535453160,20,1,70,7560,1,-1,1,1,1,2,1,-1,2,2,2,3,5,5,1959,1959,2,2,6,-6,-1,0,0,0,2,0,0,-1,-1,369,-2,0,671,1040,1,0,1,1,1040,0,0,1040,0,0,1,0,3,1,0,6,3,0,-3,2,1959,0,1,286,0,0,0,140,0,252,0,0,0,-3,0,-3,0,7,2006,5,3,133700
2625,535454030,90,1,60,8544,1,-1,1,1,1,1,1,-1,2,2,0,3,3,4,1950,1950,2,2,6,-3,-1,0,0,0,0,-3,-3,-2,-3,0,-3,0,0,0,3,-1,-1,0,1040,0,0,1040,0,0,2,0,2,2,0,6,3,0,-3,-2,1950,-1,2,400,0,-1,0,0,0,0,0,0,0,-3,-2,-3,0,12,2006,5,3,81400
2626,535454050,90,1,69.22459,8544,1,-1,1,1,1,2,1,-1,2,2,0,3,3,4,1949,1950,2,2,-4,-4,1,340,0,0,0,-3,-3,-2,-3,0,-3,0,0,0,3,-1,-1,1,1040,0,0,1040,0,0,2,0,2,2,0,6,3,0,-3,-2,1949,-1,2,400,0,0,0,0,0,0,0,0,0,-3,-2,-3,0,5,2006,5,3,87500
2627,535454060,90,1,60,8544,1,-1,1,1,1,2,1,-1,2,2,0,3,3,4,1950,1950,2,2,-4,-3,-1,0,0,0,2,-3,-3,-2,-3,0,-3,0,0,0,1,1,-1,0,1040,0,0,1040,0,0,2,0,2,2,0,6,3,0,-3,-2,1949,-1,2,400,0,0,0,0,0,0,0,0,0,-3,-2,-3,0,7,2006,5,3,93500
2629,535456020,20,1,70,7945,1,-1,1,1,1,2,1,-1,2,2,2,3,5,6,1959,1959,2,2,6,-6,-1,0,0,0,2,0,0,-1,2,179,1,506,465,1150,1,2,1,1,1150,0,0,1150,1,0,1,0,3,1,0,6,3,0,-3,2,1959,0,1,300,0,0,0,0,0,0,0,0,0,-3,-2,-3,0,5,2006,5,3,141000
2630,535457070,20,1,70,7000,1,-1,1,1,1,2,1,-1,2,2,2,3,5,4,1961,1961,0,2,6,6,-1,0,0,0,2,0,0,-1,3,781,-2,0,369,1150,1,0,1,2,1150,0,0,1150,0,0,1,0,3,1,0,6,3,0,-3,2,1961,0,1,288,0,0,0,0,0,0,0,162,0,-3,-2,-3,0,7,2006,5,3,146000
2631,535477060,60,1,69,7590,1,-1,1,1,1,2,1,-1,-1,2,2,0,6,5,1966,1966,2,2,-5,-5,1,266,0,0,2,0,0,-1,1,512,-2,0,148,660,1,0,1,2,660,688,0,1348,0,0,1,1,3,1,0,6,3,1,-1,2,1966,0,2,453,0,0,0,188,108,0,0,0,0,-3,-2,-3,0,7,2006,5,3,155000
2632,535478010,85,1,69,10205,1,-1,0,1,1,2,1,-1,2,2,2,-3,5,5,1962,1962,2,2,1,1,-1,0,0,0,2,0,0,1,1,784,-2,0,141,925,1,0,1,2,999,0,0,999,1,0,1,0,3,1,0,6,3,0,-3,2,1962,-1,1,300,0,0,0,150,72,0,0,0,0,-3,-2,-3,0,5,2006,5,3,134500
2633,535478070,20,1,74,7400,1,-1,1,1,1,1,1,-1,4,2,2,3,7,6,1962,1962,2,2,-6,-6,-1,0,0,0,2,0,0,-1,-1,809,-2,0,236,1045,1,1,1,2,1045,0,0,1045,1,0,1,0,3,1,0,6,3,0,-3,-2,1962,-1,2,528,0,0,0,0,0,0,0,0,0,-3,-2,-3,0,3,2006,5,3,120000
2634,535478090,20,1,70,7000,1,-1,1,1,1,2,1,-1,4,2,2,3,5,6,1962,1962,2,2,-6,-6,-1,0,0,0,2,0,0,-1,1,468,-2,0,396,864,1,1,1,2,864,0,0,864,0,1,1,0,3,1,0,5,3,0,-3,2,1962,-1,1,336,0,0,0,0,0,0,0,0,0,-3,0,-3,0,2,2006,5,3,105000
2635,535478110,190,1,70,7000,1,-1,1,1,1,2,1,-1,4,2,1,-3,5,5,1962,1962,2,2,1,1,-1,0,0,0,2,0,0,1,2,953,-2,0,72,1025,1,0,1,2,1025,0,0,1025,1,0,1,0,3,1,0,6,3,0,-3,-3,1978.132443,-2,0,0,-3,-3,0,96,80,0,0,0,0,-3,-2,-3,0,3,2006,5,3,124000
2640,902104020,50,3,60,9600,1,0,1,1,1,2,1,-6,2,2,2,2,6,8,1900,2004,2,2,-6,-6,-1,0,0,0,3,0,0,-1,0,381,-2,0,399,780,1,2,1,2,940,476,0,1416,0,1,1,0,3,1,1,7,3,0,-3,-2,1956,-1,2,400,0,0,0,0,24,0,0,0,0,-3,-2,-3,0,6,2006,5,3,156500
2642,902106090,70,3,58,6451,1,0,1,1,1,2,1,-6,2,2,2,0,7,7,1900,1970,2,2,9,-6,-1,0,0,0,-1,0,0,-1,0,208,-2,0,504,712,1,1,1,2,848,580,0,1428,1,0,1,0,4,1,0,7,3,0,-3,-2,1985,1,2,576,0,0,0,264,0,84,0,0,0,-3,-2,-3,0,5,2006,5,3,139900
2643,902108060,70,3,66,3960,1,0,1,1,1,2,1,-6,2,2,2,0,7,8,1930,1950,2,2,-6,-6,-1,0,0,0,3,0,0,-1,-2,0,-2,0,502,502,1,0,-1,2,502,502,0,1004,0,0,1,0,2,1,1,5,3,1,-2,-2,1930,-1,1,200,-1,0,-1,280,0,68,0,0,0,-3,1,-3,0,7,2006,5,3,105000
2644,902109010,30,3,70,5684,1,-1,1,1,1,2,1,-6,2,2,2,3,6,8,1930,2005,0,2,-6,-6,-1,0,0,0,3,0,0,-1,-2,0,-2,0,813,813,1,2,1,1,813,0,0,813,0,0,1,0,2,1,1,5,3,0,-3,-2,1932,-1,1,270,-1,-1,-1,0,113,0,0,0,0,-3,-2,-3,0,6,2006,5,3,110000
2647,902111010,30,3,50,5633,1,1,1,1,1,2,1,-6,2,2,2,3,5,7,1925,1950,2,2,1,-4,-1,0,0,0,3,0,-1,-1,-2,0,-2,0,844,844,1,0,1,2,844,0,0,844,0,0,1,0,2,1,0,5,3,0,-3,-2,1925,-1,1,216,0,0,-1,50,81,123,0,0,0,-3,-2,-3,0,7,2006,5,3,111500
2649,902128020,20,3,60,7200,1,0,1,1,1,2,1,-6,2,2,2,3,4,5,1950,1950,2,2,1,1,-1,0,0,0,2,0,0,-1,-2,0,-2,0,576,576,1,2,1,2,864,0,0,864,0,0,1,0,2,1,0,5,3,0,-3,-2,1952,0,1,528,0,0,0,0,0,0,0,115,0,-3,-2,-3,0,8,2006,1,3,105000
2650,902128100,50,3,40,4400,1,-1,1,1,1,2,1,-6,2,2,2,2,6,8,1920,1950,2,2,-4,-4,-1,0,0,0,3,-1,0,-1,-2,0,-2,0,648,648,1,0,1,1,734,384,0,1118,0,0,1,0,2,1,0,6,3,0,-3,-2,1990,-1,2,440,0,0,0,0,0,0,0,0,0,-3,-2,-3,0,10,2006,5,3,116000
2651,902134060,70,3,42,7614,1,0,1,1,1,2,0,-6,2,2,2,0,3,5,1905,1950,2,2,1,1,-1,0,0,0,3,0,-1,0,-2,0,-2,0,738,738,1,1,1,1,714,662,0,1376,0,0,1,0,2,1,0,7,3,0,-3,-2,1930,-1,1,216,0,0,-1,0,0,104,0,225,0,-3,-2,-3,0,3,2006,5,3,96900
2652,902204060,190,3,50,6000,1,-1,1,1,1,2,1,-6,2,2,1,3,5,7,1955,1955,0,2,-6,-6,-1,0,0,0,2,0,0,1,3,576,-2,0,384,960,1,0,1,1,960,0,0,960,1,0,1,0,3,1,0,5,3,0,-3,-2,1976,-1,2,576,0,0,0,0,0,0,0,0,0,-3,-2,-3,0,6,2006,5,3,135500
2654,902206020,30,3,52,7830,1,-1,1,1,1,2,1,-6,2,2,2,3,3,5,1921,1950,2,2,9,9,-1,0,0,0,3,-1,0,-1,-1,416,-2,0,76,492,1,0,1,2,492,0,0,492,1,0,1,0,1,1,0,3,3,0,-3,-2,1921,-1,1,200,-1,0,-1,0,0,78,0,0,0,-3,-2,-3,0,6,2006,5,3,61500
2655,902206090,50,3,56,9576,1,-1,1,1,1,2,1,-6,2,2,2,2,6,7,1945,1950,2,2,-5,-5,-1,0,0,0,2,-1,0,-1,0,310,-2,0,460,770,1,0,1,2,885,297,0,1182,0,0,1,1,3,1,0,5,3,0,-3,-2,1945,-1,1,378,-1,0,0,0,0,0,0,0,0,-3,0,-3,0,5,2006,5,3,120000
2656,902207080,20,3,49,5820,1,-1,1,1,1,2,1,-6,2,2,2,3,3,8,1955,2005,2,2,-5,-5,-1,0,0,1,2,0,0,-1,2,256,-2,0,906,1162,1,2,1,2,1163,0,0,1163,1,0,1,0,3,1,0,6,3,0,-3,2,1955,-1,1,220,-1,0,0,142,98,0,0,0,0,-3,-2,-3,0,7,2006,5,3,126175
2657,902207110,30,3,48,5747,1,-1,1,1,1,2,1,-6,2,2,2,3,3,4,1920,1950,2,2,-6,-6,-1,0,0,0,1,0,0,-1,-2,0,-2,0,798,798,1,1,1,2,840,0,0,840,0,0,1,0,2,1,-1,5,3,0,-3,-2,1938,-1,1,250,0,-1,-1,112,0,0,0,0,0,-3,-2,-3,0,6,2006,5,3,64000
2662,902325160,50,3,63,5000,1,-1,1,1,1,1,1,-6,2,2,2,2,5,4,1900,1950,2,2,-6,-6,-1,0,0,0,3,0,0,-1,-2,0,-2,0,540,540,1,1,-1,1,889,551,0,1440,0,0,1,0,3,1,0,6,3,0,-3,2,1940,-1,1,352,-1,0,0,0,0,77,0,0,0,-3,-2,-3,0,4,2006,5,3,79000
2664,902329070,70,3,60,3600,1,0,1,1,1,2,1,-6,2,2,2,0,6,7,1910,1993,2,2,-5,-5,-1,0,0,0,2,0,0,-1,-2,0,-2,0,684,684,1,2,-1,1,684,684,0,1368,0,0,1,0,3,1,0,7,3,0,-3,-2,1930,-1,1,216,0,-1,-1,0,158,0,0,0,0,-3,-2,-3,0,10,2006,5,3,114504
2668,902401090,90,3,33,5976,1,-1,1,1,1,2,1,-6,2,2,0,0,5,7,1920,1950,0,2,-6,-6,-1,0,0,0,1,0,0,-1,-2,0,-2,0,624,624,1,1,-1,1,624,624,0,1248,0,0,2,0,2,2,0,8,3,0,-3,-3,1978.132443,-2,0,0,-3,-3,-1,0,130,256,0,0,0,-3,-2,-3,0,12,2006,5,3,93500
2669,902406030,20,3,65,9750,1,0,1,1,1,2,1,-6,2,2,2,3,5,5,1958,1958,0,2,3,3,-1,0,0,0,2,0,0,-1,-2,0,-2,0,960,960,1,2,1,2,960,0,0,960,0,0,1,0,3,1,0,5,3,0,-3,-2,2002,-1,2,624,0,0,0,0,0,0,0,0,0,-3,-2,1,4500,7,2006,5,3,125000
2670,902456015,50,-3,63,4761,1,-1,1,1,1,1,1,3,2,2,2,1,3,3,1918,1950,2,2,-6,-6,-1,0,-1,-1,3,0,-1,-1,-2,0,-2,0,1020,1020,1,-1,-1,-1,1020,0,0,1020,0,0,1,0,2,1,-1,5,3,0,-3,-3,1978.132443,-2,0,0,-3,-3,-1,0,0,105,0,0,0,-3,-2,-3,0,10,2006,-3,3,64500
2675,903229040,190,3,65,7800,1,-1,1,1,1,2,1,-6,4,2,1,2,5,7,1939,1950,2,2,1,1,-1,0,0,0,2,1,0,0,0,507,-2,0,286,793,1,0,1,2,793,325,0,1118,1,0,1,0,3,1,0,5,3,1,1,-2,1939,-1,2,410,0,0,0,0,0,0,0,271,0,-3,1,-3,0,5,2006,5,3,119900
2676,903231070,50,3,52,6240,1,-1,1,1,1,2,1,11,2,2,2,2,6,6,1934,1950,2,2,-6,-6,-1,0,0,0,1,0,0,-1,-2,0,-2,0,816,816,1,0,1,2,816,0,360,1176,0,0,1,0,3,1,0,6,3,1,1,-2,1985,-1,2,528,0,0,0,112,0,0,0,0,0,-3,1,-1,400,9,2006,5,3,114500
2677,903231190,50,3,69.22459,6240,1,-1,1,1,1,2,1,11,2,2,2,2,5,4,1936,1950,2,2,1,1,-1,0,0,0,3,1,0,-1,-2,0,-2,0,896,896,1,1,1,1,896,448,0,1344,0,0,1,0,3,1,0,7,3,0,-3,-2,1936,-1,1,240,-1,0,0,200,114,0,0,0,0,-3,-2,-3,0,4,2006,5,3,115000
2680,903232170,50,3,52,6240,1,-1,1,1,1,2,1,11,2,2,2,2,4,5,1947,1950,2,2,9,9,-1,0,0,0,0,-3,-3,-2,-3,0,-3,0,0,0,1,1,-1,2,672,240,0,912,0,0,1,0,2,1,0,3,3,0,-3,-3,1978.132443,-2,0,0,-3,-3,-1,0,0,0,0,0,0,-3,-2,-3,0,7,2006,5,3,80500
2682,903233220,50,3,51,6120,1,-1,1,1,1,2,1,11,2,2,2,2,5,7,1930,1984,2,2,1,1,-1,0,0,1,3,0,0,-1,-2,0,-2,0,741,741,1,1,1,2,741,583,0,1324,0,0,1,0,3,1,1,7,3,0,-3,-2,1930,-1,1,180,-1,0,0,0,0,55,0,0,0,-3,-2,-3,0,2,2006,5,3,110000
2683,903234030,30,3,50,6000,1,-1,1,1,1,2,1,-6,4,2,2,3,6,6,1925,1980,2,2,1,1,-1,0,0,1,3,0,0,-1,1,397,-2,0,706,1103,1,1,1,2,1103,0,0,1103,0,0,1,0,2,1,1,5,3,1,1,-2,1976,-1,2,440,0,0,0,166,120,0,0,0,0,-3,1,-3,0,7,2006,5,3,110500
2684,903235020,30,3,50,6000,1,-1,1,1,1,2,1,11,2,2,2,3,5,7,1921,1950,2,2,-6,-6,-1,0,0,0,2,0,0,-1,-1,616,-2,0,0,616,1,1,1,2,616,0,0,616,0,0,1,0,2,1,0,4,3,0,-3,-2,1921,-1,1,205,0,0,0,0,0,129,0,0,0,-3,-2,-3,0,6,2006,5,3,89000
2685,903236200,45,3,58,6380,1,-1,1,1,1,2,1,11,2,2,2,1,5,6,1922,1950,2,2,1,1,-1,0,0,0,3,0,-1,-1,-2,0,-2,0,993,993,1,0,1,1,1048,0,0,1048,0,0,1,0,2,1,0,5,3,1,1,-2,1922,-1,1,280,0,0,0,0,0,116,0,0,0,-3,-2,-3,0,8,2006,5,3,113000
2686,903400030,30,1,50,11672,1,1,-1,1,1,2,1,11,2,2,2,3,5,5,1925,1950,2,2,1,1,-1,0,0,0,3,0,0,-1,-2,0,-2,0,816,816,1,0,1,1,816,0,0,816,0,0,1,0,2,1,0,4,3,0,-3,-2,1925,-1,1,210,-1,-1,-1,168,0,112,0,0,0,-3,-2,-3,0,7,2006,5,3,109000
2688,903425340,190,1,60,9873,1,-1,1,1,1,2,1,11,0,2,1,3,4,5,1970,1970,2,2,3,3,1,160,0,0,2,0,0,1,2,789,-2,0,171,960,0,0,-1,2,960,0,0,960,1,0,1,0,3,1,0,6,3,0,-3,-2,1970,-1,2,576,0,0,0,0,288,0,0,0,0,-3,-2,-3,0,5,2006,5,3,129000
2690,903430130,30,3,153,4118,1,0,0,0,1,1,0,-6,3,2,2,3,4,4,1941,1950,2,2,-6,-6,-1,0,0,0,2,0,0,-1,-2,0,-2,0,693,693,-1,-1,-1,1,693,0,0,693,0,0,1,0,2,1,-1,4,3,0,-3,-3,1978.132443,-2,0,0,-3,-3,-1,0,20,0,0,0,0,-3,-2,-3,0,3,2006,5,3,52500
2692,903452090,70,3,60,7518,1,-1,1,1,1,-2,1,3,2,2,2,0,5,8,1910,2004,2,2,9,-1,-1,0,-1,1,3,-1,-1,-1,-2,0,-2,0,396,396,1,1,1,2,665,665,0,1330,0,0,1,0,3,1,0,7,3,0,-3,-2,2001,-1,1,390,0,0,-1,0,72,45,0,0,0,-3,1,-3,0,7,2006,5,3,116500
2694,903454080,50,3,50,8600,1,-1,1,0,1,2,1,3,2,2,2,2,6,6,1937,1950,2,2,1,1,-1,0,0,0,3,0,0,-1,-2,0,-2,0,780,780,1,0,1,2,780,596,0,1376,0,0,2,0,3,1,0,7,3,1,1,-2,1937,-1,1,198,0,0,-1,0,0,0,0,0,0,-3,-2,-3,0,6,2006,5,3,119500
2695,903455090,50,3,60,7200,1,-1,1,1,1,1,1,3,2,2,2,2,5,6,1938,1995,2,2,-6,-6,-1,0,0,0,2,0,0,-1,-2,0,-2,0,803,803,1,2,1,2,803,557,0,1360,0,0,1,1,2,1,1,6,3,0,-3,-2,1951,-1,1,297,0,0,0,0,65,190,0,0,0,-3,1,-3,0,7,2006,5,3,125500
2696,903456060,30,3,60,9786,1,-1,1,1,1,2,1,3,2,2,2,3,3,4,1922,1950,0,2,-6,-6,-1,0,0,0,3,0,-1,-1,-2,0,-2,0,1007,1007,1,-1,-1,2,1077,0,0,1077,0,0,1,0,3,1,0,6,3,1,1,-2,1922,-1,1,210,0,-1,1,0,100,48,0,0,0,-3,-2,-3,0,5,2006,5,3,91000
2697,903456090,190,3,60,6780,1,-1,1,1,1,2,1,3,2,2,1,2,6,8,1935,1982,2,2,-6,-6,-1,0,0,-1,2,0,0,1,3,490,-2,0,30,520,1,1,-1,2,520,0,234,754,1,0,1,0,2,1,0,5,3,0,-3,-3,1978.132443,-2,0,0,-3,-3,-1,53,0,0,0,0,0,-3,-2,-3,0,6,2006,5,3,84500
2699,904100030,50,1,82,12375,1,-1,1,1,1,2,1,-8,3,2,2,2,5,5,1951,1951,2,2,3,3,-2,41,0,-1,2,0,0,-1,1,329,-2,0,477,806,1,0,1,2,1081,341,0,1422,1,0,1,0,3,1,0,7,3,1,0,-2,1951,-1,1,288,0,0,0,0,0,0,0,0,0,-3,0,-3,0,6,2006,5,3,137500
2703,904301410,30,1,55,8250,1,-1,1,1,1,2,1,7,2,2,2,3,5,7,1935,1950,2,2,-6,-6,-1,0,0,0,0,-3,-3,-2,-3,0,-3,0,0,0,1,0,-1,2,1032,0,0,1032,0,0,1,0,2,1,0,6,3,1,0,-2,1939,-1,1,260,0,0,0,0,0,121,0,0,0,-3,-2,-3,0,6,2006,5,3,125000
2704,904302020,30,1,50,5220,1,-1,0,1,1,2,1,-7,2,2,2,3,5,3,1936,1950,2,2,-6,-6,-1,0,0,0,3,0,0,-1,-2,0,-2,0,830,830,1,1,1,2,879,0,0,879,0,0,1,0,2,1,0,4,3,0,-3,-2,1936,-1,1,180,0,0,1,0,108,0,0,0,0,-3,-2,-3,0,1,2006,5,3,80000
2705,904302030,20,1,50,5500,1,-1,1,1,1,2,1,-7,2,2,2,3,7,5,2004,2004,-2,2,-5,-5,-1,0,0,0,1,1,1,0,3,510,-1,373,190,1073,1,2,1,2,1073,0,0,1073,1,0,2,0,2,1,0,4,3,0,-3,-2,2004,-1,1,246,0,0,0,0,120,0,0,0,0,-3,-2,-3,0,5,2006,5,3,157000
2706,905100030,20,1,75,11235,1,-1,1,1,1,2,1,-8,2,2,2,3,4,5,1963,1979,2,2,3,3,1,51,0,0,2,0,0,-1,0,547,-2,0,504,1051,1,1,1,2,1382,0,0,1382,0,0,1,1,3,1,0,6,3,1,-2,2,1974,-1,2,459,0,0,0,0,82,0,0,0,0,-3,-2,-3,0,10,2006,5,3,148000
2707,905101330,90,1,72,10791,1,-1,1,1,1,2,1,-8,2,2,0,3,4,5,1967,1967,2,2,1,1,-1,0,0,0,0,-3,-3,-2,-3,0,-3,0,0,0,1,0,1,2,1296,0,0,1296,0,0,2,0,2,2,0,6,3,0,-3,-1,1967,-1,2,516,0,0,0,0,0,0,0,0,0,-3,-2,-1,500,10,2006,5,3,90000
2708,905101450,20,1,70,8414,1,-1,1,1,1,2,1,-8,2,2,2,3,6,8,1963,2003,0,2,3,3,-1,0,0,0,2,0,0,-1,3,663,-2,0,396,1059,1,0,1,2,1068,0,0,1068,0,1,1,0,3,1,0,6,3,0,-3,2,1963,0,1,264,0,0,0,192,0,0,0,0,0,-3,1,-3,0,2,2006,5,3,154500
2709,905103130,20,1,69.22459,11327,1,-1,0,1,1,2,1,-8,2,2,2,3,5,6,1967,1967,0,2,3,3,1,305,0,0,2,0,0,1,2,779,-2,0,285,1064,1,0,1,2,1064,0,0,1064,0,1,1,0,3,1,0,6,3,1,0,2,1967,-1,2,528,0,0,0,314,48,0,0,0,0,-3,-2,-3,0,6,2006,5,3,153600
2711,905103180,80,1,80,10366,1,-1,0,1,1,1,1,-8,2,2,2,-4,6,7,1964,1964,2,2,3,-1,-1,0,0,1,2,0,0,1,3,456,-2,0,456,912,1,0,1,2,934,0,0,934,0,1,1,0,2,1,0,4,3,0,-3,2,1964,-1,1,336,0,0,0,77,0,0,0,0,0,-3,2,-1,500,7,2006,5,3,132000
2713,905106210,20,1,69.22459,11553,1,-1,0,1,1,2,1,-8,2,2,2,3,5,5,1968,1968,0,2,-1,-1,1,188,0,0,2,0,0,-1,1,673,-2,0,378,1051,1,0,1,2,1159,0,0,1159,0,0,1,1,3,1,0,7,3,1,-1,2,1968,-1,1,336,0,0,0,466,0,0,0,0,0,-3,-2,-3,0,7,2006,5,3,158000
2714,905107070,60,1,74,7844,1,-1,1,1,1,2,1,-8,2,2,2,0,6,7,1978,1978,0,2,3,3,1,203,0,0,2,0,0,-1,2,209,-2,0,463,672,1,0,1,2,672,728,0,1400,0,0,1,1,3,1,0,6,3,1,0,2,1978,1,2,440,0,0,0,0,0,0,0,0,0,-3,-2,-3,0,3,2006,5,3,149500
2715,905107220,20,1,69.22459,9535,1,-1,0,1,1,2,1,-8,2,2,2,3,5,5,1967,1967,2,2,3,3,1,450,0,0,2,0,0,-1,1,194,-1,982,0,1176,1,0,1,2,1458,0,0,1458,1,0,1,1,3,1,0,7,3,1,0,2,1967,-1,2,512,0,0,0,284,0,0,0,0,0,-3,1,-3,0,7,2006,5,3,165000
2717,905107300,80,1,69.22459,7176,1,-1,0,1,1,0,1,-8,2,2,2,-4,6,6,1978,1978,2,2,3,3,1,200,0,0,2,0,1,2,3,794,-2,0,166,960,1,-1,1,2,1040,0,0,1040,1,0,1,0,3,1,0,6,3,1,-1,-2,1979,-1,2,616,0,0,0,131,0,0,0,180,0,-3,2,-3,0,7,2006,5,3,160500
2723,905200380,30,1,69.22459,17529,1,-1,1,1,1,2,1,-8,2,2,2,3,5,5,1924,1950,2,2,6,-6,-2,65,0,0,3,0,0,-1,-2,0,-2,0,872,872,1,-1,-1,0,872,0,0,872,0,0,1,0,2,1,-1,5,0,1,1,-2,1924,-1,1,322,-1,-1,-1,0,0,116,0,0,0,-3,-2,-3,0,4,2006,5,3,105000
2724,905200490,80,1,69.22459,10246,1,-1,0,1,1,0,1,-8,2,2,2,-4,4,9,1965,2001,2,2,-5,-5,-1,0,0,1,2,0,1,1,3,648,-2,0,0,648,1,2,1,2,960,0,0,960,1,1,0,0,0,1,0,3,3,0,-3,2,1965,-1,1,364,0,0,0,88,0,0,0,0,0,-3,-2,-3,0,5,2006,5,3,145000
2725,905201090,20,1,69.22459,14175,1,-1,1,0,1,1,0,-8,2,2,2,3,5,6,1956,1987,2,2,4,-6,-1,0,0,0,2,0,0,-1,0,988,-2,0,200,1188,1,1,1,2,1437,0,0,1437,1,0,1,1,3,1,0,6,1,1,0,-2,1999,-1,2,576,0,0,0,304,0,0,0,0,0,-3,-2,-3,0,11,2006,5,3,168000
2727,905202210,20,1,87,13050,1,-1,1,-2,1,2,0,10,2,2,2,3,5,6,1963,1963,3,-2,-7,-6,-1,0,0,0,2,1,0,1,0,104,2,850,46,1000,1,2,1,2,1000,0,0,1000,1,0,1,0,1,1,0,4,3,2,0,2,1993,-1,2,575,0,0,0,238,0,148,0,0,0,-3,-2,-3,0,4,2006,5,3,164000
2729,905300010,85,1,72,10820,1,-1,1,1,1,1,1,-8,3,2,2,-3,5,7,1971,1972,2,2,3,3,1,153,0,0,1,1,0,1,3,535,0,159,88,782,1,2,1,2,810,0,0,810,1,0,1,0,2,1,0,4,3,0,-3,-2,1973,-1,2,576,0,0,0,0,0,0,0,0,0,-3,1,-3,0,6,2006,5,3,130000
2730,905300080,20,1,100,13350,1,-1,0,1,1,2,1,-8,2,2,2,3,5,5,1974,1974,0,2,3,-1,-1,0,0,0,2,0,0,-1,2,762,-2,0,102,864,1,0,1,2,894,0,0,894,1,0,1,0,3,1,0,5,3,1,-1,2,1974,-1,2,440,0,0,0,241,0,0,0,0,0,-3,1,-3,0,6,2006,5,3,142500
2733,905402110,20,1,75,9375,1,-1,1,1,1,1,1,7,2,2,2,3,4,5,1954,1954,2,2,1,1,-1,0,0,1,2,0,0,-1,0,799,-2,0,168,967,1,2,1,2,1350,0,0,1350,0,0,1,1,3,1,0,6,3,1,1,2,1954,0,2,504,0,0,0,237,0,0,0,0,0,-3,-2,-3,0,6,2006,5,3,146000
2740,905451050,20,1,80,12048,1,-1,1,1,1,2,1,7,2,2,2,3,5,6,1952,2002,2,2,-6,-6,1,232,0,0,0,-3,-3,-2,-3,0,-3,0,0,0,1,1,1,2,1488,0,0,1488,0,0,1,0,3,1,0,7,3,1,2,2,2002,0,2,569,0,0,0,0,189,36,0,348,0,-3,-2,-3,0,4,2006,5,3,135000
2741,905451410,20,1,70,10519,1,-1,1,1,1,2,1,7,2,2,2,3,5,8,1955,1999,0,2,1,1,-2,164,0,0,2,0,0,0,-2,0,-2,0,1057,1057,1,1,1,2,1057,0,0,1057,0,1,1,0,3,1,1,6,3,0,-3,2,1955,-1,1,288,0,0,0,0,0,0,0,0,0,-3,-2,-3,0,3,2006,5,3,137000
2744,905475150,20,1,57,6420,1,-1,0,1,1,2,1,7,2,2,2,3,5,7,1952,1952,2,2,-6,-6,-1,0,0,0,1,2,1,0,-1,210,2,551,219,980,1,-1,1,1,1148,0,0,1148,0,1,1,0,2,1,0,6,3,0,-3,-2,1952,-1,1,308,0,0,0,0,0,0,0,0,0,-3,-2,-3,0,9,2006,5,3,123500
2745,905477010,20,1,77,8335,1,-1,1,1,1,1,1,7,2,2,2,3,5,5,1954,1954,2,2,-6,-6,-1,0,0,0,0,-3,-3,-2,-3,0,-3,0,0,0,1,1,1,2,1124,0,0,1124,0,0,1,0,3,1,0,5,1,1,1,-3,1978.132443,-2,0,0,-3,-3,-1,0,36,190,0,0,0,-3,-2,-3,0,4,2006,5,3,93000
2746,905480160,50,1,50,7585,1,-1,1,1,1,2,1,7,4,2,2,2,5,3,1948,1950,2,2,1,1,-1,0,0,0,2,-1,-1,0,-2,0,-2,0,810,810,1,-1,1,1,1002,454,0,1456,1,1,1,0,4,1,0,7,3,1,0,-2,1954,-1,1,280,0,0,1,0,0,0,0,0,0,-3,-2,-3,0,8,2006,5,3,91500
2747,906202040,20,1,69.22459,11200,1,-1,1,1,1,2,1,-9,2,2,2,3,6,5,1985,1985,2,2,-6,-6,1,85,1,0,2,1,0,-1,3,1258,-2,0,40,1298,1,0,1,2,1298,0,0,1298,1,0,2,0,3,1,1,5,3,1,0,2,1985,-1,2,403,0,0,0,165,26,0,0,0,0,-3,-2,-3,0,5,2006,5,3,180000
2750,906225180,90,1,73,9069,1,-1,1,1,1,2,1,-9,2,2,0,-3,6,8,1993,1993,2,2,3,3,-1,0,1,1,1,1,0,1,-1,261,3,1083,0,1344,1,1,1,2,1440,0,0,1440,2,0,2,0,2,2,1,8,3,0,-3,2,1993,-1,4,920,0,0,0,288,0,0,0,0,0,-3,-2,-3,0,4,2006,5,3,224500
2766,906475050,80,1,69.22459,21453,1,-1,0,-2,1,0,-1,10,2,2,2,-4,6,5,1969,1969,3,0,-1,-1,-1,0,0,0,2,0,0,2,2,938,-2,0,0,938,1,2,1,2,988,0,0,988,1,0,1,0,1,1,0,4,3,2,0,2,1969,-1,2,540,0,0,0,0,130,0,130,0,0,-3,-2,-3,0,10,2006,5,3,180000
2769,907125020,85,1,57,8846,1,-1,0,1,1,0,1,9,2,2,2,-3,5,5,1996,1996,2,2,-5,-5,-1,0,1,0,1,1,0,1,3,298,-2,0,572,870,1,2,1,2,914,0,0,914,0,0,1,0,2,1,0,5,3,0,-3,-2,1998,-1,2,576,0,0,0,0,0,0,0,0,0,-3,-2,-3,0,7,2006,5,3,148000
2770,907125080,20,1,95,13015,1,-1,1,1,1,1,1,9,2,2,2,3,5,6,1996,1996,2,2,-5,-5,-1,0,0,1,1,1,0,-1,-2,0,-2,0,1100,1100,1,2,1,2,1100,0,0,1100,0,0,1,1,3,1,0,5,3,0,-3,2,1996,0,2,462,0,0,0,0,0,0,0,0,0,-3,-2,-3,0,6,2006,5,3,145000
2771,907130110,60,1,65,12438,1,-1,0,1,1,2,1,9,-1,2,2,0,6,5,1995,1995,2,2,-5,-5,1,68,1,0,1,1,0,-1,-2,0,-2,0,781,781,1,2,1,2,795,704,0,1499,0,0,2,1,3,1,1,6,3,1,0,2,1995,0,2,473,0,0,0,413,91,0,0,0,0,-3,-2,-3,0,8,2006,5,3,187000
2772,907131070,20,1,69.22459,8685,1,-1,0,1,1,0,1,9,2,2,2,3,7,5,1998,1998,2,2,-5,-5,-1,0,0,0,1,1,0,0,3,846,-2,0,579,1425,1,2,1,2,1425,0,0,1425,1,0,2,0,3,1,0,5,3,0,-3,2,1998,0,2,591,0,0,0,0,130,0,0,0,0,-3,-2,-3,0,5,2006,5,3,193000
2773,907135230,20,1,43,13568,1,-1,-1,1,1,0,1,9,2,2,2,3,5,5,1995,1995,2,2,-5,-5,-1,0,0,0,1,1,0,-1,2,716,-2,0,274,990,1,2,1,2,990,0,0,990,0,1,1,0,3,1,0,5,3,0,-3,2,1996,-1,2,576,0,0,0,224,0,0,0,0,0,-3,-2,-3,0,7,2006,5,3,156000
2775,907175060,20,1,79,9236,1,-1,0,1,1,2,1,9,2,2,2,3,6,5,1997,1997,2,2,-5,-5,-1,0,0,1,1,1,0,2,3,1200,-2,0,279,1479,1,2,1,2,1494,0,0,1494,1,0,2,0,3,1,1,6,3,0,-3,2,1997,0,2,576,0,0,0,168,27,0,0,0,0,-3,-2,-3,0,7,2006,5,3,217000
2782,907200170,80,1,55,10780,1,-1,0,1,1,2,1,9,2,2,2,-4,5,5,1976,1976,2,2,1,1,-1,0,0,0,2,0,0,1,2,483,-2,0,428,911,1,1,1,2,954,0,0,954,0,0,1,0,3,1,0,6,3,0,-3,-2,1976,-1,2,576,0,0,0,0,0,0,0,0,0,-3,-2,-3,0,7,2006,5,3,132500
2783,907201160,60,1,50,8340,1,-1,0,1,1,2,1,9,2,2,2,0,6,6,1977,1977,2,2,3,-1,1,62,0,0,2,1,0,1,3,509,-2,0,166,675,1,0,1,2,686,702,0,1388,0,0,1,1,3,1,0,6,3,0,-3,2,1977,-1,1,317,0,0,0,406,36,0,0,0,0,-3,-2,-3,0,12,2006,5,3,157500
2784,907201230,80,1,42,10385,1,-1,0,1,1,0,1,9,2,2,2,-4,6,6,1978,1978,2,2,3,3,1,123,0,0,2,0,1,1,2,595,-1,400,0,995,1,0,1,2,1282,0,0,1282,0,1,2,0,3,1,0,6,3,0,-3,-2,1989,-1,3,672,-1,0,0,386,0,0,0,0,0,-3,-2,-3,0,4,2006,5,3,174000
2785,907202140,20,1,69,9920,1,-1,0,1,1,2,1,9,2,2,2,3,5,6,1969,1969,2,2,3,-1,-1,0,0,0,2,1,0,2,2,523,-2,0,448,971,1,0,1,2,971,0,0,971,0,0,1,1,3,1,0,5,3,1,-2,2,1969,-1,1,300,0,0,0,0,0,0,0,0,0,-3,-2,-3,0,5,2006,5,3,128500
2786,907203010,20,1,120,9560,1,-1,0,1,1,1,1,9,2,2,2,3,5,7,1972,1972,0,2,1,1,-1,0,0,1,2,0,0,0,0,360,-2,0,504,864,1,2,1,2,864,0,0,864,0,0,1,0,3,1,0,5,3,0,-3,2,1972,0,1,288,0,0,0,0,0,0,0,0,0,-3,-2,-3,0,6,2006,5,3,128500
2788,907227090,20,1,60,7200,1,-1,1,-2,1,2,1,9,2,2,2,3,5,8,1972,1972,2,2,-5,-5,-1,0,0,0,2,0,0,-1,1,437,-2,0,427,864,1,2,1,2,864,0,0,864,0,0,1,0,3,1,0,5,3,0,-3,-2,1977,-1,1,297,0,0,0,0,0,0,0,0,0,-3,1,-3,0,3,2006,5,3,119900
2789,907230240,160,0,69.22459,3612,1,-1,0,1,1,2,1,2,2,2,-2,0,6,5,1993,1994,2,2,-5,-5,-1,0,0,0,1,1,0,-1,3,338,-2,0,292,630,1,2,1,2,630,690,0,1320,0,0,2,1,3,1,0,5,3,0,-3,-2,1993,-1,2,484,0,0,0,0,48,0,0,0,0,-3,1,-3,0,6,2006,5,3,137000
2793,907255010,20,1,69.22459,11088,1,-1,1,1,1,1,1,9,2,2,2,3,8,5,2002,2002,0,2,-4,-4,-1,0,1,0,1,1,0,-1,3,872,-2,0,476,1348,1,2,1,2,1358,0,0,1358,1,0,1,1,1,1,1,5,3,1,0,2,2002,-1,2,418,0,0,0,68,166,0,0,0,0,-3,-2,-3,0,6,2006,5,3,220000
2803,907290160,120,3,37,4435,1,-1,1,1,1,2,1,9,2,2,-1,3,6,5,2003,2003,2,2,-5,-5,1,170,1,0,1,1,0,1,3,717,-2,0,131,848,1,2,1,2,848,0,0,848,1,0,1,0,1,1,1,4,3,0,-3,2,2003,1,2,420,0,0,0,140,0,0,0,0,0,-3,-2,-3,0,4,2006,5,3,133000
2804,907290230,120,3,37,4435,1,-1,1,1,1,2,1,9,2,2,-1,3,6,5,2004,2004,2,2,-5,-5,1,169,1,0,1,1,0,0,3,662,-2,0,186,848,1,2,1,2,848,0,0,848,1,0,1,0,1,1,1,3,3,1,1,2,2004,0,2,420,0,0,0,140,0,0,0,0,0,-3,-2,-3,0,5,2006,5,3,155900
2806,907401050,20,1,70,8810,1,-1,1,1,1,2,1,9,2,2,2,3,7,5,2003,2003,2,2,-5,-5,-1,0,1,0,1,1,0,-1,3,1000,-2,0,390,1390,1,2,1,2,1390,0,0,1390,1,0,2,0,3,1,1,7,3,0,-3,2,2003,0,2,545,0,0,0,0,68,0,0,0,0,-3,-2,-3,0,3,2006,5,3,207000
2817,908102020,70,1,67,8777,1,-1,1,0,1,2,1,7,3,2,2,0,4,6,1910,2000,2,2,-1,-1,-1,0,0,1,2,1,0,-1,0,173,1,337,166,676,1,1,1,2,760,676,0,1436,1,0,2,0,3,1,0,6,2,0,-3,2,1950,-1,2,528,0,0,0,147,0,0,0,0,0,-3,-2,-1,420,10,2006,5,3,98000
2818,908102320,20,1,134,17755,1,-1,1,1,1,2,1,7,2,2,2,3,5,4,1959,1959,2,2,3,-1,1,132,0,0,2,0,0,-1,1,176,-2,0,1290,1466,1,0,1,2,1466,0,0,1466,0,0,1,1,3,1,-1,6,3,2,1,2,1959,1,2,528,0,0,0,0,140,0,0,100,0,-3,-2,-3,0,11,2006,5,3,149900
2819,908102330,20,1,67,8877,1,-1,1,1,1,2,1,7,2,2,2,3,4,5,1951,1951,2,2,-6,-6,-1,0,0,0,2,-1,-1,-1,-1,836,-2,0,0,836,1,0,1,0,1220,0,0,1220,0,0,1,0,2,1,0,6,3,0,-3,-2,1951,-1,2,396,0,0,0,0,0,0,0,0,0,-3,-2,-3,0,4,2006,1,3,102000
2824,908130020,20,1,75,8050,1,-1,1,1,1,2,1,7,2,2,2,3,6,5,2002,2002,2,2,-5,-5,-2,101.896801,0,0,1,1,0,1,3,475,2,297,142,914,1,2,1,2,914,0,0,914,1,0,1,0,2,1,1,4,3,0,-3,-3,1978.132443,-2,0,0,-3,-3,-1,32,0,0,0,0,0,-3,-2,-3,0,4,2006,5,3,117250
2826,908186060,180,3,35,3675,1,-1,1,1,1,2,1,7,2,2,-1,-4,5,5,2005,2005,2,2,-5,-5,1,80,0,0,1,1,0,2,3,547,-2,0,0,547,1,1,1,2,1072,0,0,1072,1,0,1,0,2,1,0,5,3,0,-3,1,2005,1,2,525,0,0,0,0,28,0,0,0,0,-3,-2,-3,0,5,2006,5,3,145000
2834,908225180,50,1,56,6956,1,-1,1,1,1,2,1,7,2,2,2,2,4,7,1948,1950,2,2,-5,-5,-1,0,0,1,2,-1,0,0,-2,0,-2,0,624,624,1,2,1,2,624,312,0,936,0,0,1,0,3,1,0,5,3,0,-3,2,1948,-1,1,265,0,-2,0,0,0,0,0,0,0,-3,-2,-3,0,4,2006,5,3,97900
2838,908228040,50,1,60,9738,1,-1,1,1,1,2,1,7,2,2,2,2,5,7,1924,1950,2,2,9,9,-1,0,0,1,3,0,0,-1,1,392,-2,0,392,784,1,1,1,2,949,272,0,1221,1,0,1,0,4,1,0,7,3,0,-3,2,1965,-1,1,392,0,0,0,0,0,236,0,0,0,-3,-2,-3,0,3,2006,5,3,104900
2839,908275220,20,1,60,8172,1,-1,1,1,1,2,1,7,2,2,2,3,5,7,1955,1990,0,2,-7,-1,-1,0,0,0,2,0,0,-1,0,167,-2,0,697,864,1,0,1,2,864,0,0,864,1,0,1,0,2,1,0,5,3,0,-3,-2,1957,-1,2,572,0,0,-1,0,0,0,0,0,0,-3,-2,-3,0,4,2006,5,3,115000
2841,909101050,50,1,45,8248,1,0,1,1,1,2,1,7,2,2,2,2,5,7,1918,1950,2,2,-4,-4,-1,0,0,0,3,0,0,-1,-2,0,-2,0,686,686,0,1,1,2,686,564,0,1250,0,1,1,1,3,1,-1,7,3,0,-3,-2,1955,-1,1,280,0,0,1,207,0,96,0,0,0,-3,-2,-3,0,7,2006,5,3,116000
2844,909101330,30,1,60,8088,1,0,1,1,1,2,1,7,3,2,2,3,2,3,1922,1955,2,2,1,1,-1,0,0,0,3,0,0,-1,-2,0,-2,0,498,498,1,0,-1,0,498,0,0,498,0,0,1,0,1,1,0,3,3,0,-3,-2,1922,-1,1,216,-1,-1,-1,0,0,100,0,0,0,-3,-2,-3,0,2,2006,-3,3,35000
2845,909103020,50,1,76,11388,1,-1,1,-2,1,2,0,7,2,2,2,2,4,7,1910,1993,2,2,-5,-6,-1,0,0,0,3,0,0,-1,-2,0,-2,0,616,616,1,0,-1,2,1055,218,0,1273,0,0,1,0,3,1,1,5,1,0,-3,-2,1910,-1,1,275,0,-1,-1,212,0,0,0,0,0,-3,-2,-3,0,9,2006,5,3,121000
2850,909250070,70,1,43,7000,1,-1,1,1,1,2,1,-7,3,2,2,0,7,8,1926,1997,2,2,-6,-4,-1,0,0,0,3,0,0,-1,2,424,-2,0,200,624,1,2,1,2,743,736,0,1479,1,0,1,0,3,1,1,6,3,2,1,-2,1926,-1,1,312,0,0,0,530,0,56,0,0,0,-3,1,-3,0,5,2006,5,3,160000
2856,909256010,50,1,84,10164,1,-1,1,0,1,2,1,-7,2,2,2,2,5,5,1939,1950,2,2,-5,-5,-1,0,0,0,2,0,-1,1,-1,646,-2,0,346,992,1,-1,1,2,992,473,0,1465,0,0,2,0,3,1,0,6,3,2,0,-2,1939,-1,1,240,0,0,0,0,126,0,0,0,0,-3,-2,-3,0,7,2006,5,3,131000
2857,909256020,50,1,51,6191,1,-1,1,1,1,1,1,-7,2,2,2,2,5,4,1941,1950,2,2,-6,-6,-1,0,0,0,2,-1,-1,-1,-1,384,-2,0,440,824,1,0,-1,2,824,464,0,1288,0,0,1,0,4,1,0,6,3,0,-3,-2,1941,-1,1,240,0,0,0,0,0,0,0,0,0,-3,-2,-3,0,11,2006,5,3,112000
2862,909279040,30,1,80,11600,1,-1,1,1,1,2,1,8,2,2,2,3,4,5,1922,1950,2,2,1,1,-1,0,0,0,3,-1,0,-1,-2,0,-2,0,700,700,1,2,1,2,1180,0,0,1180,0,0,1,0,2,1,-1,5,3,1,1,-2,1922,-1,1,252,0,-1,0,0,0,67,0,0,0,-3,-2,-3,0,7,2006,5,3,137500
2871,909428110,190,1,90,15750,1,-1,1,1,1,1,1,8,2,2,1,3,5,5,1953,1953,0,2,1,1,1,56,0,0,2,0,0,0,1,841,-2,0,324,1165,1,0,1,2,1336,0,0,1336,1,0,1,0,2,1,0,5,3,2,1,2,1953,-1,1,375,0,0,0,0,0,0,0,0,0,-3,-2,-3,0,6,2006,5,3,157000
2874,910200060,50,3,50,7000,1,-1,1,1,1,2,1,3,2,2,2,2,6,7,1926,1950,0,2,1,1,-1,0,0,0,1,0,0,-1,2,374,-2,0,487,861,1,2,1,2,861,424,0,1285,0,1,1,0,3,1,0,6,3,0,-3,-2,1950,1,2,506,0,0,0,96,0,132,0,0,0,-3,1,-3,0,5,2006,5,3,145400
2875,910203100,30,3,61,8534,1,-1,1,-2,1,2,1,3,2,2,2,3,4,4,1925,1950,2,2,-6,-6,-1,0,0,0,3,-1,0,-1,-2,0,-2,0,432,432,1,0,-1,1,672,0,0,672,0,0,1,0,2,1,0,4,2,0,-3,-3,1978.132443,-2,0,0,-3,-3,-1,0,0,112,0,0,0,-3,0,-3,0,6,2006,5,3,72000
2876,910203230,30,3,50,7030,1,-1,1,1,1,2,1,3,2,2,2,3,4,6,1925,1950,2,2,1,1,-1,0,0,0,3,0,0,-1,-2,0,-2,0,641,641,1,1,1,2,641,0,0,641,0,0,1,0,2,1,-1,4,3,0,-3,-2,1925,-1,1,272,0,0,-1,184,0,70,0,0,0,-3,1,-3,0,3,2006,5,3,85000
2879,911175360,50,-3,60,11040,1,-1,1,-2,1,2,0,3,2,2,2,2,4,6,1920,1950,2,2,1,1,-1,0,0,0,2,0,0,-1,0,637,-2,0,0,637,1,1,1,2,897,439,0,1336,0,0,1,1,3,1,0,7,3,0,-3,-1,1994,-1,1,570,0,0,0,0,47,120,0,0,0,-3,-2,-3,0,9,2006,1,3,108000
2883,911225110,50,-3,60,8520,0,-1,1,0,1,2,1,3,2,2,2,2,3,5,1916,1950,2,2,1,1,-1,0,0,0,1,-1,-1,-1,-2,0,-2,0,216,216,1,-1,-1,2,576,360,0,936,0,0,1,0,2,1,0,6,3,0,-3,-3,1978.132443,-2,0,0,-3,-3,-1,0,0,0,0,0,0,-3,-2,-3,0,4,2006,5,3,78000
2888,914474020,20,1,70,9116,1,-1,1,1,1,1,1,0,2,2,2,3,8,5,2001,2001,0,2,-5,-5,-1,0,1,0,1,2,0,-1,-2,0,-2,0,1491,1491,1,2,1,2,1491,0,0,1491,0,0,2,0,3,1,1,7,3,0,-3,2,2001,0,2,490,0,0,0,120,100,0,0,0,0,-3,-2,-3,0,5,2006,5,3,209000
2889,914476050,90,1,78,10530,1,-1,1,1,1,2,1,0,2,2,0,-3,6,5,1977,1977,2,2,-1,2,1,90,0,0,2,1,0,2,3,975,-2,0,0,975,1,0,1,2,1004,0,0,1004,1,0,1,0,2,1,0,4,3,0,-3,2,1977,-1,2,504,0,0,0,0,0,0,0,0,0,-3,-2,-3,0,5,2006,5,3,135000
2890,914476130,80,1,140,11080,1,-1,1,1,1,1,1,0,2,2,2,-4,6,6,1975,1975,2,2,-1,-1,1,257,0,0,2,0,0,1,3,576,-2,0,552,1128,1,0,1,2,1210,0,0,1210,1,0,2,0,3,1,0,6,3,0,-3,2,1975,-1,2,528,0,0,0,0,0,0,0,0,0,-3,-2,-3,0,5,2006,5,3,148000
2893,916252170,120,3,69.22459,8239,1,-1,0,1,1,2,1,4,2,2,-1,3,7,5,1986,1986,2,2,6,-6,-1,0,1,0,2,-3,-3,-2,-3,0,-3,0,0,0,1,1,1,2,1295,0,0,1295,0,0,2,0,2,1,1,5,3,0,-3,2,1986,0,1,312,0,0,0,0,0,0,0,0,0,-3,-2,-3,0,11,2006,5,3,230000
2896,916402125,20,1,54,13811,1,-1,0,1,1,2,1,-12,2,2,2,3,6,6,1987,1987,2,2,3,3,1,72,0,0,2,1,1,-1,3,980,-1,40,92,1112,1,1,1,2,1137,0,0,1137,1,0,2,0,2,1,1,5,3,1,0,2,1987,-1,2,551,0,0,0,125,0,0,0,0,0,-3,-2,-3,0,7,2006,5,3,176000
2897,916403020,20,1,50,8049,1,-1,0,1,1,0,1,-12,2,2,2,3,7,5,1990,1990,0,2,3,3,1,54,0,0,2,1,0,-1,2,1053,-2,0,256,1309,1,0,1,2,1339,0,0,1339,1,0,2,0,2,1,0,6,3,1,0,2,1990,1,2,484,1,1,0,0,58,0,0,90,0,-3,-2,-3,0,7,2006,5,3,180000
2899,916460070,20,1,69.22459,8098,1,-1,0,1,1,2,1,-12,2,2,2,3,6,5,2000,2000,2,2,-5,-5,-1,0,1,0,-2,1,0,1,3,1136,1,116,129,1381,1,2,1,2,1403,0,0,1403,1,0,2,0,2,1,1,5,3,0,-3,2,2000,-1,2,470,0,0,0,0,173,0,0,0,0,-3,-2,-3,0,10,2006,5,3,202000
2905,923202025,90,3,78,7020,1,-1,1,1,1,2,1,0,2,2,0,-3,7,5,1997,1997,2,2,1,1,1,200,0,1,1,1,0,2,3,1243,-2,0,45,1288,1,1,1,2,1368,0,0,1368,2,0,2,0,2,2,0,8,3,0,-3,2,1997,1,4,784,0,0,0,0,48,0,0,0,0,-3,-2,-3,0,11,2006,5,3,215000
2906,923203090,120,3,32,4500,1,-1,1,1,1,-1,1,0,2,2,-2,3,6,5,1998,1998,0,2,-5,-5,1,116,0,0,1,2,0,-1,3,897,-2,0,319,1216,1,2,1,2,1216,0,0,1216,1,0,2,0,2,1,0,5,3,0,-3,2,1998,-1,2,402,0,0,0,0,125,0,0,0,0,-3,-2,-3,0,5,2006,5,3,164000
2907,923203100,120,3,32,4500,1,-1,1,1,1,-1,1,0,2,2,-1,3,6,5,1998,1998,0,2,-5,-5,1,443,0,1,1,2,1,-1,3,1201,-2,0,36,1237,1,2,1,2,1337,0,0,1337,1,0,2,0,2,1,0,5,3,0,-3,2,1998,1,2,405,0,0,0,0,199,0,0,0,0,-3,-2,-3,0,3,2006,5,3,153500
2909,923225190,160,3,41,2665,1,-1,1,1,1,2,1,1,2,2,-1,0,5,6,1977,1977,2,2,4,4,-1,0,0,0,1,1,0,0,-2,0,-2,0,264,264,1,0,1,2,616,688,0,1304,0,0,1,1,3,1,0,5,3,1,0,0,1977,0,1,336,0,0,0,141,0,0,0,0,0,-3,-2,-3,0,5,2006,5,3,104500
2910,923225240,160,3,41,2665,1,-1,1,1,1,2,1,1,2,2,-1,0,5,6,1977,1977,2,2,4,4,-1,0,0,0,1,0,0,-1,2,548,0,173,36,757,1,2,1,2,925,550,0,1475,0,0,2,0,4,1,0,6,3,1,0,2,1977,0,1,336,0,0,0,104,26,0,0,0,0,-3,-2,-3,0,7,2006,5,3,127000
2912,923225510,20,1,58,10172,1,-1,0,1,1,2,1,0,2,2,2,3,5,7,1968,2003,2,2,-1,-1,-1,0,0,0,2,0,0,-1,2,441,-2,0,423,864,1,2,1,2,874,0,0,874,1,0,1,0,3,1,0,5,3,0,-3,2,1968,0,1,288,0,0,0,0,120,0,0,0,0,-3,-2,-3,0,10,2006,5,3,126500
2914,923226180,180,3,21,1470,1,-1,1,1,1,2,1,1,2,2,-2,-3,4,6,1970,1970,2,2,4,4,-1,0,0,0,2,1,0,1,3,522,-2,0,108,630,1,0,1,2,630,0,0,630,1,0,1,0,1,1,0,3,3,0,-3,-3,1978.132443,-2,0,0,-3,-3,0,0,0,0,0,0,0,-3,-2,-3,0,4,2006,5,3,73000
2915,923226290,160,3,21,1484,1,-1,1,1,1,2,1,1,2,2,-1,0,4,4,1972,1972,2,2,4,4,-1,0,0,0,2,0,0,-1,0,252,-2,0,294,546,1,0,1,2,546,546,0,1092,0,0,1,1,3,1,0,5,3,0,-3,2,1972,-1,1,253,0,-1,0,0,0,0,0,0,0,-3,-2,-3,0,5,2006,5,3,79400
2916,923227100,20,1,80,13384,1,-1,1,1,1,2,0,0,2,2,2,3,5,5,1969,1979,2,2,-1,-1,1,194,0,0,1,0,0,1,0,119,1,344,641,1104,1,-1,1,2,1360,0,0,1360,1,0,1,0,3,1,0,8,3,1,0,2,1969,0,1,336,0,0,0,160,0,0,0,0,0,-3,-2,-3,0,5,2006,5,3,140000
2919,923228210,160,3,21,1526,1,-1,1,1,1,2,1,1,2,2,-2,0,4,5,1970,1970,2,2,4,4,-1,0,0,0,2,0,0,-1,-2,0,-2,0,546,546,1,0,1,2,546,546,0,1092,0,0,1,1,3,1,0,5,3,0,-3,-3,1978.132443,-2,0,0,-3,-3,0,0,34,0,0,0,0,-3,2,-3,0,6,2006,5,3,79500
2920,923228260,160,3,21,1936,1,-1,1,1,1,2,1,1,2,2,-2,0,4,7,1970,1970,2,2,4,4,-1,0,0,0,2,0,0,-1,-2,0,-2,0,546,546,1,1,1,2,546,546,0,1092,0,0,1,1,3,1,0,5,3,0,-3,-3,1978.132443,-2,0,0,-3,-3,0,0,0,0,0,0,0,-3,-2,-3,0,6,2006,5,3,90500
2924,923250060,20,1,80,17400,1,-1,1,-2,1,2,0,0,2,2,2,3,5,5,1977,1977,2,2,6,6,-1,0,0,0,2,0,0,-1,2,936,-2,0,190,1126,1,-1,1,2,1126,0,0,1126,1,0,2,0,3,1,0,5,3,1,1,2,1977,0,2,484,0,0,1,295,41,0,0,0,0,-3,-2,-3,0,5,2006,5,3,160000
2926,923275080,80,1,37,7937,1,-1,0,1,1,0,1,0,2,2,2,-4,6,6,1984,1984,2,2,3,3,-1,0,0,0,2,0,0,1,3,819,-2,0,184,1003,1,0,1,2,1003,0,0,1003,1,0,1,0,3,1,0,6,3,0,-3,-2,1984,-1,2,588,0,0,0,120,0,0,0,0,0,-3,2,-3,0,3,2006,5,3,142500
2927,923276100,20,1,69.22459,8885,1,-1,0,-2,1,2,0,0,2,2,2,3,5,5,1983,1983,2,2,3,3,-1,0,0,0,2,1,0,1,1,301,2,324,239,864,1,0,1,2,902,0,0,902,1,0,1,0,2,1,0,5,3,0,-3,2,1983,-1,2,484,0,0,0,164,0,0,0,0,0,-3,1,-3,0,6,2006,5,3,131000
2928,923400125,85,1,62,10441,1,-1,1,1,1,2,1,0,2,2,2,-3,5,5,1992,1992,2,2,3,-6,-1,0,0,0,1,1,0,1,3,337,-2,0,575,912,1,0,1,2,970,0,0,970,0,1,1,0,3,1,0,6,3,0,-3,-3,1978.132443,-2,0,0,-3,-3,0,80,32,0,0,0,0,-3,1,-1,700,7,2006,5,3,132000
2929,924100070,20,1,77,10010,1,-1,1,1,1,2,0,0,2,2,2,3,5,5,1974,1975,2,2,3,3,-1,0,0,0,2,1,0,1,2,1071,-1,123,195,1389,1,1,1,2,1389,0,0,1389,1,0,1,0,2,1,0,6,3,1,0,2,1975,0,2,418,0,0,0,240,38,0,0,0,0,-3,-2,-3,0,4,2006,5,3,170000
